sample_id,prediction
PPL_5FEAF95109D8,<PATCH> E02 L024 <OLD> walks </OLD> <NEW> Tour </NEW> </PATCH> <PATCH> E03 L008 <OLD> Highway 33 Crosby Ms </OLD> <NEW> Joshua Tree </NEW> </PATCH>
PPL_29B5E6EF572A,<PATCH> E01 L025 <OLD> at 5 am </OLD> <NEW> kal din ke pehle </NEW> </PATCH> <PATCH> E02 L025 <OLD> kal din ke pehle se </OLD> <NEW> Miami </NEW> </PATCH> <PATCH> E03 L052 <OLD> Pittsburg </OLD> <NEW> Miami </NEW> </PATCH> <PATCH> E04 L025 <OLD> Pacific time 10 AM ko </OLD> <NEW> Miami </NEW> </PATCH>
PPL_D36DEDCF5667,<PATCH> E02 L010 <OLD> tv show chalu hone ke liye </OLD> <NEW> payday </NEW> </PATCH> <PATCH> E03 L025 <OLD> twenty five minutes ke liye </OLD> <NEW> Friday </NEW> </PATCH>
PPL_849A7D2942BA,<PATCH> E01 L025 <OLD> October 23rd at 345 pm cst ka </OLD> <NEW> monday </NEW> </PATCH> <PATCH> E02 L003 <OLD> Rodney </OLD> <NEW> Mere </NEW> </PATCH> <PATCH> E03 L047 <OLD> dono </OLD> <NEW> sabhi </NEW> </PATCH> <PATCH> E04 L025 <OLD> friday </OLD> <NEW> is weekend </NEW> </PATCH>
PPL_089E587D797D,<PATCH> E03 L010 <OLD> sabhi saal come to bible studdy </OLD> <NEW> subah 8 baje meri medicine lene ke liye </NEW> </PATCH> <PATCH> E04 L059 <OLD> repeating </OLD> <NEW> medicine lene ke liye </NEW> </PATCH>
PPL_368FD25B4F62,<PATCH> E01 L045 <OLD> plants </OLD> <NEW> monsoons </NEW> </PATCH> <PATCH> E04 L052 <OLD> Sioux falls </OLD> <NEW> chandler </NEW> </PATCH>
PPL_C2A04FE8CB38,<PATCH> E02 L032 <OLD> I found the cutest plush today </OLD> <NEW> I am on my way </NEW> </PATCH> <PATCH> E04 L002 <OLD> Heidi </OLD> <NEW> Kim </NEW> </PATCH>
PPL_9F5F72346396,<PATCH> E03 L010 <OLD> Boxing Day ke liye ma ke sath water the flowers </OLD> <NEW> tuesday </NEW> </PATCH>
PPL_36FFD3CD9850,<PATCH> E01 L025 <OLD> September 13th ko 1 pm ko </OLD> <NEW> iss mahine ke </NEW> </PATCH> <PATCH> E02 L033 <OLD> Octoberfest </OLD> <NEW> Billy Joel </NEW> </PATCH> <PATCH> E03 L024 <OLD> award show </OLD> <NEW> Billy Joel ke concerts </NEW> </PATCH>
PPL_A60F4FDD288C,<PATCH> E02 L010 <OLD> application fill karne </OLD> <NEW> new alarms set ke liye </NEW> </PATCH> <PATCH> E03 L025 <OLD> around 8 : 30 am tomorrow </OLD> <NEW> September 1st par </NEW> </PATCH>
PPL_E1C77B1243B3,<PATCH> E01 L048 <OLD> Count down </OLD> <NEW> timer </NEW> </PATCH> <PATCH> E03 L025 <OLD> May ke din subha 8 baje </OLD> <NEW> ghanta </NEW> </PATCH>
PPL_44E56A2A42E6,<PATCH> E02 L010 <OLD> carrots pickup karne </OLD> <NEW> craft meeting </NEW> </PATCH> <PATCH> E03 L010 <OLD> mom reminders se </OLD> <NEW> craft meeting </NEW> </PATCH>
PPL_66661EC0BC5E,<PATCH> E01 L048 <OLD> time out karne ke liye </OLD> <NEW> timer </NEW> </PATCH> <PATCH> E02 L048 <OLD> timer countdown </OLD> <NEW> timer </NEW> </PATCH> <PATCH> E04 L025 <OLD> at 5 : 30 on Thursday evening </OLD> <NEW> 10 minute aur </NEW> </PATCH>
PPL_FCEA33A32C32,<PATCH> E01 L002 <OLD> Mary Wells </OLD> <NEW> Trevor </NEW> </PATCH> <PATCH> E02 L002 <OLD> Sven </OLD> <NEW> Trevor </NEW> </PATCH> <PATCH> E03 L032 <OLD> return by 5 pm </OLD> <NEW> hum Ohio mei 19th Tuesday ko rahinge </NEW> </PATCH>
PPL_7ABDA78ADC40,<PATCH> E01 L019 <OLD> Brookfield </OLD> <NEW> dallas </NEW> </PATCH> <PATCH> E03 L049 <OLD> Los Feliz </OLD> <NEW> phoenix </NEW> </PATCH> <PATCH> E04 L019 <OLD> Oakland </OLD> <NEW> phoenix </NEW> </PATCH>
PPL_79DF2457AF81,<PATCH> E01 L049 <OLD> canada </OLD> <NEW> Laughlin </NEW> </PATCH> <PATCH> E02 L019 <OLD> Griffin </OLD> <NEW> Las Vegas </NEW> </PATCH> <PATCH> E04 L019 <OLD> bos </OLD> <NEW> Las Vegas </NEW> </PATCH>
PPL_8B0C78A34E13,<PATCH> E01 L049 <OLD> orange county </OLD> <NEW> atlanta </NEW> </PATCH> <PATCH> E03 L019 <OLD> Lynchburg </OLD> <NEW> miami </NEW> </PATCH>
PPL_0DFB37C377C2,<PATCH> E02 L002 <OLD> Rosanne </OLD> <NEW> Patty ' s Cakes </NEW> </PATCH> <PATCH> E03 L002 <OLD> Trent </OLD> <NEW> Patty ' s Cakes </NEW> </PATCH> <PATCH> E04 L032 <OLD> uska home show ke liye shift mil gaya hai </OLD> <NEW> mai July ka event attend nahi karunga </NEW> </PATCH>
PPL_59C6EB6E49D6,<PATCH> E02 L025 <OLD> 1 : 30 p . m ke liye </OLD> <NEW> aaj </NEW> </PATCH> <PATCH> E03 L025 <OLD> Friday ko 15th april ko 4 pm ke liye </OLD> <NEW> aaj </NEW> </PATCH> <PATCH> E04 L025 <OLD> 5 aur 6 ke liye </OLD> <NEW> aaj </NEW> </PATCH>
PPL_D6E8F6C4B5EE,<PATCH> E02 L048 <OLD> timer suspend </OLD> <NEW> timer </NEW> </PATCH> <PATCH> E04 L036 <OLD> ande </OLD> <NEW> sleep </NEW> </PATCH>
PPL_DC0032BAE3C2,<PATCH> E01 L045 <OLD> foggiest </OLD> <NEW> cloudy </NEW> </PATCH> <PATCH> E02 L045 <OLD> saturday christmas </OLD> <NEW> cloudy </NEW> </PATCH>
PPL_3406AECE7CED,<PATCH> E01 L025 <OLD> Friday ko 2 am ke liye </OLD> <NEW> agle Easter weekend ke liye </NEW> </PATCH> <PATCH> E02 L052 <OLD> United States </OLD> <NEW> Southampton </NEW> </PATCH> <PATCH> E03 L052 <OLD> destin </OLD> <NEW> Southampton </NEW> </PATCH> <PATCH> E04 L052 <OLD> Highway 44 </OLD> <NEW> Southampton </NEW> </PATCH>
PPL_607523DF9E43,"<PATCH> E01 L019 <OLD> Canton , NC </OLD> <NEW> st pete </NEW> </PATCH> <PATCH> E02 L049 <OLD> Stuart </OLD> <NEW> sarasota </NEW> </PATCH> <PATCH> E03 L019 <OLD> 168 freeway </OLD> <NEW> st pete </NEW> </PATCH> <PATCH> E04 L049 <OLD> Manchester NH </OLD> <NEW> sarasota </NEW> </PATCH>"
PPL_26BE3377B918,<PATCH> E02 L010 <OLD> Kal restaurant reservation </OLD> <NEW> Kal mere grorcery order ko pick up </NEW> </PATCH> <PATCH> E03 L025 <OLD> Is subha 11 am ke liye </OLD> <NEW> Kal </NEW> </PATCH> <PATCH> E04 L059 <OLD> Lauryn </OLD> <NEW> mere grorcery order ko pick up </NEW> </PATCH>
PPL_E2C2AD6F0B14,<PATCH> E01 L052 <OLD> bayside </OLD> <NEW> Los Angeles </NEW> </PATCH> <PATCH> E03 L025 <OLD> dopaher 12 : 30 baje </OLD> <NEW> abhi </NEW> </PATCH> <PATCH> E04 L052 <OLD> Trenton </OLD> <NEW> Los Angeles </NEW> </PATCH>
PPL_3FE819E041B7,<PATCH> E01 L032 <OLD> freezer se chicken baahar nikalne ke liye </OLD> <NEW> I'll be late due to heavy </NEW> </PATCH> <PATCH> E03 L032 <OLD> mere Ollie Henderson </OLD> <NEW> I'll be late due to heavy </NEW> </PATCH> <PATCH> E04 L032 <OLD> That ' s cute </OLD> <NEW> I'll be late due to heavy </NEW> </PATCH>
PPL_DDA836E4982A,<PATCH> E01 L032 <OLD> appointment 4 in the afternoon </OLD> <NEW> invite him to the fundraiser event on the 20th </NEW> </PATCH> <PATCH> E02 L032 <OLD> I ’ d like to go bike riding this weekend </OLD> <NEW> invite him to the fundraiser event on the 20th </NEW> </PATCH> <PATCH> E03 L002 <OLD> Sinnead </OLD> <NEW> Todd </NEW> </PATCH> <PATCH> E04 L002 <OLD> Sandra B </OLD> <NEW> Todd </NEW> </PATCH>
PPL_CA602A794682,<PATCH> E02 L032 <OLD> roads saaf hai aas paas uske ghar ke paas </OLD> <NEW> chalo aj mall chalte hai </NEW> </PATCH> <PATCH> E04 L002 <OLD> Dorothy </OLD> <NEW> Peter </NEW> </PATCH>
PPL_3DB73B9CA73C,<PATCH> E01 L025 <OLD> kal 4 : 45 p . m ko </OLD> <NEW> 2 minutes </NEW> </PATCH> <PATCH> E03 L048 <OLD> resume </OLD> <NEW> timer </NEW> </PATCH> <PATCH> E04 L025 <OLD> Monday 2 30 pm se </OLD> <NEW> 2 minutes </NEW> </PATCH>
PPL_D6B4E25D73D2,<PATCH> E02 L025 <OLD> ek ghante par </OLD> <NEW> aaj </NEW> </PATCH> <PATCH> E03 L025 <OLD> kal 9 pm ko </OLD> <NEW> aaj </NEW> </PATCH>
PPL_D67C7E0D0D4D,<PATCH> E01 L024 <OLD> barf skating </OLD> <NEW> car shows </NEW> </PATCH> <PATCH> E02 L052 <OLD> Hwy 155 </OLD> <NEW> Dalles </NEW> </PATCH>
PPL_F3F94D5143B4,<PATCH> E02 L048 <OLD> stopwatch </OLD> <NEW> timer </NEW> </PATCH> <PATCH> E03 L025 <OLD> 6 : 00 am </OLD> <NEW> 40 minute </NEW> </PATCH> <PATCH> E04 L025 <OLD> subah 4 : 45 ke liye </OLD> <NEW> 40 minute </NEW> </PATCH>
PPL_E7D1BE9EF8D2,"<PATCH> E01 L025 <OLD> 2 : 50 </OLD> <NEW> 30 seconds se </NEW> </PATCH> <PATCH> E02 L025 <OLD> 9 AM </OLD> <NEW> 30 seconds se </NEW> </PATCH> <PATCH> E03 L048 <OLD> timer, </OLD> <NEW> timer </NEW> </PATCH> <PATCH> E04 L025 <OLD> is wednesday subah 5 baje ko </OLD> <NEW> 30 seconds se </NEW> </PATCH>"
PPL_C22C53901751,<PATCH> E01 L010 <OLD> payment collect karne karne ke liye </OLD> <NEW> swimming lessons </NEW> </PATCH> <PATCH> E02 L023 <OLD> 12th 2 pm ko </OLD> <NEW> Sunday subha 8 baje se </NEW> </PATCH> <PATCH> E03 L003 <OLD> BAND </OLD> <NEW> Mere </NEW> </PATCH> <PATCH> E04 L023 <OLD> next Friday </OLD> <NEW> Sunday subha 8 baje se Saturday subha 8 baje me badal do aur appointment ko </NEW> </PATCH>
PPL_F881AE459C9B,<PATCH> E01 L025 <OLD> last nights mujhe liye </OLD> <NEW> agle hafte tak </NEW> </PATCH> <PATCH> E02 L025 <OLD> 8th August ko subah 9 bajhe </OLD> <NEW> agle hafte tak </NEW> </PATCH> <PATCH> E04 L010 <OLD> party planning meeting </OLD> <NEW> dog food khareedne </NEW> </PATCH>
PPL_8F4E527DFEF2,<PATCH> E01 L025 <OLD> the 25th </OLD> <NEW> kal ke liye </NEW> </PATCH> <PATCH> E02 L052 <OLD> Michigan Ave </OLD> <NEW> Bournemouth </NEW> </PATCH> <PATCH> E03 L052 <OLD> grafton </OLD> <NEW> Bournemouth </NEW> </PATCH>
PPL_1251D8928158,<PATCH> E03 L010 <OLD> mom ke visit </OLD> <NEW> mere doctor ki appointment </NEW> </PATCH> <PATCH> E04 L025 <OLD> 4 00 p . m ko </OLD> <NEW> Is hafte </NEW> </PATCH>
PPL_5E3D46DAAC3E,<PATCH> E01 L025 <OLD> Friday raat ke liye </OLD> <NEW> kal subah 8 bajhe </NEW> </PATCH> <PATCH> E02 L025 <OLD> subah 5 baje ke liye </OLD> <NEW> kal subah 8 bajhe </NEW> </PATCH> <PATCH> E03 L003 <OLD> art camp </OLD> <NEW> mujhe </NEW> </PATCH> <PATCH> E04 L002 <OLD> Soo </OLD> <NEW> Lisa </NEW> </PATCH>
PPL_5A74FADB7158,<PATCH> E01 L025 <OLD> next month me </OLD> <NEW> kal </NEW> </PATCH> <PATCH> E04 L045 <OLD> garam kapdo </OLD> <NEW> sunny </NEW> </PATCH>
PPL_D4E77D1C9F54,<PATCH> E01 L008 <OLD> gonzales </OLD> <NEW> Lincoln Tunnel </NEW> </PATCH> <PATCH> E02 L008 <OLD> malfunction junction </OLD> <NEW> Lincoln Tunnel </NEW> </PATCH> <PATCH> E04 L025 <OLD> tuesday march 5 ko 8 am ke liye </OLD> <NEW> aaj </NEW> </PATCH>
PPL_B6492BEBD736,<PATCH> E02 L010 <OLD> Ruby homeowner ' s fee pay karne </OLD> <NEW> meri doctor ki appointment </NEW> </PATCH>
PPL_3D69BB78E9AD,<PATCH> E01 L025 <OLD> subha 10 baje </OLD> <NEW> aaj </NEW> </PATCH> <PATCH> E02 L025 <OLD> Tuesday ko 2nd </OLD> <NEW> aaj </NEW> </PATCH> <PATCH> E03 L045 <OLD> beanie </OLD> <NEW> barf </NEW> </PATCH>
PPL_5A30B69C2F64,<PATCH> E01 L045 <OLD> singlet </OLD> <NEW> baarish </NEW> </PATCH> <PATCH> E03 L025 <OLD> subah 4 bajhe </OLD> <NEW> wednesday ko </NEW> </PATCH>
PPL_C6AA8EA584A8,<PATCH> E01 L010 <OLD> Adam ko pick karne </OLD> <NEW> crocs shoes return </NEW> </PATCH> <PATCH> E03 L025 <OLD> Monday 8 pm ke liye </OLD> <NEW> Kal </NEW> </PATCH>
PPL_6F6CB71918E0,<PATCH> E01 L003 <OLD> Family </OLD> <NEW> Mujhe </NEW> </PATCH> <PATCH> E02 L025 <OLD> next month </OLD> <NEW> Saturday dopahar </NEW> </PATCH> <PATCH> E04 L013 <OLD> har TUESDAY </OLD> <NEW> har Saturday </NEW> </PATCH>
PPL_511A80A9343F,"<PATCH> E02 L010 <OLD> bedtime par </OLD> <NEW> leaves ko rake karne ke liye </NEW> </PATCH> <PATCH> E04 L025 <OLD> Monday to Friday , 1 pm </OLD> <NEW> kal subha </NEW> </PATCH>"
PPL_F7095E2A981E,"<PATCH> E01 L025 <OLD> pehle </OLD> <NEW> Agle hafte </NEW> </PATCH> <PATCH> E03 L020 <OLD> Adelaide , Australia </OLD> <NEW> Broadway </NEW> </PATCH>"
PPL_76B7BF8CBAB1,<PATCH> E02 L010 <OLD> cade mom and dads party </OLD> <NEW> mere lunch </NEW> </PATCH> <PATCH> E04 L018 <OLD> repeating </OLD> <NEW> lunch </NEW> </PATCH>
PPL_150113FB211D,<PATCH> E03 L002 <OLD> Craig </OLD> <NEW> Maggie </NEW> </PATCH>
PPL_28BFE95B3EB7,<PATCH> E02 L002 <OLD> mere lynn </OLD> <NEW> Ronnie </NEW> </PATCH> <PATCH> E04 L002 <OLD> Theo </OLD> <NEW> Ronnie </NEW> </PATCH>
PPL_718DD7DF6F93,<PATCH> E02 L018 <OLD> sun </OLD> <NEW> Pull </NEW> </PATCH> <PATCH> E03 L010 <OLD> Bible Study </OLD> <NEW> swim team meetings </NEW> </PATCH>
PPL_24747B9A5B3A,<PATCH> E04 L004 <OLD> playlists </OLD> <NEW> sangeet </NEW> </PATCH>
PPL_BAFC4E4D61D4,<PATCH> E01 L010 <OLD> jab wo aaye toh meri book sath me laaye </OLD> <NEW> items buy </NEW> </PATCH> <PATCH> E03 L025 <OLD> Tuesday 3rd ko dopahar </OLD> <NEW> kal </NEW> </PATCH> <PATCH> E04 L010 <OLD> stop and get mayo </OLD> <NEW> kal items buy hai </NEW> </PATCH>
PPL_9083B5B0F913,<PATCH> E01 L049 <OLD> Main Street </OLD> <NEW> Phoenix </NEW> </PATCH>
PPL_7301D56E7870,<PATCH> E01 L025 <OLD> 3 oclock ke liye </OLD> <NEW> aj </NEW> </PATCH> <PATCH> E03 L025 <OLD> from 8 </OLD> <NEW> aj </NEW> </PATCH>
PPL_D8F1DC3E0440,<PATCH> E02 L032 <OLD> he is attending this year ' s Homecoming Weekend </OLD> <NEW> concerts 4 baje shuru hota hai </NEW> </PATCH> <PATCH> E03 L032 <OLD> wow ! I will </OLD> <NEW> Moana ko message karo ki concerts 4 baje shuru hota hai </NEW> </PATCH> <PATCH> E04 L032 <OLD> The Palm </OLD> <NEW> Moana ko message karo ki concerts 4 baje shuru hota hai </NEW> </PATCH>
PPL_576BE25680BA,<PATCH> E04 L045 <OLD> snowboots </OLD> <NEW> freezing </NEW> </PATCH>
PPL_5FF67B0ED69E,<PATCH> E01 L007 <OLD> number 1 dixieland jazz </OLD> <NEW> christian </NEW> </PATCH> <PATCH> E02 L004 <OLD> Song </OLD> <NEW> Music </NEW> </PATCH> <PATCH> E04 L004 <OLD> song list </OLD> <NEW> Music </NEW> </PATCH>
PPL_ECE3ECD62516,<PATCH> E01 L032 <OLD> mai agle hafte performance me nahi rahunga </OLD> <NEW> mai library time se pehle pahunch jaunga </NEW> </PATCH> <PATCH> E03 L002 <OLD> 6th floor </OLD> <NEW> Rich </NEW> </PATCH>
PPL_44708864BC38,<PATCH> E01 L025 <OLD> Sept . 6 se ek week pehle </OLD> <NEW> 2 hours ke liye </NEW> </PATCH> <PATCH> E04 L048 <OLD> Timers </OLD> <NEW> timer </NEW> </PATCH>
PPL_A120D03835A5,<PATCH> E03 L010 <OLD> online application fill karne </OLD> <NEW> break lene </NEW> </PATCH>
PPL_CDFCF80CAE68,<PATCH> E01 L025 <OLD> May ki 26th ke liye </OLD> <NEW> is week </NEW> </PATCH> <PATCH> E04 L052 <OLD> Madrid </OLD> <NEW> st louis </NEW> </PATCH>
PPL_2755028E567D,<PATCH> E02 L003 <OLD> camping chuttiyon </OLD> <NEW> mujhe </NEW> </PATCH> <PATCH> E03 L010 <OLD> email dwara </OLD> <NEW> chuttiyon se lautne ke baad computer thik karane </NEW> </PATCH> <PATCH> E04 L010 <OLD> Jing ghar jaate samay raaste me bread lene </OLD> <NEW> chuttiyon se lautne ke baad computer thik karane </NEW> </PATCH>
PPL_1127FBCF51A0,<PATCH> E01 L025 <OLD> 1 : 30 p . m ke liye </OLD> <NEW> 20 minutes ke liye </NEW> </PATCH> <PATCH> E03 L048 <OLD> timeout </OLD> <NEW> timer </NEW> </PATCH> <PATCH> E04 L025 <OLD> 1 : 30 p . m ke liye </OLD> <NEW> 20 minutes ke liye </NEW> </PATCH>
PPL_5D268CB45321,<PATCH> E02 L002 <OLD> Tori </OLD> <NEW> betsy </NEW> </PATCH> <PATCH> E03 L032 <OLD> a map and her address because I ' m lost </OLD> <NEW> how long the drive is from my house to hers </NEW> </PATCH>
PPL_5BF64BAC9579,<PATCH> E01 L002 <OLD> engineer Hermann </OLD> <NEW> Bill </NEW> </PATCH> <PATCH> E02 L002 <OLD> debbie </OLD> <NEW> Bill </NEW> </PATCH> <PATCH> E03 L002 <OLD> Manny </OLD> <NEW> Bill </NEW> </PATCH>
PPL_2281B91666A8,<PATCH> E02 L025 <OLD> 9th January ko 7 pm ko </OLD> <NEW> Kal </NEW> </PATCH> <PATCH> E03 L025 <OLD> is evening 5 pm and 7 pm ke liye </OLD> <NEW> Kal </NEW> </PATCH> <PATCH> E04 L025 <OLD> 2 : am ke liye </OLD> <NEW> Kal </NEW> </PATCH>
PPL_976BCF6DF412,<PATCH> E01 L025 <OLD> Friday ko 7 bajhe </OLD> <NEW> aaj </NEW> </PATCH> <PATCH> E03 L045 <OLD> stars </OLD> <NEW> barf </NEW> </PATCH>
PPL_74A5242E42C3,<PATCH> E03 L045 <OLD> swimsuit </OLD> <NEW> cold </NEW> </PATCH> <PATCH> E04 L052 <OLD> I - 5 corridor </OLD> <NEW> Vermont </NEW> </PATCH>
PPL_FB48EEFAD319,<PATCH> E01 L025 <OLD> May 31st ko 8 pm ke liye </OLD> <NEW> Aaj </NEW> </PATCH> <PATCH> E03 L045 <OLD> chilly </OLD> <NEW> dew point </NEW> </PATCH>
PPL_32A541E33172,<PATCH> E02 L045 <OLD> baadal </OLD> <NEW> below </NEW> </PATCH> <PATCH> E04 L025 <OLD> 5 pm aur 6 pm ke liye </OLD> <NEW> aaj raat </NEW> </PATCH>
PPL_6EF666F4CE63,<PATCH> E01 L003 <OLD> Bob </OLD> <NEW> mujhe </NEW> </PATCH> <PATCH> E04 L013 <OLD> every other wednesday night at 8 to personal trainer sessions </OLD> <NEW> recycling </NEW> </PATCH>
PPL_7087C9786251,<PATCH> E02 L044 <OLD> Best classical </OLD> <NEW> country </NEW> </PATCH> <PATCH> E03 L004 <OLD> Play list </OLD> <NEW> music </NEW> </PATCH> <PATCH> E04 L004 <OLD> Radio </OLD> <NEW> music </NEW> </PATCH>
PPL_FF1EEED9C2F6,<PATCH> E02 L025 <OLD> 7 minute timer </OLD> <NEW> aj </NEW> </PATCH> <PATCH> E04 L052 <OLD> E 470 </OLD> <NEW> Texarkana </NEW> </PATCH>
PPL_0D8B6AC36069,<PATCH> E02 L049 <OLD> Mayfield Heights </OLD> <NEW> Parma </NEW> </PATCH> <PATCH> E03 L019 <OLD> California </OLD> <NEW> Cleveland </NEW> </PATCH> <PATCH> E04 L058 <OLD> milage </OLD> <NEW> mileage </NEW> </PATCH>
PPL_EA9867EB37E9,<PATCH> E01 L052 <OLD> kingman </OLD> <NEW> Seattle </NEW> </PATCH> <PATCH> E03 L045 <OLD> 50 watch chal </OLD> <NEW> baarish </NEW> </PATCH>
PPL_924692AFFC6B,<PATCH> E02 L025 <OLD> kal subah 7 bajhe </OLD> <NEW> ke liye </NEW> </PATCH> <PATCH> E04 L010 <OLD> sabhi senior citizens </OLD> <NEW> mere Monday </NEW> </PATCH>
PPL_0EC900570CE1,<PATCH> E01 L010 <OLD> Owen </OLD> <NEW> review submit karne ke liye Xander liye </NEW> </PATCH> <PATCH> E02 L025 <OLD> 10 PM goldfish par check karne ke liye </OLD> <NEW> 3pm ko </NEW> </PATCH> <PATCH> E03 L010 <OLD> Xander liye </OLD> <NEW> review submit </NEW> </PATCH>
PPL_39F343A70422,<PATCH> E01 L010 <OLD> red hat news letter ko send karne </OLD> <NEW> dentist ki appointment lene </NEW> </PATCH> <PATCH> E04 L025 <OLD> 2 minutes ke liye </OLD> <NEW> next month me </NEW> </PATCH>
PPL_CD11E6A3F962,<PATCH> E01 L025 <OLD> evening 10 pm ke liye </OLD> <NEW> aj </NEW> </PATCH> <PATCH> E02 L045 <OLD> zero se neeche </OLD> <NEW> barish </NEW> </PATCH>
PPL_6AF26476A1DC,<PATCH> E01 L052 <OLD> sanford </OLD> <NEW> California </NEW> </PATCH> <PATCH> E04 L052 <OLD> Ft Smith </OLD> <NEW> California </NEW> </PATCH>
PPL_0758B3ABCA2D,<PATCH> E02 L045 <OLD> 2 layers of clothes </OLD> <NEW> umbrella </NEW> </PATCH> <PATCH> E03 L045 <OLD> lows </OLD> <NEW> umbrella </NEW> </PATCH> <PATCH> E04 L025 <OLD> is evening 5 pm and 7 pm ke liye </OLD> <NEW> Today </NEW> </PATCH>
PPL_2E68D9144F69,<PATCH> E01 L013 <OLD> Har wednesday tuesday </OLD> <NEW> Har wednesday dopahar ke aas pass </NEW> </PATCH> <PATCH> E02 L013 <OLD> Har mahine ki 5th ko </OLD> <NEW> Har wednesday </NEW> </PATCH> <PATCH> E03 L010 <OLD> dinner meetings </OLD> <NEW> plants ko paani </NEW> </PATCH> <PATCH> E04 L010 <OLD> Jennifer ki homecoming </OLD> <NEW> plants ko paani </NEW> </PATCH>
PPL_0B1D3B4F4CCC,<PATCH> E01 L004 <OLD> 80s Hits </OLD> <NEW> 80s songs </NEW> </PATCH> <PATCH> E02 L044 <OLD> rock and roll </OLD> <NEW> 80s </NEW> </PATCH> <PATCH> E03 L044 <OLD> metal </OLD> <NEW> 80s </NEW> </PATCH>
PPL_DA48A1DBC695,<PATCH> E02 L025 <OLD> Family Friday 3rd se sat 4th tak </OLD> <NEW> ek ghante me </NEW> </PATCH>
PPL_49052E25A421,<PATCH> E02 L048 <OLD> thirty minute </OLD> <NEW> timer </NEW> </PATCH>
PPL_50CBB346AEA7,<PATCH> E02 L019 <OLD> mera destination </OLD> <NEW> Lousville </NEW> </PATCH> <PATCH> E04 L049 <OLD> miami </OLD> <NEW> Nashville </NEW> </PATCH>
PPL_79C8CE10AC7D,<PATCH> E01 L045 <OLD> pollen count </OLD> <NEW> hottest </NEW> </PATCH> <PATCH> E03 L025 <OLD> Kal evening 4 o ' clock ko </OLD> <NEW> is hafte </NEW> </PATCH>
PPL_4BAC5E8264ED,<PATCH> E01 L045 <OLD> SPF </OLD> <NEW> UV rating </NEW> </PATCH> <PATCH> E02 L025 <OLD> 7p ke liye </OLD> <NEW> Today </NEW> </PATCH> <PATCH> E04 L025 <OLD> abhi se 8 minutes ke liye </OLD> <NEW> Today </NEW> </PATCH>
PPL_654EA2114CB8,<PATCH> E01 L010 <OLD> Bradley ke birthday gift </OLD> <NEW> aaj raat 8 baje bed par jaane </NEW> </PATCH>
PPL_FE10B50D7274,"<PATCH> E02 L049 <OLD> Cairo </OLD> <NEW> Bay Minette , AL </NEW> </PATCH> <PATCH> E03 L019 <OLD> Loyola </OLD> <NEW> Nashville , TN </NEW> </PATCH> <PATCH> E04 L019 <OLD> Seattle , Washington </OLD> <NEW> Nashville , TN </NEW> </PATCH>"
PPL_28C0454069AB,<PATCH> E01 L025 <OLD> work week ko </OLD> <NEW> Aaj </NEW> </PATCH> <PATCH> E02 L060 <OLD> Centigrade </OLD> <NEW> fahrenheit </NEW> </PATCH> <PATCH> E03 L060 <OLD> celsius </OLD> <NEW> fahrenheit </NEW> </PATCH> <PATCH> E04 L052 <OLD> Big Sur </OLD> <NEW> london </NEW> </PATCH>
PPL_8BC6CE00E1B4,<PATCH> E02 L025 <OLD> dopahar 3 baje aur sham 4 baje ke liye </OLD> <NEW> aaj se </NEW> </PATCH> <PATCH> E04 L003 <OLD> Allie </OLD> <NEW> flooring company </NEW> </PATCH>
PPL_69BE16AB4D9A,<PATCH> E01 L025 <OLD> 5th august </OLD> <NEW> currently </NEW> </PATCH> <PATCH> E03 L025 <OLD> Sunday ko midday ko </OLD> <NEW> currently </NEW> </PATCH> <PATCH> E04 L052 <OLD> hwy 45 </OLD> <NEW> i - 90 </NEW> </PATCH>
PPL_9D64366484C7,<PATCH> E01 L002 <OLD> Sanaya </OLD> <NEW> Jenny </NEW> </PATCH> <PATCH> E02 L032 <OLD> I had a good night last night </OLD> <NEW> aapke new home ke liye congratulations. </NEW> </PATCH>
PPL_5C2259B3204C,<PATCH> E02 L010 <OLD> ice pick up karne ke liye </OLD> <NEW> dinner se is hafte ke liye </NEW> </PATCH> <PATCH> E04 L010 <OLD> next 3 monthske liye </OLD> <NEW> is hafte ke liye </NEW> </PATCH>
PPL_DC34FE7A6F33,<PATCH> E04 L032 <OLD> mujhe asian food nahi pasand hai </OLD> <NEW> I ' ll be a little late today </NEW> </PATCH>
PPL_07F4D068479A,<PATCH> E03 L010 <OLD> Sherman </OLD> <NEW> mera </NEW> </PATCH> <PATCH> E04 L010 <OLD> soccer starts </OLD> <NEW> mera </NEW> </PATCH>
PPL_78FB91A442AB,<PATCH> E02 L025 <OLD> saturday subah 10 baje </OLD> <NEW> 5 minutes </NEW> </PATCH> <PATCH> E03 L048 <OLD> Stopwatch </OLD> <NEW> timer </NEW> </PATCH> <PATCH> E04 L048 <OLD> timeout timer </OLD> <NEW> timer </NEW> </PATCH>
PPL_9905816EDA36,<PATCH> E01 L045 <OLD> wind breaker </OLD> <NEW> baarish </NEW> </PATCH> <PATCH> E02 L025 <OLD> Aaj shaam 4 baje </OLD> <NEW> aaj sham baarish baad </NEW> </PATCH> <PATCH> E04 L025 <OLD> aj 8 pm aur 9 pm ko </OLD> <NEW> aaj sham baarish baad </NEW> </PATCH>
PPL_0A8DFA73924D,<PATCH> E01 L048 <OLD> STOPWATCH ko </OLD> <NEW> timer </NEW> </PATCH> <PATCH> E02 L048 <OLD> 2 hours </OLD> <NEW> timer </NEW> </PATCH> <PATCH> E03 L025 <OLD> next Thursday </OLD> <NEW> 45 minutes </NEW> </PATCH> <PATCH> E04 L025 <OLD> May 7th to 10th </OLD> <NEW> 45 minutes </NEW> </PATCH>
PPL_FB2796D4EC9F,<PATCH> E02 L045 <OLD> snowfall </OLD> <NEW> nami </NEW> </PATCH> <PATCH> E03 L052 <OLD> Provo </OLD> <NEW> Houston </NEW> </PATCH>
PPL_743556CE7CD5,<PATCH> E01 L025 <OLD> agle SATURDAY </OLD> <NEW> two minute </NEW> </PATCH> <PATCH> E03 L048 <OLD> countdown timer </OLD> <NEW> timer </NEW> </PATCH> <PATCH> E04 L057 <OLD> kal subha </OLD> <NEW> two minute </NEW> </PATCH>
PPL_BE8F15F87619,<PATCH> E02 L032 <OLD> kal band hone se kya mujhe samajhta hai </OLD> <NEW> mujhe Burger King me lunch ke liye mile </NEW> </PATCH> <PATCH> E04 L002 <OLD> Mss . Hannigan </OLD> <NEW> sue </NEW> </PATCH>
PPL_0408BED17E31,<PATCH> E01 L056 <OLD> Band </OLD> <NEW> family </NEW> </PATCH> <PATCH> E03 L010 <OLD> Chris ke wedding </OLD> <NEW> party </NEW> </PATCH> <PATCH> E04 L025 <OLD> aaj ke baaki din ke liye </OLD> <NEW> agle sunday sham 5 baje </NEW> </PATCH>
PPL_6869DC012222,<PATCH> E01 L025 <OLD> Schertz mei </OLD> <NEW> Is mahine </NEW> </PATCH> <PATCH> E04 L025 <OLD> saal ke end ke liye </OLD> <NEW> Is mahine </NEW> </PATCH>
PPL_59FC5D9AF6AC,<PATCH> E01 L048 <OLD> Timers </OLD> <NEW> timer </NEW> </PATCH> <PATCH> E03 L025 <OLD> 12 mins ke liye </OLD> <NEW> 30 minutes </NEW> </PATCH>
PPL_24C04877411D,<PATCH> E02 L025 <OLD> August 28th ko 5 pm ko </OLD> <NEW> Is Sunday ke liye </NEW> </PATCH> <PATCH> E03 L024 <OLD> Jazz performances </OLD> <NEW> charitable fundraisers </NEW> </PATCH> <PATCH> E04 L025 <OLD> monday subah 12 baje ke liye </OLD> <NEW> Is Sunday ke liye </NEW> </PATCH>
PPL_D5897FA5F4B6,<PATCH> E01 L048 <OLD> count </OLD> <NEW> timer </NEW> </PATCH> <PATCH> E04 L025 <OLD> 8 Pm ko </OLD> <NEW> 20 minutes ke liye </NEW> </PATCH>
PPL_CE928BF3EBDB,<PATCH> E02 L025 <OLD> Saturday evening ke liye </OLD> <NEW> aj </NEW> </PATCH> <PATCH> E03 L045 <OLD> COLD </OLD> <NEW> garmi </NEW> </PATCH>
PPL_EEE61986AC19,<PATCH> E01 L025 <OLD> 1 : 00 am ke liye </OLD> <NEW> aaj </NEW> </PATCH> <PATCH> E04 L052 <OLD> Paris </OLD> <NEW> Rome </NEW> </PATCH>
PPL_BFADE5F60956,<PATCH> E01 L025 <OLD> sunday 3 am ke liye </OLD> <NEW> Is weekend </NEW> </PATCH> <PATCH> E04 L024 <OLD> Runway shows </OLD> <NEW> music event </NEW> </PATCH>
PPL_BEF77B95DEED,<PATCH> E02 L004 <OLD> sangeet </OLD> <NEW> music </NEW> </PATCH> <PATCH> E03 L011 <OLD> hair </OLD> <NEW> reggae </NEW> </PATCH> <PATCH> E04 L004 <OLD> Band </OLD> <NEW> music </NEW> </PATCH>
PPL_B83649D2CF83,<PATCH> E02 L052 <OLD> bolivia </OLD> <NEW> kona side </NEW> </PATCH> <PATCH> E03 L025 <OLD> agle hafte 8th september ko 9 pm ke liye </OLD> <NEW> aaj </NEW> </PATCH>
PPL_665BF0D7E0B8,<PATCH> E03 L025 <OLD> Saturday par subha 8 baje ke liye </OLD> <NEW> 33 minutes </NEW> </PATCH> <PATCH> E04 L048 <OLD> 2 hours </OLD> <NEW> Timer </NEW> </PATCH>
PPL_3B173037BCA6,<PATCH> E01 L003 <OLD> writing </OLD> <NEW> mujhe </NEW> </PATCH> <PATCH> E02 L025 <OLD> Dixie </OLD> <NEW> kal </NEW> </PATCH> <PATCH> E04 L025 <OLD> pichle do ghante se </OLD> <NEW> kal </NEW> </PATCH>
PPL_32C26BC1F712,<PATCH> E01 L048 <OLD> snooze </OLD> <NEW> timer </NEW> </PATCH> <PATCH> E03 L025 <OLD> 10 mins </OLD> <NEW> dhaee ghante ke liye </NEW> </PATCH>
PPL_76805F047A66,<PATCH> E01 L025 <OLD> Wednesday sham 4 : 20 ke liye </OLD> <NEW> 3 minutes </NEW> </PATCH> <PATCH> E02 L048 <OLD> samay </OLD> <NEW> timer </NEW> </PATCH>
PPL_D6C90A91F701,<PATCH> E01 L044 <OLD> authentic </OLD> <NEW> Christmas </NEW> </PATCH> <PATCH> E02 L004 <OLD> releases </OLD> <NEW> music </NEW> </PATCH>
PPL_2DEC0FD34648,<PATCH> E02 L024 <OLD> Church blessings of pets </OLD> <NEW> parties </NEW> </PATCH> <PATCH> E03 L025 <OLD> is Thursday par </OLD> <NEW> New Year ki Eve </NEW> </PATCH> <PATCH> E04 L052 <OLD> the 105 </OLD> <NEW> Los Angeles </NEW> </PATCH>
PPL_C146C58FBF5F,<PATCH> E01 L032 <OLD> bus lene ke liye </OLD> <NEW> party </NEW> </PATCH> <PATCH> E02 L002 <OLD> Lytheria </OLD> <NEW> Mike </NEW> </PATCH>
PPL_51C1BB1F3874,<PATCH> E01 L013 <OLD> har Saturday night me </OLD> <NEW> Sundays me </NEW> </PATCH> <PATCH> E03 L010 <OLD> Joanne Sundays me veterinarian </OLD> <NEW> mujhe Sundays DVR America ' s Got Talent </NEW> </PATCH>
PPL_D88737DBB721,<PATCH> E01 L025 <OLD> 1 ghante ka </OLD> <NEW> is week </NEW> </PATCH> <PATCH> E02 L008 <OLD> wine tastings </OLD> <NEW> educational events </NEW> </PATCH> <PATCH> E03 L052 <OLD> Oak Forest </OLD> <NEW> Dallas </NEW> </PATCH>
PPL_E1024D958C52,<PATCH> E01 L025 <OLD> ek 5k ke liye </OLD> <NEW> agle </NEW> </PATCH> <PATCH> E03 L056 <OLD> Carol </OLD> <NEW> mera </NEW> </PATCH> <PATCH> E04 L023 <OLD> monthly </OLD> <NEW> 15 minute pehle </NEW> </PATCH>
PPL_212B187250D9,<PATCH> E02 L048 <OLD> timer countdown </OLD> <NEW> timer </NEW> </PATCH> <PATCH> E03 L025 <OLD> aj raat 7 . 30 aur 9 bajhe </OLD> <NEW> 10 minutes </NEW> </PATCH>
PPL_4998A9511E3C,<PATCH> E03 L052 <OLD> rest of this week Bethlehem </OLD> <NEW> is weekend Sydney </NEW> </PATCH> <PATCH> E04 L052 <OLD> Coolangatta </OLD> <NEW> Sydney </NEW> </PATCH>
PPL_EE5FE2EC890E,<PATCH> E01 L025 <OLD> agle Tuesday ko </OLD> <NEW> aaj raat </NEW> </PATCH> <PATCH> E02 L025 <OLD> October ke shuruaat me </OLD> <NEW> aaj raat </NEW> </PATCH> <PATCH> E03 L045 <OLD> suraj niklega </OLD> <NEW> baarish </NEW> </PATCH> <PATCH> E04 L045 <OLD> rain fall </OLD> <NEW> baarish </NEW> </PATCH>
PPL_EB5014A78635,<PATCH> E01 L003 <OLD> Juan </OLD> <NEW> maine </NEW> </PATCH> <PATCH> E02 L003 <OLD> Linda </OLD> <NEW> maine </NEW> </PATCH> <PATCH> E03 L025 <OLD> 40 minute </OLD> <NEW> Saturday ko </NEW> </PATCH> <PATCH> E04 L010 <OLD> TV </OLD> <NEW> mere cousin ki birthday party </NEW> </PATCH>
PPL_9746BD3E198D,<PATCH> E01 L025 <OLD> 30 mins ke liye </OLD> <NEW> 30 minutes ke liye </NEW> </PATCH> <PATCH> E03 L048 <OLD> count down </OLD> <NEW> timer </NEW> </PATCH> <PATCH> E04 L025 <OLD> 9 june ko shaam 7 baje </OLD> <NEW> 30 minutes ke liye </NEW> </PATCH>
PPL_C9EB61459D3A,<PATCH> E01 L025 <OLD> Friday ko 9 baje aur Monday subah 8 baje </OLD> <NEW> is week </NEW> </PATCH> <PATCH> E03 L052 <OLD> NC - 98 </OLD> <NEW> miami </NEW> </PATCH>
PPL_C262C34EDD3E,<PATCH> E03 L003 <OLD> Jeff </OLD> <NEW> Muje </NEW> </PATCH> <PATCH> E04 L010 <OLD> mailbox check karne </OLD> <NEW> car me fuel </NEW> </PATCH>
PPL_5D8A305EBD75,<PATCH> E01 L010 <OLD> Mason turtle ko feed </OLD> <NEW> birthday greetings bhejne ke liye </NEW> </PATCH> <PATCH> E04 L010 <OLD> wish Alex </OLD> <NEW> birthday greetings bhejne ke liye </NEW> </PATCH>
PPL_8E96ED87F76E,<PATCH> E02 L025 <OLD> 12 : 30 pm me </OLD> <NEW> is week </NEW> </PATCH>
PPL_B3ABB29D13DC,<PATCH> E03 L025 <OLD> Thursday tak </OLD> <NEW> Aaj </NEW> </PATCH> <PATCH> E04 L052 <OLD> 105 freeway </OLD> <NEW> Phoenix </NEW> </PATCH>
PPL_39FDC0FAD42C,<PATCH> E01 L032 <OLD> my home address </OLD> <NEW> hamne page twenty three complete kar diya. </NEW> </PATCH> <PATCH> E02 L032 <OLD> wo naya bank account setup karne </OLD> <NEW> hamne page twenty three complete kar diya. </NEW> </PATCH> <PATCH> E03 L002 <OLD> sabrina </OLD> <NEW> Lucy </NEW> </PATCH>
PPL_34748B8471D8,<PATCH> E01 L044 <OLD> gospel rap </OLD> <NEW> broadway musical </NEW> </PATCH> <PATCH> E03 L044 <OLD> Metal </OLD> <NEW> broadway musical </NEW> </PATCH> <PATCH> E04 L004 <OLD> jam </OLD> <NEW> soundtracks </NEW> </PATCH>
PPL_721ECBA77E5D,<PATCH> E01 L048 <OLD> samai </OLD> <NEW> timer </NEW> </PATCH>
PPL_7453A6FB8D49,<PATCH> E01 L025 <OLD> from Monday at 7 </OLD> <NEW> har 15 minutes me </NEW> </PATCH> <PATCH> E03 L048 <OLD> Countdown </OLD> <NEW> time </NEW> </PATCH> <PATCH> E04 L048 <OLD> timer . </OLD> <NEW> time </NEW> </PATCH>
PPL_3CC47569F15D,<PATCH> E02 L048 <OLD> time out timer </OLD> <NEW> Timer </NEW> </PATCH> <PATCH> E03 L025 <OLD> kal subha 4 : 45 ke liye </OLD> <NEW> aur 5 minutes </NEW> </PATCH>
PPL_5F5DDB5B4E44,<PATCH> E01 L025 <OLD> 7p se </OLD> <NEW> aj ke liye </NEW> </PATCH> <PATCH> E03 L010 <OLD> dinner ke liye thoda cheese laane </OLD> <NEW> event </NEW> </PATCH>
PPL_ECBB708196CC,<PATCH> E01 L002 <OLD> sitter </OLD> <NEW> car is going to be much more expensive </NEW> </PATCH> <PATCH> E02 L002 <OLD> Bojack </OLD> <NEW> use </NEW> </PATCH> <PATCH> E03 L032 <OLD> I am coming home for Christmas </OLD> <NEW> nayi car bahut zyada mehengi hone wali hai </NEW> </PATCH> <PATCH> E04 L002 <OLD> rum house </OLD> <NEW> use </NEW> </PATCH>
PPL_5BF565BD2E3B,"<PATCH> E01 L025 <OLD> May ki 26th ke liye </OLD> <NEW> Chapel Hill me 11 am </NEW> </PATCH> <PATCH> E03 L052 <OLD> Rome , Italy </OLD> <NEW> Chapel Hill </NEW> </PATCH>"
PPL_7CD49795E4E3,<PATCH> E01 L045 <OLD> lightning </OLD> <NEW> coat </NEW> </PATCH> <PATCH> E02 L025 <OLD> 21 minutes ke liye </OLD> <NEW> aj </NEW> </PATCH>
PPL_C21B37104F58,<PATCH> E01 L044 <OLD> punk rock CD </OLD> <NEW> Broadway </NEW> </PATCH> <PATCH> E04 L004 <OLD> songs </OLD> <NEW> music </NEW> </PATCH>
PPL_0D5EAEDD29C6,"<PATCH> E01 L052 <OLD> Macungie , Pennsylvania </OLD> <NEW> Boston </NEW> </PATCH> <PATCH> E02 L025 <OLD> is december </OLD> <NEW> next month </NEW> </PATCH>"
PPL_0F060D941A4E,<PATCH> E01 L010 <OLD> water plants </OLD> <NEW> unke event </NEW> </PATCH> <PATCH> E02 L025 <OLD> agley teen din 7 p . m ke liye </OLD> <NEW> 15 minutes pehle </NEW> </PATCH> <PATCH> E03 L003 <OLD> Grant </OLD> <NEW> mere </NEW> </PATCH> <PATCH> E04 L003 <OLD> Justin </OLD> <NEW> mere </NEW> </PATCH>
PPL_E618EA03C3E9,<PATCH> E02 L002 <OLD> Bessy </OLD> <NEW> Sarah </NEW> </PATCH> <PATCH> E04 L032 <OLD> baby got born </OLD> <NEW> I am running late ; there is too much traffic </NEW> </PATCH>
PPL_CFC156431828,<PATCH> E02 L025 <OLD> Saturday 1st june at 7 pm ke liye </OLD> <NEW> wednesday ke din </NEW> </PATCH> <PATCH> E03 L010 <OLD> kaam se pehle daudne </OLD> <NEW> beautician ke sath appointment lene ke liye </NEW> </PATCH> <PATCH> E04 L010 <OLD> Sons of Anarchy reruns dekhne ke liye </OLD> <NEW> beautician ke sath appointment lene ke liye </NEW> </PATCH>
PPL_35FF87B5BC83,<PATCH> E01 L025 <OLD> 3 a . m ke liye </OLD> <NEW> aaj </NEW> </PATCH> <PATCH> E03 L045 <OLD> र </OLD> <NEW> baarish </NEW> </PATCH> <PATCH> E04 L025 <OLD> 12th 2 pm ko </OLD> <NEW> aaj </NEW> </PATCH>
PPL_1ACBDFF850DB,<PATCH> E01 L010 <OLD> family is coming in ke liye </OLD> <NEW> sham 4 baje school lunches pay karne </NEW> </PATCH> <PATCH> E02 L010 <OLD> Sean ke brithday </OLD> <NEW> sham 4 baje school lunches pay karne </NEW> </PATCH> <PATCH> E03 L010 <OLD> school lunches pay karne </OLD> <NEW> pedicure on Tuesday at 4 pm </NEW> </PATCH> <PATCH> E04 L025 <OLD> aaj shaam 6 : 00 baje </OLD> <NEW> tuesday ko sham 4 baje </NEW> </PATCH>
PPL_66DDC608E5EA,<PATCH> E01 L048 <OLD> Stopwatch </OLD> <NEW> timer </NEW> </PATCH> <PATCH> E02 L025 <OLD> month ke third week ke liye </OLD> <NEW> 90 minutes ke liye </NEW> </PATCH> <PATCH> E03 L048 <OLD> 2 hours </OLD> <NEW> timer </NEW> </PATCH>
PPL_E87941D102D0,<PATCH> E01 L048 <OLD> Countdown </OLD> <NEW> timer </NEW> </PATCH> <PATCH> E02 L025 <OLD> Monday ke subah 6 baje </OLD> <NEW> abhi se 10 minute ke liye </NEW> </PATCH>
PPL_B06A3C9E9944,<PATCH> E02 L025 <OLD> 1 : 00 am ke liye </OLD> <NEW> aaj raat 6 baje </NEW> </PATCH> <PATCH> E04 L003 <OLD> Christy </OLD> <NEW> mujhe </NEW> </PATCH>
PPL_977F9282E482,<PATCH> E01 L003 <OLD> mere coworkers </OLD> <NEW> Muje </NEW> </PATCH> <PATCH> E02 L010 <OLD> kutey ko vet ke paas le jane ke liye </OLD> <NEW> door par screen </NEW> </PATCH> <PATCH> E03 L025 <OLD> New Year ' s ke aas paas </OLD> <NEW> aaj </NEW> </PATCH> <PATCH> E04 L010 <OLD> volunteer aaj door par screen ko fix ke liye </OLD> <NEW> Muje aaj kutey ko vet ke paas le jane ke liye </NEW> </PATCH>
PPL_15F0D742977A,"<PATCH> E01 L052 <OLD> aaj subah Oakland , CA </OLD> <NEW> I - 95 </NEW> </PATCH> <PATCH> E03 L025 <OLD> New Year ki Eve </OLD> <NEW> aaj subah I - 95 </NEW> </PATCH> <PATCH> E04 L052 <OLD> juneau </OLD> <NEW> I - 95 </NEW> </PATCH>"
PPL_8BC34C740B2B,<PATCH> E02 L003 <OLD> Linda </OLD> <NEW> cade </NEW> </PATCH> <PATCH> E03 L010 <OLD> Jamie ko likh ke ke liye </OLD> <NEW> kachra baahar nikalne </NEW> </PATCH> <PATCH> E04 L013 <OLD> har 17 minutes me </OLD> <NEW> har tuesday subah </NEW> </PATCH>
PPL_9A42C8C1EBFA,<PATCH> E01 L025 <OLD> Saturday kal subah 9 bajhe ka </OLD> <NEW> sham 4 baje ke </NEW> </PATCH>
PPL_B6B0E1AECFD1,<PATCH> E01 L019 <OLD> the United States </OLD> <NEW> Philadelphia </NEW> </PATCH> <PATCH> E02 L025 <OLD> from AM </OLD> <NEW> abhi </NEW> </PATCH> <PATCH> E03 L019 <OLD> Clifton Park </OLD> <NEW> New York City </NEW> </PATCH>
PPL_12185A1B3685,<PATCH> E03 L052 <OLD> West side </OLD> <NEW> yaha </NEW> </PATCH> <PATCH> E04 L045 <OLD> 1 </OLD> <NEW> niche </NEW> </PATCH>
PPL_6CE30149B537,<PATCH> E03 L025 <OLD> August 27th ko </OLD> <NEW> 9 am ko </NEW> </PATCH> <PATCH> E04 L010 <OLD> sally ko milne ke liye </OLD> <NEW> D . I . Y podcast </NEW> </PATCH>
PPL_07DC7BA4246C,<PATCH> E01 L025 <OLD> Chanukah ke eight days ke doraan </OLD> <NEW> kal </NEW> </PATCH> <PATCH> E03 L045 <OLD> sun cream </OLD> <NEW> sweater </NEW> </PATCH> <PATCH> E04 L045 <OLD> jumpers </OLD> <NEW> sweater </NEW> </PATCH>
PPL_759EB9440500,<PATCH> E01 L025 <OLD> 9 AM </OLD> <NEW> aj </NEW> </PATCH> <PATCH> E02 L025 <OLD> kal subha 3 am ke liye </OLD> <NEW> aj </NEW> </PATCH> <PATCH> E03 L045 <OLD> 76 </OLD> <NEW> garmi </NEW> </PATCH> <PATCH> E04 L025 <OLD> Wednesday ko 10 am aur 11 am ke liye </OLD> <NEW> aj </NEW> </PATCH>
PPL_E57C0A021B6C,<PATCH> E02 L025 <OLD> 30 mins pehle </OLD> <NEW> next weekend </NEW> </PATCH> <PATCH> E04 L025 <OLD> november 22 through 27 ke liye downtown sacramento </OLD> <NEW> next weekend </NEW> </PATCH>
PPL_CE6F4AA152D6,<PATCH> E01 L025 <OLD> SCA members aaj raat ko 8 baje </OLD> <NEW> aaj raat ko 8 baje </NEW> </PATCH> <PATCH> E02 L025 <OLD> kal subha 5 a . m ke liye </OLD> <NEW> aaj raat ko 8 baje </NEW> </PATCH> <PATCH> E03 L010 <OLD> dinner pick up </OLD> <NEW> pot set karne ke liye karne ke liye </NEW> </PATCH> <PATCH> E04 L025 <OLD> July 5th ke liye subah 5 baje ka </OLD> <NEW> aaj raat ko 8 baje </NEW> </PATCH>
PPL_73FE33261785,<PATCH> E01 L004 <OLD> music list </OLD> <NEW> songs </NEW> </PATCH> <PATCH> E03 L004 <OLD> gaane </OLD> <NEW> songs </NEW> </PATCH> <PATCH> E04 L044 <OLD> motivation </OLD> <NEW> dancing </NEW> </PATCH>
PPL_46E0181FC866,<PATCH> E01 L025 <OLD> Tuesday ' s at 8 am </OLD> <NEW> agle hafte </NEW> </PATCH> <PATCH> E03 L010 <OLD> basil khareedne </OLD> <NEW> naye school ke schedule </NEW> </PATCH> <PATCH> E04 L025 <OLD> aaj midday ke baad </OLD> <NEW> agle hafte </NEW> </PATCH>
PPL_6B01B6FB0438,<PATCH> E01 L025 <OLD> thursday night ke liye </OLD> <NEW> Tuesday ko </NEW> </PATCH> <PATCH> E02 L010 <OLD> concert tickets khareedne </OLD> <NEW> phone bill mail karne </NEW> </PATCH> <PATCH> E03 L025 <OLD> sara </OLD> <NEW> Tuesday ko </NEW> </PATCH>
PPL_7E27D84A3806,<PATCH> E01 L025 <OLD> 11th august </OLD> <NEW> aaj </NEW> </PATCH> <PATCH> E04 L045 <OLD> smog </OLD> <NEW> thand </NEW> </PATCH>
PPL_910A0BF69513,<PATCH> E01 L060 <OLD> Kelvin </OLD> <NEW> Fahrenheit </NEW> </PATCH> <PATCH> E02 L025 <OLD> Monday se Friday tak subah 9 bajhe ke liye </OLD> <NEW> aaj </NEW> </PATCH> <PATCH> E04 L052 <OLD> SAINT PETERSBURG </OLD> <NEW> Mumbai </NEW> </PATCH>
PPL_E2881D0C7424,<PATCH> E01 L025 <OLD> pichle do ghante se </OLD> <NEW> Aaj raat </NEW> </PATCH> <PATCH> E02 L025 <OLD> Monday 2 30 pm se </OLD> <NEW> Aaj raat </NEW> </PATCH> <PATCH> E03 L052 <OLD> Cukangkawung Street </OLD> <NEW> Chicago </NEW> </PATCH>
PPL_F2F2469B8BFC,<PATCH> E02 L059 <OLD> bring music ko </OLD> <NEW> two </NEW> </PATCH> <PATCH> E03 L003 <OLD> marketing </OLD> <NEW> mere </NEW> </PATCH> <PATCH> E04 L010 <OLD> mere appt </OLD> <NEW> of coffee </NEW> </PATCH>
PPL_A5A366234E92,<PATCH> E01 L003 <OLD> Stella </OLD> <NEW> mere </NEW> </PATCH> <PATCH> E04 L025 <OLD> christmas day ke liye </OLD> <NEW> is Thursday </NEW> </PATCH>
PPL_836E21DBBF5E,<PATCH> E01 L025 <OLD> monday ko shaam 4 baje ke liye </OLD> <NEW> 10 minute </NEW> </PATCH> <PATCH> E03 L025 <OLD> 1600 hours ke liye </OLD> <NEW> 10 minute </NEW> </PATCH> <PATCH> E04 L025 <OLD> kal subha 7 : 45 ka Stopwatch </OLD> <NEW> 10 minute </NEW> </PATCH>
PPL_00F3A9AD5292,<PATCH> E01 L010 <OLD> Molly cheese kharidne ke </OLD> <NEW> mere cheese kharidne karne </NEW> </PATCH> <PATCH> E02 L010 <OLD> mere appointment set karne ke liye </OLD> <NEW> mere cheese kharidne karne </NEW> </PATCH> <PATCH> E03 L010 <OLD> lunch se pehle bank balance check </OLD> <NEW> cheese kharidne ke </NEW> </PATCH>
PPL_C6CC0A27870C,<PATCH> E01 L025 <OLD> tax free weekend </OLD> <NEW> future </NEW> </PATCH> <PATCH> E04 L003 <OLD> Rutledge Lake employees </OLD> <NEW> Muje </NEW> </PATCH>
PPL_1414F9700C64,<PATCH> E01 L010 <OLD> theatre night </OLD> <NEW> yard hose band kare ke liye </NEW> </PATCH> <PATCH> E02 L025 <OLD> June 7th 3 pm ke liye </OLD> <NEW> 20 mintues me </NEW> </PATCH> <PATCH> E03 L023 <OLD> is mahine ki end me </OLD> <NEW> 20 mintues me </NEW> </PATCH> <PATCH> E04 L003 <OLD> Ghost Hunters </OLD> <NEW> mujhe </NEW> </PATCH>
PPL_F95C2D40947C,<PATCH> E01 L025 <OLD> ek minute me 5 minute ke liye </OLD> <NEW> Aaj raat </NEW> </PATCH> <PATCH> E03 L010 <OLD> couples golf league </OLD> <NEW> mera aria </NEW> </PATCH> <PATCH> E04 L010 <OLD> pill adhe lene </OLD> <NEW> mera aria </NEW> </PATCH>
PPL_7E72D77A7946,"<PATCH> E01 L002 <OLD> Ned </OLD> <NEW> Heather </NEW> </PATCH> <PATCH> E02 L032 <OLD> buy mouse traps </OLD> <NEW> Good morning , beautiful . aajke liye koi plans </NEW> </PATCH> <PATCH> E03 L002 <OLD> austin </OLD> <NEW> Heather </NEW> </PATCH>"
PPL_A1D6A2D73BF8,<PATCH> E01 L032 <OLD> the small ships revue starts at 7 PM </OLD> <NEW> I had a good time yesterday </NEW> </PATCH> <PATCH> E02 L002 <OLD> Russell </OLD> <NEW> Joey </NEW> </PATCH> <PATCH> E04 L002 <OLD> usey </OLD> <NEW> Joey </NEW> </PATCH>
PPL_DFA89A304A62,<PATCH> E01 L024 <OLD> Star Wars The Last Jedi </OLD> <NEW> music events </NEW> </PATCH> <PATCH> E03 L052 <OLD> M 59 westbound </OLD> <NEW> Los Angeles </NEW> </PATCH>
PPL_F89193EB18AD,<PATCH> E01 L035 <OLD> Lila </OLD> <NEW> Mere </NEW> </PATCH> <PATCH> E03 L035 <OLD> jr </OLD> <NEW> Mere </NEW> </PATCH> <PATCH> E04 L010 <OLD> Mere up coming event ka appointment </OLD> <NEW> hamari TV installation </NEW> </PATCH>
PPL_6BAE5B4A7005,<PATCH> E03 L025 <OLD> august ke liye </OLD> <NEW> aj </NEW> </PATCH>
PPL_C8FC5AF4852E,<PATCH> E01 L052 <OLD> Placer County </OLD> <NEW> New York </NEW> </PATCH> <PATCH> E02 L052 <OLD> naples </OLD> <NEW> New York </NEW> </PATCH> <PATCH> E03 L025 <OLD> Saturday aur Sunday 9 pm ke liye </OLD> <NEW> Wednesday night ko </NEW> </PATCH>
PPL_B01747E24489,<PATCH> E01 L025 <OLD> 18th May ke subah 9 bajhe </OLD> <NEW> is Saturday </NEW> </PATCH>
PPL_6D94DECAA14D,<PATCH> E01 L025 <OLD> three minute </OLD> <NEW> kal ke liye </NEW> </PATCH> <PATCH> E02 L003 <OLD> Jean </OLD> <NEW> mere </NEW> </PATCH>
PPL_E22F03361D7A,<PATCH> E01 L048 <OLD> timer suspend </OLD> <NEW> timer </NEW> </PATCH> <PATCH> E03 L025 <OLD> kal 3 00 pm ke liye </OLD> <NEW> 30 minutes </NEW> </PATCH>
PPL_F92BF3144194,<PATCH> E01 L004 <OLD> hits </OLD> <NEW> music </NEW> </PATCH>
PPL_9F5E22A32E56,<PATCH> E02 L024 <OLD> Dance shows </OLD> <NEW> concerts </NEW> </PATCH> <PATCH> E03 L025 <OLD> sunday morning ke liye </OLD> <NEW> is week </NEW> </PATCH> <PATCH> E04 L033 <OLD> highway 550 mein </OLD> <NEW> Dallas </NEW> </PATCH>
PPL_DE694C4636B3,<PATCH> E03 L025 <OLD> sword club 9 PM ko </OLD> <NEW> aaj ke liye </NEW> </PATCH>
PPL_0A111FF8E5C5,<PATCH> E02 L052 <OLD> victoria </OLD> <NEW> paris </NEW> </PATCH> <PATCH> E04 L045 <OLD> 90 </OLD> <NEW> thand </NEW> </PATCH>
PPL_4E304F78D6D3,<PATCH> E03 L025 <OLD> 5 : 30 PM ke liye </OLD> <NEW> 2 minutes </NEW> </PATCH> <PATCH> E04 L048 <OLD> buzzer </OLD> <NEW> timer </NEW> </PATCH>
PPL_134D1A375B4C,<PATCH> E01 L052 <OLD> island of Mull </OLD> <NEW> greensboro </NEW> </PATCH>
PPL_580628285D64,<PATCH> E01 L025 <OLD> thursday 6 pm tak </OLD> <NEW> 30 minutes me </NEW> </PATCH> <PATCH> E03 L025 <OLD> midnight ke liye </OLD> <NEW> 30 minutes me </NEW> </PATCH> <PATCH> E04 L010 <OLD> meeting was changed </OLD> <NEW> dinner hojayega </NEW> </PATCH>
PPL_56A7ECFD8E5B,<PATCH> E02 L048 <OLD> stopwatch </OLD> <NEW> timer </NEW> </PATCH> <PATCH> E03 L048 <OLD> thirty minute </OLD> <NEW> timer </NEW> </PATCH> <PATCH> E04 L048 <OLD> counter </OLD> <NEW> timer </NEW> </PATCH>
PPL_64E3B300D63D,"<PATCH> E01 L052 <OLD> Belmont , Maryland </OLD> <NEW> Dayton </NEW> </PATCH> <PATCH> E03 L025 <OLD> first week in February </OLD> <NEW> Saturday ko </NEW> </PATCH> <PATCH> E04 L052 <OLD> Sierra Nevada mountains </OLD> <NEW> Dayton </NEW> </PATCH>"
PPL_391417911244,<PATCH> E02 L025 <OLD> Is agle Sunday ko </OLD> <NEW> Christmas week </NEW> </PATCH> <PATCH> E03 L052 <OLD> Philadelphia </OLD> <NEW> Manhattan </NEW> </PATCH> <PATCH> E04 L052 <OLD> charleston </OLD> <NEW> Manhattan </NEW> </PATCH>
PPL_17E8A53F95E3,<PATCH> E01 L025 <OLD> subah 5 baje ke liye </OLD> <NEW> aaj </NEW> </PATCH> <PATCH> E02 L025 <OLD> subah 7 baje </OLD> <NEW> aaj </NEW> </PATCH> <PATCH> E04 L045 <OLD> extended </OLD> <NEW> humid </NEW> </PATCH>
PPL_7075864B4B37,<PATCH> E02 L023 <OLD> saturday subah 10 baje </OLD> <NEW> kal </NEW> </PATCH> <PATCH> E04 L010 <OLD> meri furniture delivery is ke liye </OLD> <NEW> taco party </NEW> </PATCH>
PPL_8A811893AF4D,<PATCH> E01 L010 <OLD> Dave ko monthly food stuffs kharidne ke liye </OLD> <NEW> ghar ki saphaee ke liye </NEW> </PATCH> <PATCH> E03 L010 <OLD> Saturday ko Jayden se party </OLD> <NEW> Saturday ko Dave ko monthly food stuffs kharidne ke liye </NEW> </PATCH> <PATCH> E04 L025 <OLD> 6 : 48 am ke liye </OLD> <NEW> Saturday ko </NEW> </PATCH>
PPL_A152DF72783D,<PATCH> E01 L042 <OLD> why </OLD> <NEW> warranty </NEW> </PATCH> <PATCH> E02 L027 <OLD> for a movie </OLD> <NEW> warranty </NEW> </PATCH> <PATCH> E03 L042 <OLD> SMS </OLD> <NEW> warranty </NEW> </PATCH> <PATCH> E04 L032 <OLD> mere Ms . Walker </OLD> <NEW> warranty . Send to Manufacturer </NEW> </PATCH>
PPL_9F68C2CD6F47,<PATCH> E01 L025 <OLD> Thursday ko 19th par subha 6 baje ke liye </OLD> <NEW> Tuesday sham 7 bajhe </NEW> </PATCH> <PATCH> E02 L010 <OLD> medical records lene ke liye </OLD> <NEW> mera assignment karne ke liye </NEW> </PATCH> <PATCH> E03 L003 <OLD> running club </OLD> <NEW> mujhe </NEW> </PATCH>
PPL_F2FED9803C46,<PATCH> E01 L045 <OLD> downpour </OLD> <NEW> garmi </NEW> </PATCH> <PATCH> E02 L052 <OLD> Texas </OLD> <NEW> sao paulo </NEW> </PATCH> <PATCH> E03 L060 <OLD> Celsius </OLD> <NEW> C </NEW> </PATCH>
PPL_EFAEF9DFCCCF,<PATCH> E01 L023 <OLD> agley 5 ghantey </OLD> <NEW> 18 taarek ko </NEW> </PATCH> <PATCH> E02 L010 <OLD> Leigha car par state inspection karane </OLD> <NEW> apne birthday dinner </NEW> </PATCH>
PPL_D3ED147ADB08,<PATCH> E03 L010 <OLD> ten second ko bills </OLD> <NEW> Mujhe sham 7 baje movie dekhne ke liye </NEW> </PATCH> <PATCH> E04 L010 <OLD> art club </OLD> <NEW> Mujhe </NEW> </PATCH>
PPL_D71BBCC862D5,<PATCH> E02 L025 <OLD> agle do hafton me </OLD> <NEW> is mahine </NEW> </PATCH> <PATCH> E03 L038 <OLD> perception </OLD> <NEW> baarish </NEW> </PATCH>
PPL_2BA49D2828E0,<PATCH> E01 L032 <OLD> July 20 ko mera birthday yad rakhne ke liye </OLD> <NEW> apke paas chini hai </NEW> </PATCH> <PATCH> E02 L002 <OLD> Shawna </OLD> <NEW> Lisa </NEW> </PATCH>
PPL_6DE2753FCB3F,<PATCH> E01 L058 <OLD> nautical miles </OLD> <NEW> miles </NEW> </PATCH> <PATCH> E02 L049 <OLD> OMSI </OLD> <NEW> san antonio </NEW> </PATCH> <PATCH> E03 L019 <OLD> Hoffman </OLD> <NEW> houston </NEW> </PATCH> <PATCH> E04 L058 <OLD> milage </OLD> <NEW> miles </NEW> </PATCH>
PPL_55F5923F3633,"<PATCH> E01 L044 <OLD> hearted </OLD> <NEW> country </NEW> </PATCH> <PATCH> E02 L004 <OLD> catalogue </OLD> <NEW> music </NEW> </PATCH> <PATCH> E03 L004 <OLD> Music, </OLD> <NEW> music </NEW> </PATCH>"
PPL_6533B32E33AC,<PATCH> E04 L032 <OLD> Can you meet up with me at the park </OLD> <NEW> mai teens ke liye fundraiser par rahunga </NEW> </PATCH>
PPL_144BCAF5E8C3,<PATCH> E01 L049 <OLD> kansas city </OLD> <NEW> Rocky Mount </NEW> </PATCH> <PATCH> E02 L019 <OLD> Radnor </OLD> <NEW> Cleveland </NEW> </PATCH> <PATCH> E03 L049 <OLD> sf </OLD> <NEW> Rocky Mount </NEW> </PATCH>
PPL_BF6FC8D9F015,<PATCH> E01 L045 <OLD> sweaters </OLD> <NEW> UV index </NEW> </PATCH> <PATCH> E02 L025 <OLD> Monday morning ke liye </OLD> <NEW> aaj </NEW> </PATCH>
PPL_0EFFF5795D1B,<PATCH> E01 L045 <OLD> wash </OLD> <NEW> rain </NEW> </PATCH> <PATCH> E03 L025 <OLD> Is friday sham 1 bajhe ke liye </OLD> <NEW> today </NEW> </PATCH>
PPL_821E7B601370,<PATCH> E02 L007 <OLD> broadway musical ki ek trackko </OLD> <NEW> 90s grunge </NEW> </PATCH>
PPL_5FA255F0B92E,<PATCH> E01 L025 <OLD> agle thursday ko 1 : 20 pm ko </OLD> <NEW> 2 minutes </NEW> </PATCH> <PATCH> E02 L048 <OLD> stopwatch timer </OLD> <NEW> timer </NEW> </PATCH> <PATCH> E03 L048 <OLD> stopwatch timer </OLD> <NEW> timer </NEW> </PATCH> <PATCH> E04 L025 <OLD> 9 am aur 12 pm ke liye </OLD> <NEW> 2 minutes </NEW> </PATCH>
PPL_47376C5D8396,<PATCH> E01 L048 <OLD> countdown </OLD> <NEW> timer </NEW> </PATCH> <PATCH> E03 L025 <OLD> 7 am and 7 : 30 am ke liye </OLD> <NEW> 15 minutes </NEW> </PATCH>
PPL_C759A9931582,<PATCH> E01 L032 <OLD> kal mai usey mil jaunga </OLD> <NEW> mai usey shaam chaar bajhe lene aaunga </NEW> </PATCH> <PATCH> E02 L002 <OLD> laura </OLD> <NEW> Tim </NEW> </PATCH> <PATCH> E03 L032 <OLD> I ' m right around the corner </OLD> <NEW> mai usey shaam chaar bajhe lene </NEW> </PATCH>
PPL_0C92019102F7,<PATCH> E01 L025 <OLD> aj subah 5 bajhe </OLD> <NEW> one hour ke liye </NEW> </PATCH> <PATCH> E03 L048 <OLD> Coutndown </OLD> <NEW> timer </NEW> </PATCH>
PPL_8E4B54CBDC42,<PATCH> E01 L052 <OLD> 405 highway </OLD> <NEW> Putnam County </NEW> </PATCH> <PATCH> E02 L025 <OLD> Friday ko 9 baje baad </OLD> <NEW> aaj </NEW> </PATCH> <PATCH> E04 L052 <OLD> Arctic pole </OLD> <NEW> Putnam County </NEW> </PATCH>
PPL_B315B1CF1CF3,<PATCH> E01 L013 <OLD> har Thursday dopahar 2 bajhe </OLD> <NEW> har ko Thursday night </NEW> </PATCH> <PATCH> E02 L013 <OLD> har 6 mahine </OLD> <NEW> weekly </NEW> </PATCH> <PATCH> E04 L010 <OLD> christmas get together karne ke liye </OLD> <NEW> kachra bahar nikalne </NEW> </PATCH>
PPL_42F7168ADA69,<PATCH> E02 L020 <OLD> open air theater </OLD> <NEW> mera </NEW> </PATCH> <PATCH> E03 L045 <OLD> dew point </OLD> <NEW> tornadoes </NEW> </PATCH> <PATCH> E04 L045 <OLD> humidity high jaldi </OLD> <NEW> tornadoes </NEW> </PATCH>
PPL_FF4832722CE2,<PATCH> E01 L047 <OLD> agli </OLD> <NEW> next </NEW> </PATCH> <PATCH> E02 L010 <OLD> Riley ke medicines refill karne ke liye </OLD> <NEW> Mere paint group </NEW> </PATCH> <PATCH> E04 L035 <OLD> Mo </OLD> <NEW> next </NEW> </PATCH>
PPL_EBCC013B80C2,<PATCH> E01 L010 <OLD> turkey ko oven me cooking start </OLD> <NEW> Jeff ko milne </NEW> </PATCH> <PATCH> E02 L025 <OLD> FRIDAY </OLD> <NEW> kal evening ke liye </NEW> </PATCH> <PATCH> E03 L010 <OLD> get together </OLD> <NEW> Jeff ko milne ke liye </NEW> </PATCH> <PATCH> E04 L025 <OLD> August 9th ke liye </OLD> <NEW> kal evening ke liye </NEW> </PATCH>
PPL_5812DD88855C,<PATCH> E03 L004 <OLD> releases </OLD> <NEW> soundtrack </NEW> </PATCH> <PATCH> E04 L011 <OLD> broadway </OLD> <NEW> trolls </NEW> </PATCH>
PPL_F145AF0D7B97,<PATCH> E02 L025 <OLD> Is thursday sham ko ke month ke liye </OLD> <NEW> Aaj sydney me </NEW> </PATCH> <PATCH> E04 L025 <OLD> 4 am and 5 am ke liye </OLD> <NEW> Aaj sydney me </NEW> </PATCH>
PPL_4C20CBBFFF7E,<PATCH> E03 L025 <OLD> subha 7 : 30 baje me </OLD> <NEW> is Sunday subha 10 baje </NEW> </PATCH> <PATCH> E04 L010 <OLD> Kris ko ek birthday gift khareedne </OLD> <NEW> Maddie ko invite karne </NEW> </PATCH>
PPL_F3E875CBD35C,<PATCH> E03 L003 <OLD> Taylor </OLD> <NEW> mere </NEW> </PATCH> <PATCH> E04 L010 <OLD> cereal kharidne liye </OLD> <NEW> feed Balto and Koda </NEW> </PATCH>
PPL_77C600A8A6A3,<PATCH> E01 L025 <OLD> 15th April ko </OLD> <NEW> Kal </NEW> </PATCH> <PATCH> E02 L052 <OLD> Summerville </OLD> <NEW> Portland Oregon </NEW> </PATCH> <PATCH> E04 L045 <OLD> bonfire </OLD> <NEW> snow </NEW> </PATCH>
PPL_CB8C737E4397,<PATCH> E01 L032 <OLD> the relatives just left </OLD> <NEW> I will arrive at 2 pm </NEW> </PATCH> <PATCH> E02 L032 <OLD> dog ko feed </OLD> <NEW> I will arrive at 2 pm </NEW> </PATCH> <PATCH> E03 L002 <OLD> Jorge </OLD> <NEW> KIm </NEW> </PATCH> <PATCH> E04 L002 <OLD> Evelyn </OLD> <NEW> KIm </NEW> </PATCH>
PPL_EEF53802DAEB,<PATCH> E01 L045 <OLD> heat - wave </OLD> <NEW> baarish </NEW> </PATCH> <PATCH> E03 L045 <OLD> maximum </OLD> <NEW> baarish </NEW> </PATCH>
PPL_166014ACA398,<PATCH> E02 L010 <OLD> football game record karne </OLD> <NEW> brothers science club meeting </NEW> </PATCH> <PATCH> E04 L035 <OLD> Gertha </OLD> <NEW> my brothers science club </NEW> </PATCH>
PPL_378712ADDD35,<PATCH> E01 L025 <OLD> Tuesdays ke liye </OLD> <NEW> aaj </NEW> </PATCH> <PATCH> E02 L025 <OLD> agle weekend se pehle </OLD> <NEW> aaj </NEW> </PATCH> <PATCH> E03 L052 <OLD> Fort Lewis </OLD> <NEW> New York city </NEW> </PATCH> <PATCH> E04 L045 <OLD> 86 </OLD> <NEW> baarish </NEW> </PATCH>
PPL_34B6919EF0F3,<PATCH> E01 L032 <OLD> Liz mai is mahine rehearsals </OLD> <NEW> I need the show details for Monday </NEW> </PATCH> <PATCH> E02 L032 <OLD> front desk par mile. </OLD> <NEW> I need the show details for Monday </NEW> </PATCH> <PATCH> E04 L002 <OLD> teachers </OLD> <NEW> Kim </NEW> </PATCH>
PPL_EC6EC8AC19DE,<PATCH> E01 L004 <OLD> albums </OLD> <NEW> hip hop music </NEW> </PATCH> <PATCH> E02 L044 <OLD> jazz classics </OLD> <NEW> hip hop </NEW> </PATCH> <PATCH> E03 L044 <OLD> waltz </OLD> <NEW> hip hop </NEW> </PATCH>
PPL_F1B91B428900,<PATCH> E01 L025 <OLD> agle hafte ya do hafte </OLD> <NEW> Aaj raat ke liye </NEW> </PATCH> <PATCH> E02 L010 <OLD> Joe ko wo files laane ke liye </OLD> <NEW> dinner </NEW> </PATCH>
PPL_DE61E8E73095,<PATCH> E01 L025 <OLD> Is subha 11 baje </OLD> <NEW> concert </NEW> </PATCH> <PATCH> E02 L008 <OLD> Everett Mall </OLD> <NEW> Saenger theatre </NEW> </PATCH>
PPL_216E8386DEA9,<PATCH> E02 L025 <OLD> Aaj raat 5:30 am ke liye </OLD> <NEW> 10 minutes </NEW> </PATCH> <PATCH> E04 L048 <OLD> samai </OLD> <NEW> timer </NEW> </PATCH>
PPL_6FE473360DFD,<PATCH> E03 L044 <OLD> new rock </OLD> <NEW> 90 ' s </NEW> </PATCH> <PATCH> E04 L004 <OLD> musical </OLD> <NEW> music </NEW> </PATCH>
PPL_FB5BF5034A0F,<PATCH> E03 L052 <OLD> hardy </OLD> <NEW> Hawaii </NEW> </PATCH> <PATCH> E04 L025 <OLD> Saturday week ' s 2 pm </OLD> <NEW> May </NEW> </PATCH>
PPL_81EB65A9338C,<PATCH> E01 L025 <OLD> kal evening 7 pm ke liye </OLD> <NEW> Saturday ko </NEW> </PATCH> <PATCH> E02 L025 <OLD> 8 : 30 aur 4 : 30 ke liye </OLD> <NEW> Saturday </NEW> </PATCH> <PATCH> E03 L008 <OLD> University Drive </OLD> <NEW> Beverly Hills </NEW> </PATCH>
PPL_D571977A8F0F,<PATCH> E03 L045 <OLD> air quality </OLD> <NEW> max </NEW> </PATCH>
PPL_46B0463CD3A0,<PATCH> E01 L046 <OLD> artsy </OLD> <NEW> bull fighting </NEW> </PATCH> <PATCH> E04 L025 <OLD> agle Wednesday at 15 : 00 pm ke liye </OLD> <NEW> next weekend </NEW> </PATCH>
PPL_03472F1124D7,<PATCH> E02 L025 <OLD> tuesday 5 pm ko </OLD> <NEW> Thursday 3 pm ko </NEW> </PATCH> <PATCH> E03 L025 <OLD> Sydney Thursday 3 pm ko </OLD> <NEW> Thursday 3 pm ko </NEW> </PATCH> <PATCH> E04 L010 <OLD> roast ko flip </OLD> <NEW> blood work karne ke liye </NEW> </PATCH>
PPL_F41BD5F97836,<PATCH> E01 L025 <OLD> Is coming weekend </OLD> <NEW> Agle Sunday dopahar ko </NEW> </PATCH> <PATCH> E03 L025 <OLD> the 25th </OLD> <NEW> Agle Sunday dopahar ko </NEW> </PATCH> <PATCH> E04 L010 <OLD> take pills </OLD> <NEW> game record karne ke liye DVR set karne </NEW> </PATCH>
PPL_A66DA3EDDFF8,<PATCH> E02 L052 <OLD> mesa </OLD> <NEW> shanghai </NEW> </PATCH> <PATCH> E03 L060 <OLD> kelvin </OLD> <NEW> F </NEW> </PATCH> <PATCH> E04 L045 <OLD> 57 </OLD> <NEW> 64 </NEW> </PATCH>
PPL_A0B6F4FD99E0,<PATCH> E04 L025 <OLD> Saturday evening ke liye Dan </OLD> <NEW> kal 9 am ko </NEW> </PATCH>
PPL_890E6F944F46,<PATCH> E01 L045 <OLD> camping </OLD> <NEW> barf </NEW> </PATCH> <PATCH> E03 L052 <OLD> River </OLD> <NEW> barf </NEW> </PATCH> <PATCH> E04 L052 <OLD> Main </OLD> <NEW> florida </NEW> </PATCH>
PPL_67C1EF8987CE,<PATCH> E02 L048 <OLD> samay </OLD> <NEW> timer </NEW> </PATCH> <PATCH> E03 L025 <OLD> twenty seconds </OLD> <NEW> thirty minutes ke baad </NEW> </PATCH>
PPL_CE71FD3B8C00,<PATCH> E03 L045 <OLD> short </OLD> <NEW> barf </NEW> </PATCH> <PATCH> E04 L025 <OLD> Friday ko 15th april ko 4 pm ke liye </OLD> <NEW> is weekend </NEW> </PATCH>
PPL_789991B399E4,<PATCH> E01 L052 <OLD> Umbria </OLD> <NEW> London </NEW> </PATCH> <PATCH> E04 L025 <OLD> Saturday subah 7 ; 15 ke liye </OLD> <NEW> Tuesday </NEW> </PATCH>
PPL_93A281917CB5,<PATCH> E01 L032 <OLD> everything is ready </OLD> <NEW> me chahta hu ki vo mujse game me mile. </NEW> </PATCH> <PATCH> E02 L002 <OLD> Jan </OLD> <NEW> Susie </NEW> </PATCH>
PPL_434F7555A09A,<PATCH> E01 L019 <OLD> Bremerton </OLD> <NEW> Jacksonville </NEW> </PATCH> <PATCH> E02 L019 <OLD> va </OLD> <NEW> Jacksonville </NEW> </PATCH> <PATCH> E03 L019 <OLD> Jersy </OLD> <NEW> Jacksonville </NEW> </PATCH> <PATCH> E04 L053 <OLD> 2 PM tak </OLD> <NEW> 5 bajhe tak </NEW> </PATCH>
PPL_B141C69DFF92,<PATCH> E01 L052 <OLD> erie county </OLD> <NEW> Melbourne </NEW> </PATCH> <PATCH> E02 L052 <OLD> San Jose Costa Rica </OLD> <NEW> Melbourne </NEW> </PATCH> <PATCH> E04 L052 <OLD> 35 </OLD> <NEW> Melbourne </NEW> </PATCH>
PPL_24C4CE715328,<PATCH> E01 L025 <OLD> Autumn is year ko </OLD> <NEW> aaj </NEW> </PATCH> <PATCH> E04 L045 <OLD> Sunny </OLD> <NEW> hawayein </NEW> </PATCH>
PPL_BC8278A4E9C2,<PATCH> E02 L025 <OLD> 8 / 15 ko </OLD> <NEW> is waqt </NEW> </PATCH>
PPL_4B656AEB4C05,<PATCH> E02 L010 <OLD> milk aur cookies pickup karne ke liye </OLD> <NEW> work meeting </NEW> </PATCH> <PATCH> E03 L025 <OLD> 29th . l </OLD> <NEW> agley do hafton mei </NEW> </PATCH> <PATCH> E04 L003 <OLD> Chances Are </OLD> <NEW> mujhe </NEW> </PATCH>
PPL_4D9117204937,<PATCH> E03 L048 <OLD> Countdown </OLD> <NEW> timer </NEW> </PATCH> <PATCH> E04 L025 <OLD> january 2018 </OLD> <NEW> 40 sec ke liye </NEW> </PATCH>
PPL_16B657B5797C,<PATCH> E01 L025 <OLD> Aaj raat 12 baje ke liye </OLD> <NEW> aaj </NEW> </PATCH> <PATCH> E04 L025 <OLD> Cannon </OLD> <NEW> aaj </NEW> </PATCH>
PPL_878719B8BACB,<PATCH> E03 L025 <OLD> 20 may ke liye subah 5 baje ke liye </OLD> <NEW> agle Thursday 6 PM ko </NEW> </PATCH> <PATCH> E04 L010 <OLD> kids ke school supplies lene ke liye </OLD> <NEW> school open day </NEW> </PATCH>
PPL_9E40841D4A9A,<PATCH> E01 L048 <OLD> countdown timer </OLD> <NEW> timer </NEW> </PATCH> <PATCH> E02 L025 <OLD> 10 : 28 am ke liye </OLD> <NEW> 10 ghante par </NEW> </PATCH> <PATCH> E03 L025 <OLD> 2 00 pm ko </OLD> <NEW> 10 ghante par </NEW> </PATCH>
PPL_779AECC38A8D,<PATCH> E01 L025 <OLD> 8 : 30 pm ke liye </OLD> <NEW> aaj </NEW> </PATCH> <PATCH> E03 L052 <OLD> Holiday Valley resort </OLD> <NEW> California </NEW> </PATCH> <PATCH> E04 L025 <OLD> is tuesday ke liye </OLD> <NEW> aaj </NEW> </PATCH>
PPL_B226D7E3FCC3,<PATCH> E03 L025 <OLD> Is thursday sham 9 bajhe WPB </OLD> <NEW> Is subha </NEW> </PATCH>
PPL_83087EFAB502,<PATCH> E02 L059 <OLD> boy scout troop </OLD> <NEW> mera </NEW> </PATCH> <PATCH> E04 L023 <OLD> august ke liye salon appointment </OLD> <NEW> aaj </NEW> </PATCH>
PPL_971384E01BD3,<PATCH> E02 L025 <OLD> Friday shaam 6 pm ko </OLD> <NEW> aj </NEW> </PATCH>
PPL_0427DBF29774,<PATCH> E01 L025 <OLD> 5 am and 6 am ke liye </OLD> <NEW> this month </NEW> </PATCH> <PATCH> E02 L052 <OLD> riverdale </OLD> <NEW> Phoneix </NEW> </PATCH> <PATCH> E03 L052 <OLD> I 270 </OLD> <NEW> Phoneix </NEW> </PATCH> <PATCH> E04 L052 <OLD> Caribbean Islands </OLD> <NEW> Phoneix </NEW> </PATCH>
PPL_44C2CACB1722,<PATCH> E01 L053 <OLD> is traffic hour me </OLD> <NEW> 1:30 tak </NEW> </PATCH> <PATCH> E03 L030 <OLD> aaj kaam ke baad </OLD> <NEW> 1:30 tak </NEW> </PATCH> <PATCH> E04 L020 <OLD> yard sales </OLD> <NEW> mere PT appointment </NEW> </PATCH>
PPL_B43719AC2DBA,<PATCH> E04 L010 <OLD> church ki ladies Pinterest par craft ideas dekhne ke liye </OLD> <NEW> mujhe khaane ke liye cheeze discount nahi karne </NEW> </PATCH>
PPL_6F0BCE812929,<PATCH> E01 L003 <OLD> Jack </OLD> <NEW> mujhe </NEW> </PATCH> <PATCH> E03 L010 <OLD> school registration online karke complete karne </OLD> <NEW> menu plan </NEW> </PATCH>
PPL_16A507A1969A,<PATCH> E01 L004 <OLD> tunes </OLD> <NEW> song </NEW> </PATCH> <PATCH> E04 L007 <OLD> national anthem </OLD> <NEW> hip hop </NEW> </PATCH>
PPL_175EAFB1637B,<PATCH> E01 L025 <OLD> Tuesday at 7 pm ko </OLD> <NEW> is weekend </NEW> </PATCH> <PATCH> E02 L024 <OLD> Tours </OLD> <NEW> dancing </NEW> </PATCH>
PPL_9D460431DCA2,<PATCH> E03 L025 <OLD> Friday raat ke din </OLD> <NEW> Monday ke liye </NEW> </PATCH> <PATCH> E04 L052 <OLD> 110 freeway </OLD> <NEW> Savannah </NEW> </PATCH>
PPL_B4E2EA5A616B,<PATCH> E02 L025 <OLD> Kal dopahar se pehle </OLD> <NEW> is weekend </NEW> </PATCH> <PATCH> E03 L008 <OLD> Vons </OLD> <NEW> Disney Springs </NEW> </PATCH>
PPL_CF8890483274,<PATCH> E03 L025 <OLD> tuesday 5 pm ka </OLD> <NEW> Thursday subah 5 : 30 baje </NEW> </PATCH> <PATCH> E04 L010 <OLD> mere doctor ke </OLD> <NEW> live video workout </NEW> </PATCH>
PPL_ED9A56AAB00B,<PATCH> E01 L052 <OLD> Long Island New York </OLD> <NEW> bayside </NEW> </PATCH> <PATCH> E03 L025 <OLD> aur 20 minutes </OLD> <NEW> kal </NEW> </PATCH>
PPL_F3A08C5691D9,<PATCH> E04 L025 <OLD> Saturday raat 8 baje ko </OLD> <NEW> aaj raat </NEW> </PATCH>
PPL_99CB2BC25D7E,"<PATCH> E01 L025 <OLD> is monday </OLD> <NEW> dopahar </NEW> </PATCH> <PATCH> E03 L052 <OLD> connecticut </OLD> <NEW> Austin </NEW> </PATCH> <PATCH> E04 L025 <OLD> August 8 , 2018 ke liye </OLD> <NEW> dopahar </NEW> </PATCH>"
PPL_18F50A1F4D61,<PATCH> E02 L003 <OLD> Thornbury Software Board </OLD> <NEW> mujhe The Walking Dead ka naya season shuru horaha hai </NEW> </PATCH> <PATCH> E03 L003 <OLD> Emily </OLD> <NEW> mujhe </NEW> </PATCH> <PATCH> E04 L010 <OLD> I am beautiful </OLD> <NEW> mujhe The Walking Dead ka naya season shuru horaha hai </NEW> </PATCH>
PPL_E3EACEE27414,<PATCH> E01 L036 <OLD> dissertation writing </OLD> <NEW> workout </NEW> </PATCH> <PATCH> E02 L025 <OLD> May 7th to 10th </OLD> <NEW> 10 minutes </NEW> </PATCH> <PATCH> E03 L048 <OLD> count down </OLD> <NEW> timer </NEW> </PATCH>
PPL_C705F9A0E99C,<PATCH> E01 L025 <OLD> ek week ke liye </OLD> <NEW> 10 minutes </NEW> </PATCH> <PATCH> E02 L025 <OLD> thirty minute me </OLD> <NEW> 10 minutes </NEW> </PATCH> <PATCH> E04 L025 <OLD> aaj 6 baje aur adhe ghante pehle </OLD> <NEW> 10 minutes </NEW> </PATCH>
PPL_8879DDA27B93,<PATCH> E01 L025 <OLD> agale panch din </OLD> <NEW> Christmas </NEW> </PATCH> <PATCH> E04 L008 <OLD> Christmas Computer classes </OLD> <NEW> Christmas </NEW> </PATCH>
PPL_41EF80B5446A,<PATCH> E01 L025 <OLD> Monday 11 am ko </OLD> <NEW> 10 minutes ke liye </NEW> </PATCH> <PATCH> E02 L048 <OLD> samay </OLD> <NEW> timer </NEW> </PATCH> <PATCH> E03 L025 <OLD> subah 6 baje eastern time par </OLD> <NEW> 10 minutes ke liye </NEW> </PATCH>
PPL_7F3CB11EF65D,<PATCH> E01 L025 <OLD> Moses liye </OLD> <NEW> 4 baje ke bajaye </NEW> </PATCH> <PATCH> E04 L025 <OLD> pehle </OLD> <NEW> 4 baje ke bajaye </NEW> </PATCH>
PPL_1BF0B5F0C8DF,<PATCH> E02 L010 <OLD> agoraphobia payday par apne auto pay ko update karne karne </OLD> <NEW> mujhe ek nayi skill seekhne </NEW> </PATCH>
PPL_074AE60A37A9,<PATCH> E01 L003 <OLD> Mason </OLD> <NEW> mujhe </NEW> </PATCH> <PATCH> E03 L010 <OLD> Dan ka lunch banane </OLD> <NEW> mujhe doctor ki appointment schedule karne </NEW> </PATCH> <PATCH> E04 L003 <OLD> Katie </OLD> <NEW> mujhe </NEW> </PATCH>
PPL_CA8655F0A112,<PATCH> E01 L025 <OLD> aaj raat 8 : 55 PM ke liye </OLD> <NEW> kal dopahar 2 bajhe EST </NEW> </PATCH> <PATCH> E03 L002 <OLD> Samual Johnson </OLD> <NEW> mere school advisor ko email karne ke liye ko text bhejne ke liye </NEW> </PATCH> <PATCH> E04 L003 <OLD> Nashville </OLD> <NEW> Mujhe </NEW> </PATCH>
PPL_E1AF4A8688B2,<PATCH> E04 L002 <OLD> Professor Jackson </OLD> <NEW> John </NEW> </PATCH>
PPL_C87D7836313C,"<PATCH> E01 L024 <OLD> hiking </OLD> <NEW> Music festival </NEW> </PATCH> <PATCH> E02 L052 <OLD> Fort Wayne , Indiana </OLD> <NEW> hardy </NEW> </PATCH> <PATCH> E03 L025 <OLD> subha 8 baje </OLD> <NEW> hardy </NEW> </PATCH>"
PPL_E04B7176B184,<PATCH> E04 L010 <OLD> Jay car ko thik karane </OLD> <NEW> muje Geno funeral me flowers bhejne </NEW> </PATCH>
PPL_19A110E24E77,<PATCH> E01 L010 <OLD> Muje reminder notification send kare 1 hour before </OLD> <NEW> mere paas travel karne ke liye paise nae hai </NEW> </PATCH> <PATCH> E03 L010 <OLD> Jude piano lesson </OLD> <NEW> mere paas travel karne ke liye paise nae hai </NEW> </PATCH>
PPL_8DEB8D5F8E76,<PATCH> E01 L052 <OLD> Vancouver </OLD> <NEW> Schenectady </NEW> </PATCH> <PATCH> E02 L025 <OLD> wednesday evening ke liye </OLD> <NEW> is hafte </NEW> </PATCH> <PATCH> E03 L052 <OLD> 75N </OLD> <NEW> Schenectady </NEW> </PATCH> <PATCH> E04 L025 <OLD> Wednesday ko 4 baje se </OLD> <NEW> is hafte </NEW> </PATCH>
PPL_7A24F29B0319,<PATCH> E01 L025 <OLD> New years </OLD> <NEW> 17th ko </NEW> </PATCH> <PATCH> E03 L010 <OLD> fruit khareedne </OLD> <NEW> court </NEW> </PATCH>
PPL_E7C94B789E98,<PATCH> E01 L003 <OLD> everett </OLD> <NEW> mujhe </NEW> </PATCH> <PATCH> E02 L010 <OLD> yard se Theo ko andar lejaane </OLD> <NEW> Wash U ke sath classes ke liye register karne </NEW> </PATCH> <PATCH> E03 L010 <OLD> walls se paint strip tape ko remove karden </OLD> <NEW> Wash U ke sath classes ke liye register karne </NEW> </PATCH>
PPL_E026310136D1,<PATCH> E01 L010 <OLD> meri mother ko doctor ke appointment par lejaane </OLD> <NEW> Annual reminder set kare to check the christmas lights </NEW> </PATCH> <PATCH> E02 L023 <OLD> 1 pm </OLD> <NEW> on the day after Thanksgiving </NEW> </PATCH> <PATCH> E03 L013 <OLD> har Monday morning </OLD> <NEW> christmas lights </NEW> </PATCH>
PPL_056100818982,<PATCH> E01 L025 <OLD> Wednesday sham 4 : 20 ke liye </OLD> <NEW> hottest city aaj </NEW> </PATCH> <PATCH> E03 L052 <OLD> sun hat </OLD> <NEW> hottest city </NEW> </PATCH> <PATCH> E04 L045 <OLD> is saal leather </OLD> <NEW> hottest city </NEW> </PATCH>
PPL_88F3BCC0B810,<PATCH> E02 L025 <OLD> Monday 1 pm ko </OLD> <NEW> shaam 5 baje ko </NEW> </PATCH> <PATCH> E03 L025 <OLD> 4545 pm ke liye </OLD> <NEW> shaam 5 baje ko </NEW> </PATCH> <PATCH> E04 L025 <OLD> from AM </OLD> <NEW> shaam 5 baje ko </NEW> </PATCH>
PPL_7C4576EEA74B,<PATCH> E03 L003 <OLD> Samantha </OLD> <NEW> mere </NEW> </PATCH> <PATCH> E04 L025 <OLD> 25th ki subha 7 baje </OLD> <NEW> August 26 ke liye </NEW> </PATCH>
PPL_42DFE399FC3C,<PATCH> E01 L010 <OLD> Dr . Wright </OLD> <NEW> work meeting </NEW> </PATCH> <PATCH> E02 L023 <OLD> this coming Monday </OLD> <NEW> 27th August ko </NEW> </PATCH> <PATCH> E03 L010 <OLD> update call tree </OLD> <NEW> work meeting </NEW> </PATCH>
PPL_C5EF176B5A87,<PATCH> E02 L025 <OLD> is wednesday subah 5 baje ko </OLD> <NEW> agley haftey </NEW> </PATCH> <PATCH> E04 L052 <OLD> Fwy . 101 </OLD> <NEW> Phoenix </NEW> </PATCH>
PPL_A7CF91D61F2C,<PATCH> E02 L010 <OLD> mera gmail account check karne </OLD> <NEW> mujhe peanut butter khareedne </NEW> </PATCH> <PATCH> E03 L003 <OLD> Olga </OLD> <NEW> mujhe </NEW> </PATCH> <PATCH> E04 L003 <OLD> Luigi </OLD> <NEW> mujhe </NEW> </PATCH>
PPL_BB196100C4BF,<PATCH> E01 L052 <OLD> monroe st </OLD> <NEW> australia </NEW> </PATCH> <PATCH> E02 L025 <OLD> Is coming weekend </OLD> <NEW> september me </NEW> </PATCH> <PATCH> E04 L025 <OLD> 3 . 30 pm me </OLD> <NEW> september me </NEW> </PATCH>
PPL_927EEC5712E7,<PATCH> E01 L025 <OLD> agle hafte ya do hafte me </OLD> <NEW> Kal raat </NEW> </PATCH> <PATCH> E04 L024 <OLD> Tulip Festival ka showing </OLD> <NEW> punch show </NEW> </PATCH>
PPL_6CAF9E585D5A,<PATCH> E01 L025 <OLD> tuesday subah 10 bajeke </OLD> <NEW> this afternoon </NEW> </PATCH> <PATCH> E03 L045 <OLD> STORM </OLD> <NEW> cloudy </NEW> </PATCH>
PPL_06E580D76378,<PATCH> E01 L010 <OLD> Noah ke vet appointment karne </OLD> <NEW> raise </NEW> </PATCH> <PATCH> E03 L003 <OLD> hiking </OLD> <NEW> Mujhe </NEW> </PATCH>
PPL_BD7223FA56E2,<PATCH> E01 L022 <OLD> 3 ghante ke andar </OLD> <NEW> aas paas </NEW> </PATCH> <PATCH> E03 L024 <OLD> Gift wrapping parties </OLD> <NEW> Christmas caroling </NEW> </PATCH> <PATCH> E04 L025 <OLD> June 1st ko </OLD> <NEW> Christmas </NEW> </PATCH>
PPL_BC897238BB95,<PATCH> E01 L032 <OLD> bring home toilet paper </OLD> <NEW> aapka din kaise beeta </NEW> </PATCH> <PATCH> E04 L002 <OLD> Nina </OLD> <NEW> Peter </NEW> </PATCH>
PPL_3EF1FED080CC,<PATCH> E03 L048 <OLD> Stopwatch </OLD> <NEW> timer </NEW> </PATCH> <PATCH> E04 L025 <OLD> agley Wednesday at 1 pm ke liye </OLD> <NEW> 15 minute me </NEW> </PATCH>
PPL_4099E97799D4,<PATCH> E03 L025 <OLD> kal subha 8 AM ke liye </OLD> <NEW> aj </NEW> </PATCH> <PATCH> E04 L025 <OLD> 3 . 45 aur 3 . 55pm ke liye </OLD> <NEW> aj </NEW> </PATCH>
PPL_978A9FB8C621,<PATCH> E01 L052 <OLD> Puerto Rico </OLD> <NEW> Flint </NEW> </PATCH> <PATCH> E02 L025 <OLD> aj shaam 8 bajhe ko </OLD> <NEW> Aaj </NEW> </PATCH> <PATCH> E03 L025 <OLD> December 27th ke aas paas </OLD> <NEW> Aaj </NEW> </PATCH>
PPL_4CDC5FD0D964,"<PATCH> E01 L025 <OLD> Team Members </OLD> <NEW> aaj ke liye </NEW> </PATCH> <PATCH> E02 L003 <OLD> gold volleyball </OLD> <NEW> mere </NEW> </PATCH> <PATCH> E03 L025 <OLD> jan ke liye </OLD> <NEW> aaj ke liye </NEW> </PATCH> <PATCH> E04 L025 <OLD> Saturday , August 4th ko 10a </OLD> <NEW> aaj ke liye </NEW> </PATCH>"
PPL_1E77CD99ADFB,<PATCH> E01 L002 <OLD> Linnea </OLD> <NEW> Daniel </NEW> </PATCH> <PATCH> E02 L032 <OLD> he wants food </OLD> <NEW> party mei aaye </NEW> </PATCH> <PATCH> E03 L002 <OLD> teacher </OLD> <NEW> Daniel </NEW> </PATCH>
PPL_91E31EE9C9F7,<PATCH> E01 L024 <OLD> the Native American Arts Festival </OLD> <NEW> celebration parties </NEW> </PATCH> <PATCH> E03 L024 <OLD> Sunday 6 o ' clock </OLD> <NEW> 2018 celebration parties </NEW> </PATCH>
PPL_7EBC60E291A0,<PATCH> E01 L003 <OLD> jen </OLD> <NEW> mere </NEW> </PATCH> <PATCH> E03 L010 <OLD> hamare soccer match </OLD> <NEW> mere koi meal prep </NEW> </PATCH>
PPL_3F9414E1FB76,<PATCH> E01 L047 <OLD> Saare </OLD> <NEW> sabhi </NEW> </PATCH> <PATCH> E02 L018 <OLD> dekh sakta </OLD> <NEW> dikhao </NEW> </PATCH> <PATCH> E03 L025 <OLD> 7 . 30 </OLD> <NEW> kal ke liye </NEW> </PATCH> <PATCH> E04 L003 <OLD> mere teammates </OLD> <NEW> mere </NEW> </PATCH>
PPL_31965605879A,<PATCH> E01 L048 <OLD> Countdown </OLD> <NEW> timer </NEW> </PATCH> <PATCH> E04 L025 <OLD> for the holidays </OLD> <NEW> 20 minutes </NEW> </PATCH>
PPL_E339D8ED1507,<PATCH> E01 L032 <OLD> when they are coming in this week </OLD> <NEW> friday ko work pot luck ke liye me kya laau? </NEW> </PATCH> <PATCH> E02 L032 <OLD> he wants to go to the Bronco ' s game </OLD> <NEW> friday ko work pot luck ke liye me kya laau? </NEW> </PATCH> <PATCH> E04 L032 <OLD> Nanette se contact kar sakte hai aur dekh sakte hai </OLD> <NEW> friday ko work pot luck </NEW> </PATCH>
PPL_71F35AE41AED,<PATCH> E01 L048 <OLD> Stopwatch </OLD> <NEW> timer </NEW> </PATCH> <PATCH> E04 L048 <OLD> countdown timer </OLD> <NEW> timer </NEW> </PATCH>
PPL_C88F73BE6ADC,<PATCH> E01 L048 <OLD> timers </OLD> <NEW> timer </NEW> </PATCH> <PATCH> E04 L057 <OLD> TUESDAY KO utne </OLD> <NEW> 30 minutes ke liye </NEW> </PATCH>
PPL_7B62AD05CB89,<PATCH> E01 L025 <OLD> twelve hours </OLD> <NEW> 10 minutes ke liye </NEW> </PATCH> <PATCH> E02 L048 <OLD> Count down </OLD> <NEW> timer </NEW> </PATCH> <PATCH> E03 L048 <OLD> 2 hours </OLD> <NEW> timer </NEW> </PATCH>
PPL_5D1974F062AD,<PATCH> E02 L046 <OLD> khelenge </OLD> <NEW> concerts </NEW> </PATCH> <PATCH> E04 L025 <OLD> Janauary 2019 se </OLD> <NEW> December 25th ke pehle </NEW> </PATCH>
PPL_3F55A1C5304E,<PATCH> E02 L032 <OLD> I ' m gay </OLD> <NEW> good job </NEW> </PATCH> <PATCH> E04 L002 <OLD> Celeste </OLD> <NEW> Johnny </NEW> </PATCH>
PPL_5F52A1D888F4,<PATCH> E02 L057 <OLD> last winter </OLD> <NEW> 20 minutes ke liye </NEW> </PATCH>
PPL_72545A358836,<PATCH> E01 L025 <OLD> 8 minutes and 10 seconds ke liye </OLD> <NEW> kal subha </NEW> </PATCH>
PPL_6B222C676B21,<PATCH> E01 L003 <OLD> Shauna </OLD> <NEW> mere </NEW> </PATCH> <PATCH> E02 L010 <OLD> bank account ko band karne </OLD> <NEW> mere chores </NEW> </PATCH> <PATCH> E03 L003 <OLD> bible study </OLD> <NEW> laundry ko Shauna chores </NEW> </PATCH>
PPL_A0FCD197B604,<PATCH> E02 L025 <OLD> agle saal </OLD> <NEW> aj </NEW> </PATCH> <PATCH> E03 L045 <OLD> barfila toofan </OLD> <NEW> garmi </NEW> </PATCH> <PATCH> E04 L025 <OLD> Agle mothers day </OLD> <NEW> aj </NEW> </PATCH>
PPL_2F66CBFDC6EE,<PATCH> E02 L052 <OLD> high lines </OLD> <NEW> exit 394 </NEW> </PATCH> <PATCH> E04 L025 <OLD> aaj se 120 din baad </OLD> <NEW> abhi </NEW> </PATCH>
PPL_C6D5CB5C9D44,<PATCH> E01 L052 <OLD> grand rapids </OLD> <NEW> Salem </NEW> </PATCH> <PATCH> E02 L045 <OLD> 31 </OLD> <NEW> baarish </NEW> </PATCH> <PATCH> E03 L052 <OLD> Tempe </OLD> <NEW> Salem </NEW> </PATCH> <PATCH> E04 L045 <OLD> Sunshine </OLD> <NEW> baarish </NEW> </PATCH>
PPL_E1B82CF7B85C,"<PATCH> E01 L025 <OLD> aj 5 pm ke liye </OLD> <NEW> is mahine </NEW> </PATCH> <PATCH> E03 L025 <OLD> September 1 , 2018 ko </OLD> <NEW> is mahine </NEW> </PATCH> <PATCH> E04 L045 <OLD> high pressure ki wave </OLD> <NEW> barish </NEW> </PATCH>"
PPL_06B1B191A879,<PATCH> E01 L025 <OLD> mere 4th ke liye subah 6 baje </OLD> <NEW> kal </NEW> </PATCH> <PATCH> E04 L003 <OLD> Belamy </OLD> <NEW> mujhe </NEW> </PATCH>
PPL_651E8E25A856,<PATCH> E01 L019 <OLD> greensboro </OLD> <NEW> washington </NEW> </PATCH> <PATCH> E03 L049 <OLD> san juan </OLD> <NEW> Wisconsin </NEW> </PATCH>
PPL_276120364836,<PATCH> E02 L052 <OLD> uptown Charlotte </OLD> <NEW> zip 11211 </NEW> </PATCH> <PATCH> E04 L038 <OLD> pollen </OLD> <NEW> weekly </NEW> </PATCH>
PPL_F45481C5ECB8,<PATCH> E04 L025 <OLD> agle Tuesday subah 5 baje </OLD> <NEW> Aaj raat </NEW> </PATCH>
PPL_B54CD08FD0B8,<PATCH> E03 L003 <OLD> Danny </OLD> <NEW> mere </NEW> </PATCH>
PPL_14C799D59A4D,<PATCH> E01 L025 <OLD> subha 9 : 00 baje ke liye </OLD> <NEW> Kal </NEW> </PATCH> <PATCH> E02 L052 <OLD> akron Ohio </OLD> <NEW> San Francisco </NEW> </PATCH>
PPL_49AEF3C265FA,<PATCH> E02 L003 <OLD> Krissy </OLD> <NEW> Muje </NEW> </PATCH>
PPL_9278ADC9DCD8,<PATCH> E02 L025 <OLD> tuesday subah ke liye </OLD> <NEW> 3 pm Lallana ke caps badalne jaane wale hai ; unhe 30 minutes pehle </NEW> </PATCH> <PATCH> E03 L010 <OLD> hum 3 pm Lallana </OLD> <NEW> jane ke liye </NEW> </PATCH> <PATCH> E04 L003 <OLD> Mene </OLD> <NEW> Abby </NEW> </PATCH>
PPL_F95CA8CF08E9,<PATCH> E01 L010 <OLD> moms bday ke liye card laane ke liye </OLD> <NEW> lunch </NEW> </PATCH> <PATCH> E02 L025 <OLD> MJ friday subah </OLD> <NEW> sunday 2 pm ko </NEW> </PATCH> <PATCH> E03 L010 <OLD> math study </OLD> <NEW> mujhe sunday 2 pm ko lunch </NEW> </PATCH>
PPL_A6C701B7D40F,<PATCH> E01 L019 <OLD> las Vegas </OLD> <NEW> Wathena </NEW> </PATCH> <PATCH> E02 L049 <OLD> Carmel </OLD> <NEW> Elwood </NEW> </PATCH> <PATCH> E03 L049 <OLD> douglasville </OLD> <NEW> Elwood </NEW> </PATCH> <PATCH> E04 L019 <OLD> estes park </OLD> <NEW> Wathena </NEW> </PATCH>
PPL_98CF601B8EE2,<PATCH> E02 L032 <OLD> mai use ek ghante me mil jaunga </OLD> <NEW> Party at Lily's house </NEW> </PATCH> <PATCH> E03 L002 <OLD> Gavyn </OLD> <NEW> Zoe </NEW> </PATCH> <PATCH> E04 L002 <OLD> Eileen </OLD> <NEW> Zoe </NEW> </PATCH>
PPL_A28821186875,<PATCH> E01 L025 <OLD> tuesday march 5 ko 8 am ke liye </OLD> <NEW> 7 taareekh ko </NEW> </PATCH> <PATCH> E02 L010 <OLD> submit my letter of intent </OLD> <NEW> CBO ' s QB training webinar </NEW> </PATCH> <PATCH> E03 L023 <OLD> agle Monday subah 5 baje ke liye </OLD> <NEW> 2 ghante pehle </NEW> </PATCH> <PATCH> E04 L025 <OLD> 3 oclock ke liye </OLD> <NEW> 7 taareekh ko </NEW> </PATCH>
PPL_CEAC69D58DEA,<PATCH> E03 L025 <OLD> 9 : 45 am ke liye </OLD> <NEW> 20 minutes ke liye </NEW> </PATCH> <PATCH> E04 L048 <OLD> timer suspend </OLD> <NEW> timer </NEW> </PATCH>
PPL_80E4F91F1E5A,<PATCH> E01 L025 <OLD> Monday subha ke pehle cheeze heavy or </OLD> <NEW> kal afternoon </NEW> </PATCH> <PATCH> E04 L045 <OLD> sunhat </OLD> <NEW> baarish </NEW> </PATCH>
PPL_84E5ADFD498C,<PATCH> E01 L023 <OLD> 7 minutes ka </OLD> <NEW> kal </NEW> </PATCH> <PATCH> E03 L010 <OLD> Jax ko uski flea medicine dene </OLD> <NEW> art class ke liye crayons kharidne ke liye </NEW> </PATCH> <PATCH> E04 L003 <OLD> scouts </OLD> <NEW> Mujhe </NEW> </PATCH>
PPL_03DCF9D2BA65,<PATCH> E01 L052 <OLD> south west of WA </OLD> <NEW> Long Island New York </NEW> </PATCH> <PATCH> E02 L025 <OLD> 10 - minute me </OLD> <NEW> agle haftey </NEW> </PATCH>
PPL_A4D005262368,<PATCH> E01 L010 <OLD> mere paas return books </OLD> <NEW> breakfast meeting </NEW> </PATCH> <PATCH> E02 L003 <OLD> Xander </OLD> <NEW> mujhe </NEW> </PATCH> <PATCH> E03 L010 <OLD> Kevin </OLD> <NEW> breakfast meeting </NEW> </PATCH> <PATCH> E04 L025 <OLD> saturday ko 7 to 9 </OLD> <NEW> Friday ko </NEW> </PATCH>
PPL_B05F81907F96,<PATCH> E02 L025 <OLD> Friday ko 3 : 30 pm ko </OLD> <NEW> dopahar 1 : 00 baje </NEW> </PATCH> <PATCH> E03 L025 <OLD> Carrie dopahar 1 : 00 baje </OLD> <NEW> dopahar 1 : 00 baje </NEW> </PATCH>
PPL_B5C25E621D41,"<PATCH> E01 L013 <OLD> har mahine , evening 10 pm ke liye </OLD> <NEW> har mahine dusre Thursday ki shaam ko </NEW> </PATCH> <PATCH> E03 L003 <OLD> Will </OLD> <NEW> muje </NEW> </PATCH> <PATCH> E04 L013 <OLD> har 4 mahine dusre Thursday ki shaam ko </OLD> <NEW> har mahine dusre Thursday ki shaam ko </NEW> </PATCH>"
PPL_8C1BD0C868E0,<PATCH> E01 L010 <OLD> 60 mins ke liye medications </OLD> <NEW> 15 minutes me oven band karne </NEW> </PATCH>
PPL_04D0ADE7772E,<PATCH> E02 L045 <OLD> agle Monday subah 5 baje ke liye ko rain ponchos </OLD> <NEW> aaj raat jacket </NEW> </PATCH>
PPL_DCA53BA64B0E,<PATCH> E01 L025 <OLD> agle sunday sham 5 baje </OLD> <NEW> mahine ke second last day </NEW> </PATCH> <PATCH> E02 L010 <OLD> new apartment ke liye application fill karne ke liye </OLD> <NEW> invoices submit karne </NEW> </PATCH> <PATCH> E03 L025 <OLD> is Thursday </OLD> <NEW> mahine ke second last day </NEW> </PATCH> <PATCH> E04 L025 <OLD> Aaj 2 00 pm ko </OLD> <NEW> mahine ke second last day </NEW> </PATCH>
PPL_80FD6FD1D98D,<PATCH> E01 L048 <OLD> samay </OLD> <NEW> timer </NEW> </PATCH> <PATCH> E02 L025 <OLD> 11 months ke liye </OLD> <NEW> 5 minutes me </NEW> </PATCH> <PATCH> E03 L048 <OLD> timeout </OLD> <NEW> timer </NEW> </PATCH> <PATCH> E04 L025 <OLD> around 8 : 30 am tomorrow </OLD> <NEW> 5 minutes me </NEW> </PATCH>
PPL_C165409EE50D,"<PATCH> E02 L025 <OLD> thursday morning at 9 am </OLD> <NEW> this weekend </NEW> </PATCH> <PATCH> E03 L052 <OLD> vancouver , wa </OLD> <NEW> Antioch </NEW> </PATCH> <PATCH> E04 L052 <OLD> russias </OLD> <NEW> Antioch </NEW> </PATCH>"
PPL_0964848B2C0A,<PATCH> E01 L045 <OLD> Christmas Eve </OLD> <NEW> tropical storm </NEW> </PATCH> <PATCH> E02 L045 <OLD> thunder snow </OLD> <NEW> tropical storm </NEW> </PATCH> <PATCH> E04 L045 <OLD> colder </OLD> <NEW> tropical storm </NEW> </PATCH>
PPL_50D9986C9988,"<PATCH> E01 L025 <OLD> kal 3 : 00 </OLD> <NEW> Saturday ko </NEW> </PATCH> <PATCH> E04 L052 <OLD> Fairbanks , AK </OLD> <NEW> boston </NEW> </PATCH>"
PPL_C711437E766A,<PATCH> E01 L048 <OLD> timeout timer </OLD> <NEW> timer </NEW> </PATCH> <PATCH> E04 L025 <OLD> April 11 ke liye </OLD> <NEW> 3 minutes </NEW> </PATCH>
PPL_EB02C0098CBE,<PATCH> E02 L004 <OLD> song track </OLD> <NEW> artist </NEW> </PATCH> <PATCH> E03 L044 <OLD> indie </OLD> <NEW> pop </NEW> </PATCH> <PATCH> E04 L004 <OLD> soundrack </OLD> <NEW> artist </NEW> </PATCH>
PPL_A77E034EFA04,<PATCH> E01 L045 <OLD> umbrella ki speed high </OLD> <NEW> barf </NEW> </PATCH> <PATCH> E02 L025 <OLD> saturday ko 7 to 9 mein </OLD> <NEW> is saal </NEW> </PATCH>
PPL_3253B1B0B23B,<PATCH> E01 L025 <OLD> raining degree </OLD> <NEW> 59 </NEW> </PATCH> <PATCH> E04 L025 <OLD> dopahar 1 baje Menlo Park ke aas paas </OLD> <NEW> kal subah </NEW> </PATCH>
PPL_88CAC6ACB5FE,<PATCH> E01 L052 <OLD> Canton </OLD> <NEW> Orlando </NEW> </PATCH> <PATCH> E03 L025 <OLD> June 10 ko subah 6 baje </OLD> <NEW> next week </NEW> </PATCH> <PATCH> E04 L025 <OLD> subah 7 : 00 bajhe </OLD> <NEW> next week </NEW> </PATCH>
PPL_BB7723ED20ED,<PATCH> E01 L025 <OLD> upcoming weekend ke liye </OLD> <NEW> Is weekend </NEW> </PATCH> <PATCH> E02 L025 <OLD> 7 a . m me </OLD> <NEW> Is weekend </NEW> </PATCH> <PATCH> E04 L052 <OLD> belt parkway </OLD> <NEW> Ocean City </NEW> </PATCH>
PPL_CC23EB940694,<PATCH> E02 L052 <OLD> 3 pm se Richfield MN </OLD> <NEW> Friday 15th ko England </NEW> </PATCH>
PPL_45BA98E9988D,<PATCH> E01 L002 <OLD> Robby </OLD> <NEW> Use </NEW> </PATCH> <PATCH> E03 L002 <OLD> Floyd </OLD> <NEW> Use </NEW> </PATCH>
PPL_E9F05A80DE22,<PATCH> E02 L010 <OLD> Cam meri water bottle laane </OLD> <NEW> Muje buy a birthday gift for mom </NEW> </PATCH>
PPL_746456B8F6D7,<PATCH> E03 L010 <OLD> parent teacher conference </OLD> <NEW> car ko clean </NEW> </PATCH> <PATCH> E04 L010 <OLD> Good Friday 2020 </OLD> <NEW> Aaj ke liye </NEW> </PATCH>
PPL_957EA13EA830,<PATCH> E01 L024 <OLD> Farmer market events </OLD> <NEW> wine tasting event </NEW> </PATCH> <PATCH> E02 L025 <OLD> October 3rd </OLD> <NEW> Is mahine </NEW> </PATCH> <PATCH> E03 L025 <OLD> mahine ke end me </OLD> <NEW> Is mahine </NEW> </PATCH>
PPL_2ED9B7F6535E,<PATCH> E02 L025 <OLD> Ray pas thursday ke liye </OLD> <NEW> thursday ke liye </NEW> </PATCH> <PATCH> E04 L025 <OLD> shaam 4 . 00 baje </OLD> <NEW> thursday ke liye </NEW> </PATCH>
PPL_CEB95B8C85D7,<PATCH> E01 L025 <OLD> weekends par subha 8 baje ke liye </OLD> <NEW> kal raat </NEW> </PATCH> <PATCH> E02 L010 <OLD> call out karne </OLD> <NEW> mere hair appointment </NEW> </PATCH> <PATCH> E03 L010 <OLD> mere in - laws are coming to visit </OLD> <NEW> mere hair appointment </NEW> </PATCH> <PATCH> E04 L010 <OLD> counselling is </OLD> <NEW> mere hair appointment </NEW> </PATCH>
PPL_858EE8AD4531,<PATCH> E01 L010 <OLD> oil ko change </OLD> <NEW> meeting </NEW> </PATCH> <PATCH> E02 L057 <OLD> agli </OLD> <NEW> agla </NEW> </PATCH> <PATCH> E03 L010 <OLD> meri mother ke nursing home </OLD> <NEW> mera agli meeting </NEW> </PATCH> <PATCH> E04 L003 <OLD> Shannon </OLD> <NEW> mera </NEW> </PATCH>
PPL_9A3B1FB0E43F,<PATCH> E03 L003 <OLD> students </OLD> <NEW> Muje </NEW> </PATCH> <PATCH> E04 L010 <OLD> mujhe jane se pehle Goodwill items gather karne </OLD> <NEW> buy more copy paper </NEW> </PATCH>
PPL_3F9FFC79681B,<PATCH> E04 L048 <OLD> count </OLD> <NEW> timer </NEW> </PATCH>
PPL_8C0311F0478E,<PATCH> E02 L032 <OLD> I am not sure </OLD> <NEW> maine car nahi khareedi. </NEW> </PATCH> <PATCH> E04 L002 <OLD> driver </OLD> <NEW> Scott </NEW> </PATCH>
PPL_E7A0ED8057D5,<PATCH> E02 L003 <OLD> flooring company </OLD> <NEW> muje </NEW> </PATCH> <PATCH> E03 L003 <OLD> madelyn </OLD> <NEW> muje </NEW> </PATCH> <PATCH> E04 L025 <OLD> monday ko 9 baje </OLD> <NEW> kal </NEW> </PATCH>
PPL_D349A456249E,<PATCH> E01 L036 <OLD> cleaning </OLD> <NEW> brownies </NEW> </PATCH> <PATCH> E02 L036 <OLD> timeout timer ko 4 o clock ko </OLD> <NEW> 15 minutes </NEW> </PATCH>
PPL_A45A3DD1CFBE,<PATCH> E02 L025 <OLD> Friday subah </OLD> <NEW> is hafte </NEW> </PATCH>
PPL_CBAE47BD9F45,<PATCH> E01 L025 <OLD> kal subah 7 45 bajhe ke liye </OLD> <NEW> is Wednesday </NEW> </PATCH> <PATCH> E02 L010 <OLD> lunch </OLD> <NEW> pilates class </NEW> </PATCH> <PATCH> E04 L023 <OLD> aaj raat </OLD> <NEW> Friday ke liye </NEW> </PATCH>
PPL_4CCCF6965BAF,<PATCH> E02 L002 <OLD> tiff </OLD> <NEW> Steve </NEW> </PATCH>
PPL_3CF03962BF0F,<PATCH> E01 L002 <OLD> Curt </OLD> <NEW> Brian </NEW> </PATCH> <PATCH> E02 L002 <OLD> Ankita </OLD> <NEW> Brian </NEW> </PATCH> <PATCH> E03 L032 <OLD> meeting time and date </OLD> <NEW> mujhse seedhiyaun ke neeche library me milen </NEW> </PATCH> <PATCH> E04 L002 <OLD> Johnny </OLD> <NEW> Brian </NEW> </PATCH>
PPL_D844C1AA206D,<PATCH> E02 L002 <OLD> Alisson </OLD> <NEW> John N </NEW> </PATCH> <PATCH> E04 L032 <OLD> mujhe uska card mail me mil gaya hai </OLD> <NEW> sales meeting kitne bajhe hogi </NEW> </PATCH>
PPL_7AF0EC1D5817,<PATCH> E01 L003 <OLD> music </OLD> <NEW> Muje </NEW> </PATCH> <PATCH> E02 L003 <OLD> Tannis </OLD> <NEW> Muje </NEW> </PATCH> <PATCH> E04 L010 <OLD> kids ko dance se pick up karne </OLD> <NEW> dekhne ke liye </NEW> </PATCH>
PPL_88E285A0E599,<PATCH> E01 L010 <OLD> sewing club meeting </OLD> <NEW> Mujhe hair appointment </NEW> </PATCH> <PATCH> E03 L003 <OLD> jeff </OLD> <NEW> Mujhe </NEW> </PATCH>
PPL_DE1A83D4B921,"<PATCH> E02 L019 <OLD> Edwards , MS </OLD> <NEW> Mccall , Idaho </NEW> </PATCH> <PATCH> E04 L049 <OLD> Panama City , FL </OLD> <NEW> Meridian </NEW> </PATCH>"
PPL_A996446669EA,<PATCH> E01 L002 <OLD> Jay </OLD> <NEW> linda </NEW> </PATCH> <PATCH> E02 L032 <OLD> i ' ll be there around noon </OLD> <NEW> the show starts at 6 pm on monday </NEW> </PATCH> <PATCH> E03 L002 <OLD> Jasmine </OLD> <NEW> linda </NEW> </PATCH> <PATCH> E04 L032 <OLD> she has to clean her room </OLD> <NEW> the show starts at 6 pm on monday </NEW> </PATCH>
PPL_5E2F504DB73C,<PATCH> E01 L025 <OLD> entire weekend </OLD> <NEW> ten minutes </NEW> </PATCH> <PATCH> E02 L048 <OLD> stopwatch </OLD> <NEW> timer </NEW> </PATCH> <PATCH> E03 L025 <OLD> weekday ko 6 p . m ko </OLD> <NEW> ten minutes </NEW> </PATCH> <PATCH> E04 L025 <OLD> 3 pm se </OLD> <NEW> ten minutes </NEW> </PATCH>
PPL_0FEBD232999B,<PATCH> E01 L002 <OLD> Doyel </OLD> <NEW> Pizza Hut </NEW> </PATCH> <PATCH> E04 L002 <OLD> Lu </OLD> <NEW> Pizza Hut </NEW> </PATCH>
PPL_756629BB2AB0,<PATCH> E01 L048 <OLD> snooze </OLD> <NEW> timer </NEW> </PATCH> <PATCH> E02 L025 <OLD> last five days ke </OLD> <NEW> 30 second </NEW> </PATCH> <PATCH> E03 L025 <OLD> agley haftey Wednesday at 4 pm </OLD> <NEW> 30 second </NEW> </PATCH> <PATCH> E04 L048 <OLD> countdown </OLD> <NEW> timer </NEW> </PATCH>
PPL_F6A037B103E8,<PATCH> E02 L019 <OLD> san clemente </OLD> <NEW> las vegas </NEW> </PATCH> <PATCH> E03 L049 <OLD> Wisconsin </OLD> <NEW> los angeles </NEW> </PATCH>
PPL_75431ECB52C0,<PATCH> E02 L052 <OLD> Hwy 98 </OLD> <NEW> Memphis </NEW> </PATCH> <PATCH> E03 L025 <OLD> aaj raat 7 baje ke liye </OLD> <NEW> aj raat </NEW> </PATCH>
PPL_6067E2DCE8E1,<PATCH> E04 L025 <OLD> 45 minutes ka lightning </OLD> <NEW> aj </NEW> </PATCH>
PPL_141E22F67E6C,<PATCH> E02 L003 <OLD> players </OLD> <NEW> mujhe </NEW> </PATCH> <PATCH> E03 L010 <OLD> mere laptop time zone ko Central me badalne ke liye </OLD> <NEW> Vitamin C </NEW> </PATCH> <PATCH> E04 L010 <OLD> frig ko saaf </OLD> <NEW> Vitamin C </NEW> </PATCH>
PPL_7FD9D3DEA731,<PATCH> E01 L025 <OLD> 7 : 30 alarm ko Guinea pig treats order karne </OLD> <NEW> Tuesday ke din 8 baje </NEW> </PATCH> <PATCH> E04 L010 <OLD> fall classes ke liye register karne ke liye </OLD> <NEW> meeting </NEW> </PATCH>
PPL_BE71A9709274,<PATCH> E01 L019 <OLD> albany aur Huntington Valley </OLD> <NEW> Portland </NEW> </PATCH>
PPL_B37D4CCFE871,<PATCH> E01 L052 <OLD> Orange County </OLD> <NEW> St Louis area </NEW> </PATCH> <PATCH> E02 L024 <OLD> comedy show </OLD> <NEW> the Nutcracker ballet shows </NEW> </PATCH>
PPL_4032234E598D,<PATCH> E02 L045 <OLD> tropical storms </OLD> <NEW> rain </NEW> </PATCH> <PATCH> E04 L025 <OLD> 8 . 30 am aur 4 pm ko </OLD> <NEW> aj </NEW> </PATCH>
PPL_8FB48F067D4E,<PATCH> E01 L024 <OLD> ball drop </OLD> <NEW> plays </NEW> </PATCH> <PATCH> E02 L052 <OLD> PCB </OLD> <NEW> new mexico </NEW> </PATCH> <PATCH> E03 L024 <OLD> movie showing </OLD> <NEW> plays </NEW> </PATCH>
PPL_92F12849E9B7,<PATCH> E02 L052 <OLD> Ash Street </OLD> <NEW> bahar </NEW> </PATCH> <PATCH> E03 L052 <OLD> shanghai </OLD> <NEW> bahar </NEW> </PATCH> <PATCH> E04 L045 <OLD> Thunderstorms </OLD> <NEW> gila </NEW> </PATCH>
PPL_7220971A95A7,<PATCH> E01 L003 <OLD> Danny </OLD> <NEW> mujhe </NEW> </PATCH> <PATCH> E02 L010 <OLD> hamare meeting ke samay receipt dikhao </OLD> <NEW> mail pick up karne </NEW> </PATCH> <PATCH> E03 L003 <OLD> jogging team </OLD> <NEW> mujhe </NEW> </PATCH> <PATCH> E04 L010 <OLD> shed ko fix </OLD> <NEW> mail pick up karne </NEW> </PATCH>
PPL_6333458570FF,<PATCH> E01 L048 <OLD> countdown timer </OLD> <NEW> timer </NEW> </PATCH> <PATCH> E02 L048 <OLD> timer . </OLD> <NEW> timer </NEW> </PATCH> <PATCH> E03 L048 <OLD> timeout </OLD> <NEW> timer </NEW> </PATCH> <PATCH> E04 L048 <OLD> 90 sec </OLD> <NEW> 5 minutes </NEW> </PATCH>
PPL_20CB42CE0875,<PATCH> E01 L048 <OLD> timeout </OLD> <NEW> timer </NEW> </PATCH> <PATCH> E03 L025 <OLD> kal 1 : 30 PM ko </OLD> <NEW> 15 minutes ka </NEW> </PATCH>
PPL_45DBD9542D80,<PATCH> E01 L010 <OLD> shirts order </OLD> <NEW> court </NEW> </PATCH> <PATCH> E02 L025 <OLD> 20th may ke liye </OLD> <NEW> 17th ko </NEW> </PATCH>
PPL_479EF162013E,<PATCH> E02 L025 <OLD> 1st January subah 7 baje ke liye </OLD> <NEW> 12 seconds ke liye </NEW> </PATCH> <PATCH> E04 L048 <OLD> timing </OLD> <NEW> timer </NEW> </PATCH>
PPL_E7691A6C1D3D,<PATCH> E01 L025 <OLD> monday subah 12 baje ke liye </OLD> <NEW> ant ghante ke liye </NEW> </PATCH> <PATCH> E02 L048 <OLD> samay </OLD> <NEW> timer </NEW> </PATCH> <PATCH> E03 L048 <OLD> timeout </OLD> <NEW> timer </NEW> </PATCH> <PATCH> E04 L025 <OLD> subah 7 bajhe </OLD> <NEW> ant ghante ke liye </NEW> </PATCH>
PPL_D2F38A168CED,<PATCH> E01 L002 <OLD> Bert </OLD> <NEW> Peter </NEW> </PATCH> <PATCH> E02 L002 <OLD> Justin </OLD> <NEW> Peter </NEW> </PATCH> <PATCH> E04 L002 <OLD> Gabriel Chaile </OLD> <NEW> Peter </NEW> </PATCH>
PPL_037FA4BB7E8E,"<PATCH> E01 L019 <OLD> Martinsville , va </OLD> <NEW> Silver Spring </NEW> </PATCH> <PATCH> E02 L019 <OLD> Newyork </OLD> <NEW> Fairfax </NEW> </PATCH> <PATCH> E03 L019 <OLD> 87th Avenue </OLD> <NEW> Fairfax </NEW> </PATCH> <PATCH> E04 L019 <OLD> Waco Tx </OLD> <NEW> Silver Spring </NEW> </PATCH>"
PPL_BECE7C7EDE48,"<PATCH> E02 L049 <OLD> charlotte , nc </OLD> <NEW> Boston </NEW> </PATCH> <PATCH> E04 L019 <OLD> Mccall , Idaho </OLD> <NEW> New Orleans </NEW> </PATCH>"
PPL_1FEB75C4D898,<PATCH> E01 L003 <OLD> Shawn </OLD> <NEW> mujhe </NEW> </PATCH> <PATCH> E03 L025 <OLD> at 14 </OLD> <NEW> sham 9 baje </NEW> </PATCH> <PATCH> E04 L013 <OLD> every 6 sham 9 baje </OLD> <NEW> rozana sham 9 baje </NEW> </PATCH>
PPL_A2D1EC1952CB,<PATCH> E03 L025 <OLD> thursday se </OLD> <NEW> 15 minutes ke liye </NEW> </PATCH>
PPL_1F0311954A0B,"<PATCH> E02 L052 <OLD> Montgomery County , PA </OLD> <NEW> Denver </NEW> </PATCH> <PATCH> E03 L025 <OLD> August 30th ko 5 pm ko </OLD> <NEW> is maheene </NEW> </PATCH> <PATCH> E04 L052 <OLD> Beltway </OLD> <NEW> Denver </NEW> </PATCH>"
PPL_265F800058B1,<PATCH> E02 L025 <OLD> aaj ke baaki din ke liye </OLD> <NEW> monday ko </NEW> </PATCH> <PATCH> E04 L035 <OLD> Kev </OLD> <NEW> mere </NEW> </PATCH>
PPL_679CE3115E7B,<PATCH> E01 L045 <OLD> short sleeves </OLD> <NEW> humidity </NEW> </PATCH> <PATCH> E02 L025 <OLD> kal raat 9 bajhe </OLD> <NEW> kal </NEW> </PATCH>
PPL_625628438541,<PATCH> E01 L025 <OLD> Wednesday ko subah 6:00 baje ke liye </OLD> <NEW> 8 minutes ke liye </NEW> </PATCH> <PATCH> E02 L025 <OLD> agale 3 dino ke liye </OLD> <NEW> 8 minutes ke liye </NEW> </PATCH> <PATCH> E03 L025 <OLD> 5 minute ke andar </OLD> <NEW> 8 minutes ke liye </NEW> </PATCH>
PPL_83E34027DD3B,"<PATCH> E01 L019 <OLD> Phoenix , Arizona </OLD> <NEW> miami </NEW> </PATCH> <PATCH> E02 L049 <OLD> Martinsville </OLD> <NEW> bradenton </NEW> </PATCH> <PATCH> E03 L049 <OLD> Hong Kong </OLD> <NEW> bradenton </NEW> </PATCH> <PATCH> E04 L019 <OLD> Cincinnati OH </OLD> <NEW> bradenton </NEW> </PATCH>"
PPL_CF6EF9DF447E,<PATCH> E01 L013 <OLD> Har din teen meals lene ke liye </OLD> <NEW> doudne ke liye </NEW> </PATCH> <PATCH> E03 L025 <OLD> agle haftey mei </OLD> <NEW> subah 11 baje </NEW> </PATCH>
PPL_9B89BB7B3363,<PATCH> E03 L010 <OLD> ava ' s birthday party </OLD> <NEW> grocery kharidne ke </NEW> </PATCH> <PATCH> E04 L010 <OLD> Gavin </OLD> <NEW> Mere </NEW> </PATCH>
PPL_3F5816A20766,<PATCH> E02 L025 <OLD> Tuesday 2 pm me </OLD> <NEW> Tuesday ke liye </NEW> </PATCH> <PATCH> E03 L025 <OLD> hamara by 8 pm on Sunday </OLD> <NEW> Tuesday ke liye </NEW> </PATCH> <PATCH> E04 L025 <OLD> 21st sham 7 bajhe ke liye </OLD> <NEW> Tuesday ke liye </NEW> </PATCH>
PPL_58A05AD641D0,<PATCH> E01 L010 <OLD> carrots kharidne ke liye </OLD> <NEW> dog </NEW> </PATCH> <PATCH> E04 L003 <OLD> Addison </OLD> <NEW> mere </NEW> </PATCH>
PPL_DC687F315AA1,<PATCH> E03 L025 <OLD> June 6th ko 11 am ko </OLD> <NEW> Aaj raat </NEW> </PATCH> <PATCH> E04 L010 <OLD> meri closet saaf </OLD> <NEW> choir practise </NEW> </PATCH>
PPL_497C7FE5A944,<PATCH> E01 L044 <OLD> edm </OLD> <NEW> R & B </NEW> </PATCH> <PATCH> E02 L004 <OLD> play lists </OLD> <NEW> songs </NEW> </PATCH> <PATCH> E03 L044 <OLD> dancehall </OLD> <NEW> R & B </NEW> </PATCH> <PATCH> E04 L004 <OLD> sound track </OLD> <NEW> songs </NEW> </PATCH>
PPL_22B692B876D5,<PATCH> E01 L048 <OLD> Coutndown </OLD> <NEW> timer </NEW> </PATCH> <PATCH> E02 L025 <OLD> 1 : 30 p . m ke liye </OLD> <NEW> 3 hours </NEW> </PATCH> <PATCH> E03 L025 <OLD> friday subah </OLD> <NEW> 3 hours </NEW> </PATCH> <PATCH> E04 L048 <OLD> timer . </OLD> <NEW> timer </NEW> </PATCH>
PPL_8AA363173640,<PATCH> E03 L032 <OLD> hum dono kab milne wale hai </OLD> <NEW> baarish ho rahi </NEW> </PATCH>
PPL_9A63F0E3EA9D,<PATCH> E02 L025 <OLD> January 4th ke liye </OLD> <NEW> 6th August 4 pm ko </NEW> </PATCH> <PATCH> E03 L010 <OLD> mera favorite show </OLD> <NEW> meeting </NEW> </PATCH>
PPL_8F2DC2A73A80,<PATCH> E03 L010 <OLD> Tisha ' s Dance recital </OLD> <NEW> kutey ko vet ke paas le jane ke liye </NEW> </PATCH> <PATCH> E04 L025 <OLD> in two weeks </OLD> <NEW> agley hafte </NEW> </PATCH>
PPL_71AAB79BBB63,<PATCH> E01 L002 <OLD> Rena </OLD> <NEW> Cassandra </NEW> </PATCH> <PATCH> E03 L032 <OLD> she ' s home with the kids ke liye </OLD> <NEW> Thanks </NEW> </PATCH> <PATCH> E04 L002 <OLD> Jonathan </OLD> <NEW> Cassandra </NEW> </PATCH>
PPL_94812A4F2A65,"<PATCH> E01 L049 <OLD> sac </OLD> <NEW> San Jose </NEW> </PATCH> <PATCH> E02 L019 <OLD> Elkton , Oregon </OLD> <NEW> San Francisco </NEW> </PATCH> <PATCH> E03 L055 <OLD> jaane </OLD> <NEW> driving </NEW> </PATCH> <PATCH> E04 L055 <OLD> driving karte samay </OLD> <NEW> driving </NEW> </PATCH>"
PPL_7038921261FD,<PATCH> E01 L049 <OLD> clarion </OLD> <NEW> san diego </NEW> </PATCH> <PATCH> E03 L019 <OLD> Romeo </OLD> <NEW> miles </NEW> </PATCH> <PATCH> E04 L058 <OLD> kilometers </OLD> <NEW> miles </NEW> </PATCH>
PPL_F7DFF779AC34,<PATCH> E01 L044 <OLD> 60 </OLD> <NEW> Rock music </NEW> </PATCH> <PATCH> E02 L044 <OLD> DRIVING </OLD> <NEW> Rock music </NEW> </PATCH> <PATCH> E04 L004 <OLD> sing </OLD> <NEW> music </NEW> </PATCH>
PPL_E429CCBB31F0,<PATCH> E01 L025 <OLD> 19th May ko 3 pm ko </OLD> <NEW> January me </NEW> </PATCH> <PATCH> E03 L037 <OLD> current location </OLD> <NEW> mere </NEW> </PATCH>
PPL_085407E9EF70,<PATCH> E03 L025 <OLD> Tuesday ko 6 am aur 6 pm ke liye </OLD> <NEW> aaj </NEW> </PATCH>
PPL_5B22E808EE02,<PATCH> E01 L025 <OLD> 30 minute ke liye </OLD> <NEW> is hafte </NEW> </PATCH> <PATCH> E03 L022 <OLD> 20 mile radius me </OLD> <NEW> aas pas </NEW> </PATCH> <PATCH> E04 L037 <OLD> Use </OLD> <NEW> mere </NEW> </PATCH>
PPL_010E80FF5766,<PATCH> E02 L048 <OLD> Count down </OLD> <NEW> timer </NEW> </PATCH> <PATCH> E03 L048 <OLD> 2 hours </OLD> <NEW> timer </NEW> </PATCH> <PATCH> E04 L025 <OLD> Saturday afternoon ke liye </OLD> <NEW> 45 minutes ke liye </NEW> </PATCH>
PPL_DE03C7FA76FF,<PATCH> E02 L025 <OLD> August 21st ke liye </OLD> <NEW> kal subha </NEW> </PATCH> <PATCH> E03 L035 <OLD> Tom </OLD> <NEW> dogs ko walk par lejaane </NEW> </PATCH> <PATCH> E04 L003 <OLD> hiking club </OLD> <NEW> Mujhe </NEW> </PATCH>
PPL_E302282EEDF4,<PATCH> E02 L025 <OLD> 7 : 57 pm ko </OLD> <NEW> Next spring </NEW> </PATCH> <PATCH> E04 L052 <OLD> South West </OLD> <NEW> New York </NEW> </PATCH>
PPL_F5339565423B,<PATCH> E03 L010 <OLD> jaldi sone </OLD> <NEW> soccer se kids ko pick karne </NEW> </PATCH> <PATCH> E04 L003 <OLD> shopping </OLD> <NEW> mujhe </NEW> </PATCH>
PPL_F52CDE2B6B38,<PATCH> E01 L025 <OLD> Thursday 5 : 30 am ko </OLD> <NEW> 10 </NEW> </PATCH> <PATCH> E03 L024 <OLD> tree decorating party </OLD> <NEW> appointment me jane ke liye </NEW> </PATCH>
PPL_1083B294275F,<PATCH> E01 L010 <OLD> grocerys </OLD> <NEW> mujhe larviel engagement </NEW> </PATCH> <PATCH> E03 L010 <OLD> meri mother ke nursing home </OLD> <NEW> mujhe larviel engagement </NEW> </PATCH> <PATCH> E04 L003 <OLD> Marti </OLD> <NEW> mujhe </NEW> </PATCH>
PPL_EC9DC6EE5D7B,<PATCH> E03 L045 <OLD> Ft Lauderdale me muddy </OLD> <NEW> baarish </NEW> </PATCH>
PPL_9EF5ECF31274,<PATCH> E02 L025 <OLD> June 16th ke liye </OLD> <NEW> overnight </NEW> </PATCH> <PATCH> E03 L045 <OLD> 24 </OLD> <NEW> freeze </NEW> </PATCH>
PPL_9EAF5555AB50,<PATCH> E01 L025 <OLD> 530 pm ko </OLD> <NEW> aaj ke liye </NEW> </PATCH> <PATCH> E02 L003 <OLD> kris </OLD> <NEW> mere </NEW> </PATCH> <PATCH> E03 L018 <OLD> bata </OLD> <NEW> padhen </NEW> </PATCH>
PPL_FAE407BB1A5D,<PATCH> E02 L007 <OLD> guitar </OLD> <NEW> swing </NEW> </PATCH> <PATCH> E03 L004 <OLD> SONGS </OLD> <NEW> music </NEW> </PATCH>
PPL_1CD0A39924BB,<PATCH> E01 L045 <OLD> 100 degrees se zyada </OLD> <NEW> snow </NEW> </PATCH> <PATCH> E02 L045 <OLD> upar </OLD> <NEW> snow </NEW> </PATCH> <PATCH> E03 L025 <OLD> 7p ke liye </OLD> <NEW> Is hafte </NEW> </PATCH> <PATCH> E04 L025 <OLD> 18th May ke subah 9 bajhe ke liye </OLD> <NEW> Is hafte </NEW> </PATCH>
PPL_9D9B3FF5D3FB,<PATCH> E01 L025 <OLD> sunday subha 9 baje ke liye </OLD> <NEW> aj </NEW> </PATCH> <PATCH> E02 L045 <OLD> thunder snow </OLD> <NEW> barish </NEW> </PATCH>
PPL_21C8D5C5A88D,<PATCH> E03 L052 <OLD> Venice beach </OLD> <NEW> Port St Lucie </NEW> </PATCH> <PATCH> E04 L025 <OLD> 25 mins ke liye </OLD> <NEW> aaj </NEW> </PATCH>
PPL_5F6EDB9D6E24,<PATCH> E01 L010 <OLD> hiking club </OLD> <NEW> Muje </NEW> </PATCH> <PATCH> E02 L010 <OLD> dog sitter </OLD> <NEW> Muje </NEW> </PATCH> <PATCH> E03 L003 <OLD> Kellie </OLD> <NEW> Muje </NEW> </PATCH> <PATCH> E04 L010 <OLD> dog ko vet ke paas le jane ke liye </OLD> <NEW> eat dinner </NEW> </PATCH>
PPL_75867B1D4D59,<PATCH> E01 L010 <OLD> college tuition </OLD> <NEW> paper is due </NEW> </PATCH> <PATCH> E02 L023 <OLD> Sunday 8 baje ke liye </OLD> <NEW> one week </NEW> </PATCH>
PPL_96047B34AC48,<PATCH> E01 L025 <OLD> Friday ko 2 am ke liye </OLD> <NEW> is weekend </NEW> </PATCH>
PPL_B809DD25290B,<PATCH> E01 L010 <OLD> Alex Bailey ke eye drops ko reordering </OLD> <NEW> mujhe birthday cake order karne ke liye </NEW> </PATCH>
PPL_26882A3A355E,<PATCH> E01 L045 <OLD> COOLER </OLD> <NEW> hottest </NEW> </PATCH> <PATCH> E02 L025 <OLD> day time sacramento </OLD> <NEW> Aaj </NEW> </PATCH> <PATCH> E03 L025 <OLD> for 5 am Monday through Friday world </OLD> <NEW> Aaj </NEW> </PATCH>
PPL_B436334A13F3,"<PATCH> E01 L002 <OLD> Gaby </OLD> <NEW> Scott </NEW> </PATCH> <PATCH> E02 L032 <OLD> what time the hockey game for tonight </OLD> <NEW> mai pool mein 15 min der se pahuchunga </NEW> </PATCH> <PATCH> E03 L002 <OLD> android , Scott </OLD> <NEW> Scott </NEW> </PATCH>"
PPL_3253A6AFA167,<PATCH> E01 L036 <OLD> misspoke </OLD> <NEW> meditation </NEW> </PATCH> <PATCH> E02 L036 <OLD> Pasta cooking </OLD> <NEW> meditation </NEW> </PATCH> <PATCH> E04 L025 <OLD> 2 minutes ke liye </OLD> <NEW> meditation </NEW> </PATCH>
PPL_E47FCF76AA63,<PATCH> E02 L010 <OLD> hamare dental appointment </OLD> <NEW> groceries laane ke liye </NEW> </PATCH> <PATCH> E03 L003 <OLD> baccho </OLD> <NEW> mujhe </NEW> </PATCH> <PATCH> E04 L025 <OLD> february ke liye </OLD> <NEW> Wednesday 2 00 pm ke baad </NEW> </PATCH>
PPL_C15C08096661,<PATCH> E02 L010 <OLD> Madison ke pehle football game attend karne ke liye </OLD> <NEW> party </NEW> </PATCH> <PATCH> E03 L023 <OLD> at 14 : 00 3 pm </OLD> <NEW> saturday ke din 3 pm reminder ko </NEW> </PATCH> <PATCH> E04 L023 <OLD> aaj raat 8 baje </OLD> <NEW> saturday ke din 3 pm reminder ko </NEW> </PATCH>
PPL_B627352F7867,<PATCH> E01 L025 <OLD> 11 months ke liye </OLD> <NEW> aaj shaam 5 baje </NEW> </PATCH>
PPL_2C88430C66E1,<PATCH> E02 L010 <OLD> fresh batteries laane ke liye </OLD> <NEW> phill ko contract send </NEW> </PATCH> <PATCH> E03 L025 <OLD> kal subah 6 baje ke liye </OLD> <NEW> Aaj shaam 5 baje tak </NEW> </PATCH>
PPL_51D5D390B14A,<PATCH> E02 L024 <OLD> EDM show </OLD> <NEW> Comedy </NEW> </PATCH> <PATCH> E03 L025 <OLD> Friday 17th at 8 am </OLD> <NEW> Kal 9 pm ke baad </NEW> </PATCH>
PPL_F6BEA949DCE9,<PATCH> E01 L025 <OLD> is weekend ke </OLD> <NEW> five minutes se </NEW> </PATCH>
PPL_A107EE272156,<PATCH> E02 L025 <OLD> weekend ke baaki dinon ke liye </OLD> <NEW> 10 minutes ke liye </NEW> </PATCH> <PATCH> E03 L048 <OLD> snooze </OLD> <NEW> timer </NEW> </PATCH>
PPL_F3EF49B18370,<PATCH> E02 L052 <OLD> Washington Avenue </OLD> <NEW> Chicago </NEW> </PATCH> <PATCH> E03 L025 <OLD> aaj raat 11 : 30 baje se pehle </OLD> <NEW> Is weekend </NEW> </PATCH> <PATCH> E04 L024 <OLD> black panther ki movie </OLD> <NEW> concerts </NEW> </PATCH>
PPL_3506CA0CFC4C,<PATCH> E01 L048 <OLD> Stopwatch </OLD> <NEW> timer </NEW> </PATCH> <PATCH> E02 L048 <OLD> thirty minute </OLD> <NEW> timer </NEW> </PATCH> <PATCH> E04 L048 <OLD> timer suspend </OLD> <NEW> timer </NEW> </PATCH>
PPL_51C15F44EA72,<PATCH> E01 L025 <OLD> agle panch din </OLD> <NEW> agle hafte </NEW> </PATCH> <PATCH> E02 L023 <OLD> Sarah </OLD> <NEW> mujhe </NEW> </PATCH> <PATCH> E03 L010 <OLD> mera tax bill pay karne ke liye </OLD> <NEW> jack ko get - well card bhejne ke liye </NEW> </PATCH> <PATCH> E04 L010 <OLD> team </OLD> <NEW> get - well card bhejne ke liye </NEW> </PATCH>
PPL_24AA4FE3FBBE,"<PATCH> E01 L052 <OLD> hollywoord blvd </OLD> <NEW> Eastlake Park </NEW> </PATCH> <PATCH> E02 L052 <OLD> Boulder , CO </OLD> <NEW> Eastlake Park </NEW> </PATCH> <PATCH> E03 L052 <OLD> Keller </OLD> <NEW> Eastlake Park </NEW> </PATCH>"
PPL_AB001177BDF8,<PATCH> E01 L010 <OLD> mere Dr appointment </OLD> <NEW> wake up </NEW> </PATCH> <PATCH> E02 L010 <OLD> banaya </OLD> <NEW> wake up </NEW> </PATCH> <PATCH> E03 L010 <OLD> party planning meeting 12 baje </OLD> <NEW> mere 12 baje </NEW> </PATCH> <PATCH> E04 L023 <OLD> Aaj raat 6 : 00 baje ke liye </OLD> <NEW> 12 baje </NEW> </PATCH>
PPL_CCD2CFBAD957,<PATCH> E02 L007 <OLD> bedtime </OLD> <NEW> meditation </NEW> </PATCH> <PATCH> E04 L004 <OLD> sounds </OLD> <NEW> music </NEW> </PATCH>
PPL_5A4E3F7AC2BB,<PATCH> E01 L052 <OLD> North West </OLD> <NEW> miami </NEW> </PATCH> <PATCH> E02 L025 <OLD> kal subah 10 bajeke </OLD> <NEW> is haftey </NEW> </PATCH> <PATCH> E03 L025 <OLD> Fridays ko subah 7 baje ke liye </OLD> <NEW> is haftey </NEW> </PATCH>
PPL_C4F6B1A6A072,<PATCH> E01 L025 <OLD> 6th may ke liye </OLD> <NEW> is weekke </NEW> </PATCH> <PATCH> E02 L003 <OLD> Elizabeth </OLD> <NEW> mere </NEW> </PATCH> <PATCH> E03 L047 <OLD> saarey </OLD> <NEW> sarey </NEW> </PATCH> <PATCH> E04 L018 <OLD> dikhai </OLD> <NEW> dikhaye </NEW> </PATCH>
PPL_A8FAFBA6DD04,<PATCH> E02 L052 <OLD> Big Sur </OLD> <NEW> beach </NEW> </PATCH> <PATCH> E04 L052 <OLD> 20 : 15 ko koi austin </OLD> <NEW> beach </NEW> </PATCH>
PPL_AE43DE6FC5D9,<PATCH> E01 L052 <OLD> spokane </OLD> <NEW> 494 northbound </NEW> </PATCH> <PATCH> E03 L025 <OLD> Eastern me Saturday at 10 : 00 am </OLD> <NEW> 494 northbound me at 6 : 00 pm </NEW> </PATCH>
PPL_77D2547F9690,<PATCH> E01 L010 <OLD> smoke detectors me batteries replace </OLD> <NEW> crockpot on karne ke liye </NEW> </PATCH> <PATCH> E04 L003 <OLD> workout </OLD> <NEW> mujhe </NEW> </PATCH>
PPL_BB4BC9071EE9,<PATCH> E01 L010 <OLD> cable bill </OLD> <NEW> doctor ki appointment </NEW> </PATCH> <PATCH> E02 L010 <OLD> Austin ke liye flight book karne </OLD> <NEW> doctor ki appointment </NEW> </PATCH> <PATCH> E03 L010 <OLD> holiday bash </OLD> <NEW> doctor ki appointment </NEW> </PATCH> <PATCH> E04 L025 <OLD> subah 4 : 20 ke liye </OLD> <NEW> Thursday dopahar 3 baje ke liye </NEW> </PATCH>
PPL_DCAAF790D443,<PATCH> E01 L032 <OLD> where the voting location is for our area </OLD> <NEW> Charleston Blvd par flood aa raha </NEW> </PATCH> <PATCH> E02 L032 <OLD> meri our meeting will be at 8 pm </OLD> <NEW> Charleston Blvd par flood aa raha </NEW> </PATCH> <PATCH> E04 L002 <OLD> Beth Kohl </OLD> <NEW> Shawna </NEW> </PATCH>
PPL_0FE9C402A5E7,<PATCH> E01 L025 <OLD> holidays ke liye </OLD> <NEW> Aaj </NEW> </PATCH> <PATCH> E03 L045 <OLD> tornado storm </OLD> <NEW> hottest </NEW> </PATCH>
PPL_ED3EE6CC89F5,<PATCH> E01 L019 <OLD> kansas city </OLD> <NEW> Phenix City </NEW> </PATCH> <PATCH> E02 L019 <OLD> bergen county new jersey </OLD> <NEW> Phenix City </NEW> </PATCH> <PATCH> E03 L049 <OLD> Norfolk </OLD> <NEW> Columbus </NEW> </PATCH>
PPL_373A203B8B05,<PATCH> E01 L025 <OLD> 3 Pm ke liye </OLD> <NEW> eight minute </NEW> </PATCH> <PATCH> E02 L048 <OLD> Count down </OLD> <NEW> timer </NEW> </PATCH>
PPL_7DDD2326C5BA,<PATCH> E01 L025 <OLD> Monday 1 pm ko </OLD> <NEW> pichley haftey </NEW> </PATCH> <PATCH> E02 L045 <OLD> fall foliage </OLD> <NEW> storms </NEW> </PATCH> <PATCH> E03 L055 <OLD> hit </OLD> <NEW> storms </NEW> </PATCH>
PPL_424C8AFD494E,<PATCH> E01 L052 <OLD> Hague </OLD> <NEW> Florida </NEW> </PATCH> <PATCH> E03 L052 <OLD> highway 78 </OLD> <NEW> Florida </NEW> </PATCH> <PATCH> E04 L025 <OLD> Friday raat ke liye </OLD> <NEW> agale 5 dino ke liye </NEW> </PATCH>
PPL_5A4390237D73,<PATCH> E01 L010 <OLD> garbage cans baahar nikalne </OLD> <NEW> Malanie ka birthday present kharidne ke liye </NEW> </PATCH> <PATCH> E03 L025 <OLD> 2 00 PM ko </OLD> <NEW> sham 7 : 00 bajhe </NEW> </PATCH>
PPL_0EC41871F794,<PATCH> E01 L010 <OLD> moms </OLD> <NEW> meri meeting </NEW> </PATCH> <PATCH> E02 L010 <OLD> mere water total consumption ko update karne karne </OLD> <NEW> meri meeting </NEW> </PATCH> <PATCH> E03 L023 <OLD> is mahine ki 25th </OLD> <NEW> 8:40 ko </NEW> </PATCH> <PATCH> E04 L010 <OLD> Hamare </OLD> <NEW> meri meeting </NEW> </PATCH>
PPL_B40FADEDE665,<PATCH> E01 L038 <OLD> SNOW BOOTS </OLD> <NEW> niche </NEW> </PATCH> <PATCH> E02 L060 <OLD> farenheit </OLD> <NEW> c </NEW> </PATCH> <PATCH> E03 L025 <OLD> Saturday night </OLD> <NEW> kal subha </NEW> </PATCH>
PPL_075A19378796,<PATCH> E01 L002 <OLD> Mark Ritter </OLD> <NEW> Hannah </NEW> </PATCH> <PATCH> E04 L002 <OLD> Kyle </OLD> <NEW> Hannah </NEW> </PATCH>
PPL_681C811B03A0,<PATCH> E03 L024 <OLD> Crazy Car Art Parade </OLD> <NEW> train rides </NEW> </PATCH> <PATCH> E04 L025 <OLD> fifteen minutes tak </OLD> <NEW> christmas </NEW> </PATCH>
PPL_8628AD3E48B6,<PATCH> E01 L052 <OLD> Dehli </OLD> <NEW> down town appleton </NEW> </PATCH> <PATCH> E02 L025 <OLD> har din subha 8 am ke liye </OLD> <NEW> april me </NEW> </PATCH> <PATCH> E03 L025 <OLD> 29th . l </OLD> <NEW> april me </NEW> </PATCH> <PATCH> E04 L025 <OLD> christmas week ke doraan </OLD> <NEW> april me </NEW> </PATCH>
PPL_B646CAB490BA,<PATCH> E01 L044 <OLD> grunge </OLD> <NEW> rap </NEW> </PATCH> <PATCH> E02 L004 <OLD> stations </OLD> <NEW> music </NEW> </PATCH> <PATCH> E03 L044 <OLD> classic 80 </OLD> <NEW> rap </NEW> </PATCH>
PPL_DC172DB5BAAC,<PATCH> E01 L025 <OLD> monday through friday ko subah 6 30 ke liye </OLD> <NEW> aaj </NEW> </PATCH> <PATCH> E03 L052 <OLD> Long Island New York </OLD> <NEW> Las Vegas </NEW> </PATCH> <PATCH> E04 L025 <OLD> Do hafton ke liye </OLD> <NEW> aaj </NEW> </PATCH>
PPL_ED6B5FF25924,<PATCH> E01 L052 <OLD> 85 North </OLD> <NEW> mere neighborhood </NEW> </PATCH> <PATCH> E03 L045 <OLD> hotter </OLD> <NEW> baadh </NEW> </PATCH>
PPL_218ACE684CFC,<PATCH> E02 L003 <OLD> warehouse </OLD> <NEW> mujhe </NEW> </PATCH> <PATCH> E03 L025 <OLD> agle SATURDAY </OLD> <NEW> Friday subah </NEW> </PATCH> <PATCH> E04 L032 <OLD> niklenge hope ke brithday </OLD> <NEW> zipper </NEW> </PATCH>
PPL_DE6F4200EA03,<PATCH> E01 L003 <OLD> running </OLD> <NEW> mere </NEW> </PATCH> <PATCH> E03 L025 <OLD> Oct 18 </OLD> <NEW> is sunday </NEW> </PATCH>
PPL_D28FF5DD9C4E,<PATCH> E03 L002 <OLD> DERRICK </OLD> <NEW> Harold </NEW> </PATCH> <PATCH> E04 L032 <OLD> hum boise agle hafte rahinge </OLD> <NEW> mujhse 9:00 p . m ko Grand Hall par milen </NEW> </PATCH>
PPL_0E82DD887665,<PATCH> E01 L010 <OLD> for the 4th of August electricity bill ka </OLD> <NEW> 2nd august ko movie </NEW> </PATCH>
PPL_1050F0C2B9C4,<PATCH> E01 L010 <OLD> gardener ke liye check likhne ke liye </OLD> <NEW> meeting ke baad chocolate lene ke liye </NEW> </PATCH> <PATCH> E02 L025 <OLD> 5th October ko </OLD> <NEW> saturday ko </NEW> </PATCH>
PPL_C5C4A6151710,<PATCH> E02 L010 <OLD> hiking </OLD> <NEW> dog ko lene ke baare me mera </NEW> </PATCH> <PATCH> E03 L010 <OLD> peaches </OLD> <NEW> dog ko lene </NEW> </PATCH> <PATCH> E04 L010 <OLD> chris </OLD> <NEW> dog ko lene ke baare me mera </NEW> </PATCH>
PPL_81FEDF6D4957,<PATCH> E02 L002 <OLD> Aldo </OLD> <NEW> Kyle </NEW> </PATCH>
PPL_791F3BB2AAB8,<PATCH> E01 L010 <OLD> girls trip ko aaj subah 5 bajhe ka </OLD> <NEW> bob ko 16 : 00 baje mujhe call karne </NEW> </PATCH> <PATCH> E03 L010 <OLD> mujhe call karne </OLD> <NEW> time </NEW> </PATCH>
PPL_FF1D9F067C4F,<PATCH> E01 L019 <OLD> San Juan Puerto Rico </OLD> <NEW> Orlando </NEW> </PATCH> <PATCH> E03 L049 <OLD> richmond </OLD> <NEW> Orlando </NEW> </PATCH> <PATCH> E04 L019 <OLD> Apex </OLD> <NEW> Miami </NEW> </PATCH>
PPL_C859E41DF931,<PATCH> E01 L045 <OLD> winter Jacket </OLD> <NEW> sardi </NEW> </PATCH> <PATCH> E03 L025 <OLD> 9 : 30 ko </OLD> <NEW> aaj </NEW> </PATCH> <PATCH> E04 L025 <OLD> kal subha 4 : 45 ke liye </OLD> <NEW> aaj </NEW> </PATCH>
PPL_3575A2DD58EC,<PATCH> E01 L010 <OLD> agle Friday muje party </OLD> <NEW> is afternoon muje Jashele ko visit </NEW> </PATCH> <PATCH> E02 L035 <OLD> coworkers </OLD> <NEW> muje </NEW> </PATCH>
PPL_FC028CEE06BC,<PATCH> E01 L002 <OLD> usey </OLD> <NEW> goodnight </NEW> </PATCH> <PATCH> E02 L032 <OLD> they should bring chips </OLD> <NEW> goodnight </NEW> </PATCH> <PATCH> E03 L002 <OLD> Dan </OLD> <NEW> goodnight </NEW> </PATCH> <PATCH> E04 L002 <OLD> Betsy </OLD> <NEW> goodnight </NEW> </PATCH>
PPL_ACCFAA547398,<PATCH> E01 L002 <OLD> marc </OLD> <NEW> Bianca </NEW> </PATCH> <PATCH> E03 L032 <OLD> how come you ’ re still not here yet </OLD> <NEW> bachon ko Friday ke din birthday party mei jana hai </NEW> </PATCH>
PPL_5DB166CA399B,"<PATCH> E01 L025 <OLD> 7 , 8 aur 9 am ko </OLD> <NEW> is mahine </NEW> </PATCH> <PATCH> E02 L025 <OLD> 3 hour and 30 minute </OLD> <NEW> is mahine </NEW> </PATCH> <PATCH> E03 L025 <OLD> Sunday subha 8 baje ke liye </OLD> <NEW> is mahine </NEW> </PATCH> <PATCH> E04 L024 <OLD> lights viewing </OLD> <NEW> parties </NEW> </PATCH>"
PPL_19040DC92EDA,<PATCH> E01 L045 <OLD> electrical storm </OLD> <NEW> 51 </NEW> </PATCH> <PATCH> E04 L060 <OLD> celcius </OLD> <NEW> fahrenheit </NEW> </PATCH>
PPL_0E9CCB049C77,<PATCH> E01 L010 <OLD> play group </OLD> <NEW> grace ke liye appointment ko badalne </NEW> </PATCH> <PATCH> E04 L010 <OLD> monday raat 7 baje ke liye dog ki heartworm application </OLD> <NEW> agle wednesday me grace ke liye appointment ko badalne </NEW> </PATCH>
PPL_031269926FE6,<PATCH> E04 L057 <OLD> agle 2 </OLD> <NEW> ek ghante </NEW> </PATCH>
PPL_F5758F3E97F2,<PATCH> E01 L025 <OLD> 7 . 30 pm ko </OLD> <NEW> aj </NEW> </PATCH> <PATCH> E02 L045 <OLD> leather </OLD> <NEW> chaata </NEW> </PATCH> <PATCH> E03 L025 <OLD> agle Friday </OLD> <NEW> aj </NEW> </PATCH>
PPL_6A8AF68DF8EC,"<PATCH> E01 L045 <OLD> humidity </OLD> <NEW> snowing </NEW> </PATCH> <PATCH> E02 L052 <OLD> Petal , MS </OLD> <NEW> New York </NEW> </PATCH> <PATCH> E04 L045 <OLD> average STORM </OLD> <NEW> snowing </NEW> </PATCH>"
PPL_7BD99C3651A8,<PATCH> E02 L004 <OLD> playlist </OLD> <NEW> music </NEW> </PATCH> <PATCH> E03 L044 <OLD> speed metal </OLD> <NEW> rap </NEW> </PATCH> <PATCH> E04 L044 <OLD> rock and roll </OLD> <NEW> rap </NEW> </PATCH>
PPL_BE8722026B76,<PATCH> E01 L010 <OLD> monday subah 12 baje ke liye bike ride </OLD> <NEW> kal anniversary dinner ke liye hari mirch kharidne ke liye </NEW> </PATCH>
PPL_349D5149E5FA,<PATCH> E03 L052 <OLD> Old Sacramento </OLD> <NEW> France </NEW> </PATCH> <PATCH> E04 L052 <OLD> thand </OLD> <NEW> France </NEW> </PATCH>
PPL_1CD8BCF2E874,<PATCH> E01 L025 <OLD> har saal </OLD> <NEW> at 8 am ko </NEW> </PATCH> <PATCH> E03 L052 <OLD> Menlo park </OLD> <NEW> Seattle </NEW> </PATCH> <PATCH> E04 L052 <OLD> death valley </OLD> <NEW> Seattle </NEW> </PATCH>
PPL_E8ACE6062553,<PATCH> E01 L010 <OLD> Kris ko ek birthday gift khareedne </OLD> <NEW> mera kaam khatam karna hai </NEW> </PATCH> <PATCH> E04 L003 <OLD> Hazel </OLD> <NEW> mujhe </NEW> </PATCH>
PPL_C41FCA27F7C9,<PATCH> E01 L049 <OLD> CALIFORNIA </OLD> <NEW> London </NEW> </PATCH> <PATCH> E02 L049 <OLD> Asheville </OLD> <NEW> London </NEW> </PATCH> <PATCH> E04 L019 <OLD> 90046 </OLD> <NEW> Paris </NEW> </PATCH>
PPL_1FA71490C9CC,<PATCH> E01 L010 <OLD> counseling appointments attend karne ke liye </OLD> <NEW> meri doctor ki appointment </NEW> </PATCH> <PATCH> E02 L025 <OLD> kal 4 : 45 p . m ko </OLD> <NEW> Friday par </NEW> </PATCH>
PPL_9714B1763026,<PATCH> E04 L024 <OLD> nail salon appointment </OLD> <NEW> chalne wali movies </NEW> </PATCH>
PPL_125A50F924AD,<PATCH> E03 L023 <OLD> kal din ke pehle se isey karne ke liye </OLD> <NEW> Thursday ko </NEW> </PATCH> <PATCH> E04 L010 <OLD> website bill pay karne ke liye </OLD> <NEW> craft fair ke liye supplies lane </NEW> </PATCH>
PPL_D27264AF45CD,<PATCH> E02 L048 <OLD> 2 hours </OLD> <NEW> timer </NEW> </PATCH> <PATCH> E03 L025 <OLD> Friday 12 pm ke liye </OLD> <NEW> twenty minutes ke liye </NEW> </PATCH> <PATCH> E04 L025 <OLD> 10 PM </OLD> <NEW> twenty minutes ke liye </NEW> </PATCH>
PPL_90399AA72E20,<PATCH> E01 L023 <OLD> seventeenth se pehle </OLD> <NEW> sham 3 baje tak </NEW> </PATCH> <PATCH> E02 L010 <OLD> Benny ke music lessons </OLD> <NEW> movie </NEW> </PATCH> <PATCH> E04 L010 <OLD> mother ' s morning out </OLD> <NEW> movie </NEW> </PATCH>
PPL_7394963D6517,"<PATCH> E01 L052 <OLD> bear de </OLD> <NEW> Gilbert </NEW> </PATCH> <PATCH> E03 L052 <OLD> I 10 tunnel </OLD> <NEW> Gilbert </NEW> </PATCH> <PATCH> E04 L052 <OLD> New York City , NY </OLD> <NEW> Gilbert </NEW> </PATCH>"
PPL_6736CF1A3BFD,<PATCH> E01 L023 <OLD> Tom </OLD> <NEW> mere </NEW> </PATCH> <PATCH> E04 L010 <OLD> bachelorette dekhne ke liye </OLD> <NEW> Elizabeth ko bowling ke baad pick up </NEW> </PATCH>
PPL_2CF7A9A0BBD8,<PATCH> E01 L025 <OLD> taylor Monday 11 am ko </OLD> <NEW> is weekend </NEW> </PATCH> <PATCH> E03 L010 <OLD> Tom ke game </OLD> <NEW> stock up </NEW> </PATCH>
PPL_E21594F620A3,<PATCH> E01 L010 <OLD> milk aur eggs lene karne </OLD> <NEW> deewaro se paint strip tape remove karne </NEW> </PATCH> <PATCH> E02 L010 <OLD> sugar khareedne </OLD> <NEW> deewaro se paint strip tape remove karne </NEW> </PATCH> <PATCH> E03 L023 <OLD> Tuesday raat 8 baje ko ka </OLD> <NEW> 15 minutes ka </NEW> </PATCH>
PPL_66FA7D3AB586,<PATCH> E01 L032 <OLD> how proud of her you </OLD> <NEW> aaj raat dinner red lobster me hoga </NEW> </PATCH> <PATCH> E02 L027 <OLD> Adriane </OLD> <NEW> Heidi </NEW> </PATCH> <PATCH> E04 L002 <OLD> Javier </OLD> <NEW> Heidi </NEW> </PATCH>
PPL_F46D34D8DB9D,<PATCH> E01 L025 <OLD> May 4 - 7 ke liye </OLD> <NEW> 5 MINUTES </NEW> </PATCH> <PATCH> E02 L025 <OLD> February 16th </OLD> <NEW> 5 MINUTES </NEW> </PATCH> <PATCH> E03 L025 <OLD> thursday ko 3 baje ke liye </OLD> <NEW> 5 MINUTES </NEW> </PATCH> <PATCH> E04 L048 <OLD> driving hours </OLD> <NEW> TIMER </NEW> </PATCH>
PPL_C755945CE75A,<PATCH> E01 L010 <OLD> crock pot shuru karne ke liye </OLD> <NEW> mere chores </NEW> </PATCH> <PATCH> E02 L025 <OLD> for the noon </OLD> <NEW> Aaj </NEW> </PATCH> <PATCH> E03 L003 <OLD> BRIDGETT </OLD> <NEW> mere </NEW> </PATCH> <PATCH> E04 L010 <OLD> mom ko medical insurance khareedne ke liye </OLD> <NEW> mere chores </NEW> </PATCH>
PPL_B1AE84D27FB2,<PATCH> E02 L025 <OLD> June ki fourth ke liye </OLD> <NEW> aaj 3 pm ko </NEW> </PATCH>
PPL_61C5CD452E45,<PATCH> E01 L010 <OLD> chicken ko start karne </OLD> <NEW> School shuru hoga </NEW> </PATCH> <PATCH> E02 L023 <OLD> steve ek hafta pehle </OLD> <NEW> ek hafta pehle </NEW> </PATCH> <PATCH> E03 L010 <OLD> find out when dinner will be ke liye </OLD> <NEW> School shuru hoga </NEW> </PATCH> <PATCH> E04 L025 <OLD> 20 minute pehle </OLD> <NEW> August 13 </NEW> </PATCH>
PPL_6CF391E6BC6A,<PATCH> E01 L044 <OLD> female solo </OLD> <NEW> gospel </NEW> </PATCH> <PATCH> E02 L004 <OLD> sing </OLD> <NEW> music </NEW> </PATCH> <PATCH> E04 L044 <OLD> bachata </OLD> <NEW> gospel </NEW> </PATCH>
PPL_CA690952F457,<PATCH> E02 L049 <OLD> Fair Street </OLD> <NEW> Edison </NEW> </PATCH> <PATCH> E04 L019 <OLD> weatherford </OLD> <NEW> Atlantic City </NEW> </PATCH>
PPL_BB5E0B5E006E,<PATCH> E01 L010 <OLD> meri chiropractic appointment </OLD> <NEW> watch my favorite movie is airing on channel </NEW> </PATCH> <PATCH> E02 L025 <OLD> Friday 7 pm ke liye </OLD> <NEW> Aaj raat 8 : 00 baje ke liye </NEW> </PATCH> <PATCH> E04 L025 <OLD> for 9 pm this evening </OLD> <NEW> Aaj raat 8 : 00 baje ke liye </NEW> </PATCH>
PPL_35D6F4E57C71,<PATCH> E01 L003 <OLD> office </OLD> <NEW> mere </NEW> </PATCH> <PATCH> E04 L025 <OLD> Is shaam ke baad </OLD> <NEW> kal </NEW> </PATCH>
PPL_CC6EFA6D1B13,<PATCH> E01 L025 <OLD> Tuesday sham 6 bajhe </OLD> <NEW> 5 pm </NEW> </PATCH> <PATCH> E02 L025 <OLD> 4 PM se </OLD> <NEW> 5 pm </NEW> </PATCH> <PATCH> E03 L010 <OLD> food shopping </OLD> <NEW> medications </NEW> </PATCH>
PPL_25E7DCE9E6F6,<PATCH> E01 L010 <OLD> dining </OLD> <NEW> aerospace program scheduling </NEW> </PATCH> <PATCH> E04 L010 <OLD> meri job ke liye paperwork fill karne ke liye </OLD> <NEW> aerospace program scheduling </NEW> </PATCH>
PPL_5B8C23C56986,<PATCH> E02 L025 <OLD> august 30 ko </OLD> <NEW> is week </NEW> </PATCH> <PATCH> E03 L025 <OLD> february 2018 me </OLD> <NEW> is week </NEW> </PATCH> <PATCH> E04 L010 <OLD> Kellie group ke liye </OLD> <NEW> mere </NEW> </PATCH>
PPL_2793E7715A55,<PATCH> E01 L025 <OLD> Monday 25 minutes ke liye </OLD> <NEW> 10 minute </NEW> </PATCH> <PATCH> E02 L025 <OLD> 17th ko subah 8 baje ke liye </OLD> <NEW> 10 minute </NEW> </PATCH> <PATCH> E04 L025 <OLD> on Tuesday </OLD> <NEW> 10 minute </NEW> </PATCH>
PPL_656EE3B4983A,<PATCH> E03 L010 <OLD> agle Monday dopahar ko Sons of Anarchy reruns dekhne ke liye </OLD> <NEW> saturday birthday party </NEW> </PATCH>
PPL_5EE728F173D4,<PATCH> E01 L010 <OLD> flight costs check karne ke liye ke liye </OLD> <NEW> computer band karne </NEW> </PATCH> <PATCH> E03 L003 <OLD> Bobby </OLD> <NEW> Mujhe </NEW> </PATCH> <PATCH> E04 L013 <OLD> Fridays </OLD> <NEW> har din </NEW> </PATCH>
PPL_7947379AB824,<PATCH> E01 L024 <OLD> Broadway show </OLD> <NEW> festivals </NEW> </PATCH> <PATCH> E02 L025 <OLD> Is shaam 7 p . m ke liye </OLD> <NEW> 2018 </NEW> </PATCH> <PATCH> E03 L052 <OLD> O Town </OLD> <NEW> Houston </NEW> </PATCH> <PATCH> E04 L025 <OLD> aaj 12 pm ko </OLD> <NEW> 2018 </NEW> </PATCH>
PPL_0A3AF6DEC786,<PATCH> E01 L025 <OLD> Fall me </OLD> <NEW> 15 minutes </NEW> </PATCH> <PATCH> E04 L025 <OLD> weekend ke baaki dinon ke liye </OLD> <NEW> 15 minutes </NEW> </PATCH>
PPL_28D34BC0F7EA,<PATCH> E01 L010 <OLD> school ke open house </OLD> <NEW> grocery list ki shopping finish karne </NEW> </PATCH> <PATCH> E02 L003 <OLD> Stefanie </OLD> <NEW> mujhe </NEW> </PATCH> <PATCH> E03 L025 <OLD> agley 5 din tak ke liye </OLD> <NEW> Tuesday afternoon ke liye </NEW> </PATCH>
PPL_CF8155D07FC6,<PATCH> E02 L049 <OLD> chicago il </OLD> <NEW> NYC </NEW> </PATCH> <PATCH> E03 L008 <OLD> Alberta Arts District </OLD> <NEW> cumberland md </NEW> </PATCH> <PATCH> E04 L058 <OLD> nautical miles </OLD> <NEW> miles </NEW> </PATCH>
PPL_8A62266AEC2F,<PATCH> E01 L032 <OLD> she ' s on time </OLD> <NEW> mai nahi aa sakta </NEW> </PATCH> <PATCH> E02 L002 <OLD> Angie </OLD> <NEW> Leah </NEW> </PATCH> <PATCH> E03 L002 <OLD> Sian </OLD> <NEW> Leah </NEW> </PATCH>
PPL_256F1A8AAAB9,<PATCH> E01 L003 <OLD> tyler </OLD> <NEW> mera </NEW> </PATCH> <PATCH> E02 L003 <OLD> Joseph </OLD> <NEW> mera </NEW> </PATCH> <PATCH> E03 L025 <OLD> 6 am and 6 : 20 am ke liye </OLD> <NEW> shaam 7 baje ke liye </NEW> </PATCH>
PPL_B9FBB57A8191,<PATCH> E03 L046 <OLD> Baltimore </OLD> <NEW> Wewa </NEW> </PATCH> <PATCH> E04 L025 <OLD> 4 min </OLD> <NEW> Is weekend </NEW> </PATCH>
PPL_6DE80D1D14B4,<PATCH> E01 L025 <OLD> Friday ko 3 pm ke aas paas </OLD> <NEW> aaj </NEW> </PATCH> <PATCH> E02 L045 <OLD> 53 </OLD> <NEW> ole </NEW> </PATCH> <PATCH> E03 L045 <OLD> sunbathe </OLD> <NEW> ole </NEW> </PATCH>
PPL_90CF5EEDFA21,<PATCH> E01 L032 <OLD> Washington DC </OLD> <NEW> office me 3 : 00 baje milo </NEW> </PATCH> <PATCH> E02 L042 <OLD> bbq </OLD> <NEW> office me 3 : 00 </NEW> </PATCH> <PATCH> E03 L002 <OLD> Susana </OLD> <NEW> Kellie </NEW> </PATCH> <PATCH> E04 L032 <OLD> what time he will reach my current location </OLD> <NEW> muje office me 3 : 00 baje milo </NEW> </PATCH>
PPL_86D59E4A2F8B,<PATCH> E01 L048 <OLD> buzzer </OLD> <NEW> timer </NEW> </PATCH> <PATCH> E04 L025 <OLD> 3 : 47 pm ke liye </OLD> <NEW> 2.5 ghante ke liye </NEW> </PATCH>
PPL_5CD0CC2AD846,<PATCH> E01 L052 <OLD> Butterfield road </OLD> <NEW> Scarborough </NEW> </PATCH> <PATCH> E04 L025 <OLD> 10 hour </OLD> <NEW> Is Friday subah 3 baje </NEW> </PATCH>
PPL_C1B073F8057D,<PATCH> E01 L048 <OLD> countdown </OLD> <NEW> timer </NEW> </PATCH> <PATCH> E02 L048 <OLD> snooze </OLD> <NEW> timer </NEW> </PATCH> <PATCH> E04 L048 <OLD> Count down </OLD> <NEW> timer </NEW> </PATCH>
PPL_17DC2392775C,<PATCH> E02 L025 <OLD> Monday 1 pm ko </OLD> <NEW> subah 10 baje </NEW> </PATCH> <PATCH> E04 L023 <OLD> to change the rabbits water subah 10 baje </OLD> <NEW> subah 10 baje </NEW> </PATCH>
PPL_4641716A6123,<PATCH> E02 L025 <OLD> 4 : 00 AM ke liye </OLD> <NEW> 14 minutes ke liye </NEW> </PATCH> <PATCH> E03 L025 <OLD> Dopahar ke liye </OLD> <NEW> 14 minutes ke liye </NEW> </PATCH> <PATCH> E04 L048 <OLD> Timer countdown </OLD> <NEW> timer </NEW> </PATCH>
PPL_26F87482D1CF,<PATCH> E01 L010 <OLD> ek dog - sitter ko khojne ke liye </OLD> <NEW> Mujhe dinner ke liye flowers order karne </NEW> </PATCH> <PATCH> E03 L010 <OLD> Brenna </OLD> <NEW> Mujhe dinner ke liye flowers order karne </NEW> </PATCH> <PATCH> E04 L010 <OLD> Ayslyn use gift laane </OLD> <NEW> Mujhe dinner ke liye flowers order karne </NEW> </PATCH>
PPL_A1B079AE9757,<PATCH> E01 L032 <OLD> Somerville me traffic hai isiliye mujhe der hogi </OLD> <NEW> Hi </NEW> </PATCH> <PATCH> E02 L002 <OLD> Mem </OLD> <NEW> Liz </NEW> </PATCH> <PATCH> E03 L002 <OLD> Hank </OLD> <NEW> Liz </NEW> </PATCH> <PATCH> E04 L032 <OLD> bread pick up </OLD> <NEW> Hi </NEW> </PATCH>
PPL_50675139E274,<PATCH> E01 L002 <OLD> Chinmoy </OLD> <NEW> peter </NEW> </PATCH> <PATCH> E04 L032 <OLD> I ' m on my way </OLD> <NEW> mujhe aaj class ke liye dair hogi. </NEW> </PATCH>
PPL_0349089E8065,<PATCH> E02 L025 <OLD> Friday and Saturday </OLD> <NEW> aaj </NEW> </PATCH> <PATCH> E03 L045 <OLD> typical </OLD> <NEW> cold </NEW> </PATCH>
PPL_EAC47676AA2A,<PATCH> E01 L049 <OLD> Indiana </OLD> <NEW> chicago </NEW> </PATCH> <PATCH> E02 L019 <OLD> east </OLD> <NEW> new york </NEW> </PATCH>
PPL_6C35EE8CB10B,<PATCH> E01 L019 <OLD> rome se Stillwater </OLD> <NEW> Milwaukee </NEW> </PATCH> <PATCH> E02 L019 <OLD> commack </OLD> <NEW> Chicago </NEW> </PATCH> <PATCH> E03 L049 <OLD> Salina </OLD> <NEW> Milwaukee </NEW> </PATCH>
PPL_E73702D231BF,"<PATCH> E02 L032 <OLD> meet me at the coffee shop at 3 pm </OLD> <NEW> I like your kisses </NEW> </PATCH> <PATCH> E03 L032 <OLD> Google , Pete </OLD> <NEW> I like your kisses </NEW> </PATCH> <PATCH> E04 L032 <OLD> mujhe kal presentation ka last part </OLD> <NEW> I like your kisses </NEW> </PATCH>"
PPL_211D2590E2FF,<PATCH> E01 L048 <OLD> Timer countdown </OLD> <NEW> timer </NEW> </PATCH>
PPL_D9220806306A,<PATCH> E01 L025 <OLD> from 5 in the morning </OLD> <NEW> aaj </NEW> </PATCH> <PATCH> E03 L025 <OLD> agale 3 dino ke liye </OLD> <NEW> aaj </NEW> </PATCH> <PATCH> E04 L045 <OLD> cold </OLD> <NEW> pollen count </NEW> </PATCH>
PPL_67F4023BA7CF,<PATCH> E04 L025 <OLD> for the noon </OLD> <NEW> aaj </NEW> </PATCH>
PPL_CBCE9E5AEF09,<PATCH> E01 L025 <OLD> i - 5 me </OLD> <NEW> Sao Paulo ke paas Fahrenheit mei 49 </NEW> </PATCH> <PATCH> E03 L025 <OLD> shaam 5 : 30 baje ke liye </OLD> <NEW> aj </NEW> </PATCH>
PPL_5B4727B0F224,<PATCH> E02 L025 <OLD> Janauary 2019 se </OLD> <NEW> aaj </NEW> </PATCH> <PATCH> E03 L045 <OLD> rain day </OLD> <NEW> umbrella </NEW> </PATCH>
PPL_2C24ADE57F6D,<PATCH> E01 L052 <OLD> 93 </OLD> <NEW> Columbus </NEW> </PATCH> <PATCH> E03 L025 <OLD> Agle monday subha 7 baje ke liye </OLD> <NEW> Columbus me </NEW> </PATCH> <PATCH> E04 L052 <OLD> Down town </OLD> <NEW> Columbus </NEW> </PATCH>
PPL_91E3E5B8302D,<PATCH> E01 L025 <OLD> January mei weekends </OLD> <NEW> winter </NEW> </PATCH> <PATCH> E04 L024 <OLD> Rodeo </OLD> <NEW> activities </NEW> </PATCH>
PPL_7E5E03ED7779,<PATCH> E01 L024 <OLD> the Mac & Cheese Festival </OLD> <NEW> Art parties </NEW> </PATCH> <PATCH> E02 L052 <OLD> Northern England </OLD> <NEW> Nashville </NEW> </PATCH>
PPL_A0456F63272F,<PATCH> E02 L025 <OLD> kal 9 pm ko </OLD> <NEW> aaj ke liye </NEW> </PATCH> <PATCH> E04 L025 <OLD> agley 4 ghantey ke liye </OLD> <NEW> aaj ke liye </NEW> </PATCH>
PPL_84A94070C3C3,<PATCH> E02 L025 <OLD> August ke pehle hafte </OLD> <NEW> abhi </NEW> </PATCH> <PATCH> E03 L052 <OLD> NASHVILLE </OLD> <NEW> San Francisco </NEW> </PATCH>
PPL_BCCC7913AA21,<PATCH> E01 L025 <OLD> Tuesdays ko subah 8 baje ke liye </OLD> <NEW> kal subah </NEW> </PATCH> <PATCH> E02 L008 <OLD> Interstate 35 </OLD> <NEW> I - 59 </NEW> </PATCH> <PATCH> E03 L025 <OLD> ek week pehle </OLD> <NEW> kal subah </NEW> </PATCH> <PATCH> E04 L052 <OLD> Albuquerque </OLD> <NEW> Meridian </NEW> </PATCH>
PPL_480850EFE406,<PATCH> E02 L002 <OLD> xiaopei </OLD> <NEW> Anu </NEW> </PATCH> <PATCH> E03 L032 <OLD> Mentor Library is hosting a Dahmer reading tonight </OLD> <NEW> two thousand seventeen ki top twenty IMDB Hollywood movies </NEW> </PATCH> <PATCH> E04 L032 <OLD> congratulations </OLD> <NEW> two thousand seventeen ki top twenty IMDB Hollywood movies </NEW> </PATCH>
PPL_BB86B923FE50,"<PATCH> E01 L049 <OLD> los angeles california </OLD> <NEW> Barnard , Vermont </NEW> </PATCH> <PATCH> E02 L019 <OLD> usa </OLD> <NEW> Australia </NEW> </PATCH> <PATCH> E03 L019 <OLD> shoreview </OLD> <NEW> Australia </NEW> </PATCH>"
PPL_055F0F31F217,<PATCH> E02 L019 <OLD> vail </OLD> <NEW> Stamford </NEW> </PATCH> <PATCH> E04 L049 <OLD> BELLINGHAM </OLD> <NEW> NYC </NEW> </PATCH>
PPL_C772D3B21354,<PATCH> E02 L044 <OLD> HIP HOP </OLD> <NEW> Classical </NEW> </PATCH> <PATCH> E03 L004 <OLD> HIT </OLD> <NEW> music </NEW> </PATCH> <PATCH> E04 L004 <OLD> MIX </OLD> <NEW> music </NEW> </PATCH>
PPL_EF550ED53C18,<PATCH> E01 L010 <OLD> photography club meeting </OLD> <NEW> bring their water </NEW> </PATCH> <PATCH> E03 L003 <OLD> Cycle </OLD> <NEW> volleyball team </NEW> </PATCH> <PATCH> E04 L013 <OLD> Har bring </OLD> <NEW> every morning </NEW> </PATCH>
PPL_D2E1AD3E0C73,<PATCH> E01 L003 <OLD> myy </OLD> <NEW> mujhe </NEW> </PATCH> <PATCH> E04 L010 <OLD> meri Tupperware party </OLD> <NEW> mom se milne ke liye </NEW> </PATCH>
PPL_F8D8D4861003,<PATCH> E01 L048 <OLD> Stopwatch </OLD> <NEW> timer </NEW> </PATCH> <PATCH> E02 L025 <OLD> Sunday raat 9 pm ko </OLD> <NEW> 3 ghante me 20 minutes ke liye </NEW> </PATCH> <PATCH> E04 L048 <OLD> count </OLD> <NEW> timer </NEW> </PATCH>
PPL_E662EA2494FA,<PATCH> E01 L058 <OLD> Mileage </OLD> <NEW> miles </NEW> </PATCH> <PATCH> E02 L019 <OLD> Ukiah </OLD> <NEW> Colorado </NEW> </PATCH> <PATCH> E04 L019 <OLD> Atibaia </OLD> <NEW> Washington </NEW> </PATCH>
PPL_ECB07E55239B,<PATCH> E02 L025 <OLD> for Tuesday ka </OLD> <NEW> 4 pm ko </NEW> </PATCH> <PATCH> E04 L025 <OLD> last month </OLD> <NEW> 4 pm ko </NEW> </PATCH>
PPL_703329D8A818,<PATCH> E01 L025 <OLD> 11th ke liye </OLD> <NEW> 30 minutes ke liye </NEW> </PATCH>
PPL_25481CF8973C,<PATCH> E04 L002 <OLD> Gisele Davis </OLD> <NEW> chesner </NEW> </PATCH>
PPL_0AED1811028C,<PATCH> E01 L057 <OLD> wednesday ko 6 . </OLD> <NEW> seconds </NEW> </PATCH> <PATCH> E03 L048 <OLD> clock </OLD> <NEW> timer </NEW> </PATCH>
PPL_EB98E8989F87,<PATCH> E01 L048 <OLD> countdown timer </OLD> <NEW> timer </NEW> </PATCH> <PATCH> E03 L025 <OLD> Thanksgiving Day </OLD> <NEW> 10 minute </NEW> </PATCH>
PPL_629BA208A7B6,<PATCH> E02 L048 <OLD> pacific time 9 am ko counter </OLD> <NEW> timer </NEW> </PATCH> <PATCH> E04 L048 <OLD> time out timer </OLD> <NEW> timer </NEW> </PATCH>
PPL_10CA56E154BE,"<PATCH> E01 L025 <OLD> thursday ke dopahar bachne wala </OLD> <NEW> ten seconds </NEW> </PATCH> <PATCH> E02 L048 <OLD> timer, </OLD> <NEW> timer </NEW> </PATCH> <PATCH> E03 L048 <OLD> Coutndown </OLD> <NEW> timer </NEW> </PATCH>"
PPL_0703AF7CB7BC,<PATCH> E01 L025 <OLD> 12th 2 pm ko </OLD> <NEW> abhi </NEW> </PATCH> <PATCH> E03 L052 <OLD> West Loop </OLD> <NEW> New York State Thruway </NEW> </PATCH> <PATCH> E04 L025 <OLD> agle tuesday ke liye </OLD> <NEW> abhi </NEW> </PATCH>
PPL_10F714217598,<PATCH> E02 L032 <OLD> Trixie </OLD> <NEW> mai Infinity War dekhne jaaraha hu. </NEW> </PATCH> <PATCH> E04 L002 <OLD> Phyllis </OLD> <NEW> Brittany </NEW> </PATCH>
PPL_31047A4FFB2B,<PATCH> E01 L003 <OLD> Travis </OLD> <NEW> mujhe </NEW> </PATCH> <PATCH> E03 L025 <OLD> Monday subha se </OLD> <NEW> Friday ke </NEW> </PATCH>
PPL_96CE7E2058B6,<PATCH> E02 L052 <OLD> Bethlehem </OLD> <NEW> Atlantic City </NEW> </PATCH> <PATCH> E03 L025 <OLD> May 20 ke liye koi event attend karne ke liye </OLD> <NEW> Christmas </NEW> </PATCH>
PPL_42FEC7CC2C02,<PATCH> E04 L049 <OLD> San Diego se Marryland </OLD> <NEW> seattle </NEW> </PATCH>
PPL_BB10D5F72A0B,<PATCH> E01 L045 <OLD> severe thunderstorm </OLD> <NEW> jacket </NEW> </PATCH> <PATCH> E02 L025 <OLD> from 5 in the morning </OLD> <NEW> aaj </NEW> </PATCH> <PATCH> E03 L045 <OLD> drizzle </OLD> <NEW> jacket </NEW> </PATCH> <PATCH> E04 L025 <OLD> 10 hour </OLD> <NEW> aaj </NEW> </PATCH>
PPL_DD42725A315E,<PATCH> E01 L014 <OLD> bicycle </OLD> <NEW> alarm set karne ke liye </NEW> </PATCH> <PATCH> E03 L010 <OLD> shahar se nikalne se pehle spare key ko chodhne </OLD> <NEW> alarm set karne ke liye </NEW> </PATCH>
PPL_957677EC5CBE,<PATCH> E02 L025 <OLD> 3 weeks me </OLD> <NEW> 5 mins ke liye </NEW> </PATCH> <PATCH> E03 L048 <OLD> time out timer </OLD> <NEW> timer </NEW> </PATCH> <PATCH> E04 L025 <OLD> ek minute ke liye </OLD> <NEW> 5 mins ke liye </NEW> </PATCH>
PPL_2EECE21F8540,<PATCH> E01 L046 <OLD> catholics </OLD> <NEW> dauraan </NEW> </PATCH> <PATCH> E02 L025 <OLD> First Tuesday of April Outoor </OLD> <NEW> winter ke dauraan </NEW> </PATCH> <PATCH> E03 L052 <OLD> Arrowhead </OLD> <NEW> San Francisco </NEW> </PATCH> <PATCH> E04 L046 <OLD> Dog friendly </OLD> <NEW> dauraan </NEW> </PATCH>
PPL_51ED54977B27,<PATCH> E02 L003 <OLD> Patrick </OLD> <NEW> mere </NEW> </PATCH> <PATCH> E03 L003 <OLD> sword club </OLD> <NEW> mere </NEW> </PATCH> <PATCH> E04 L025 <OLD> 88 minutes me </OLD> <NEW> Aaj ke liye </NEW> </PATCH>
PPL_01006CD1FEE8,<PATCH> E02 L045 <OLD> winter gloves </OLD> <NEW> baarish </NEW> </PATCH> <PATCH> E03 L025 <OLD> Route 100 </OLD> <NEW> baarish </NEW> </PATCH> <PATCH> E04 L025 <OLD> kal 3 pm aur 6 pm ko </OLD> <NEW> is week </NEW> </PATCH>
PPL_389829BE8E89,<PATCH> E02 L025 <OLD> summer ke mahine me raat ko party </OLD> <NEW> aaj </NEW> </PATCH> <PATCH> E03 L045 <OLD> sun protection </OLD> <NEW> wind gust </NEW> </PATCH> <PATCH> E04 L045 <OLD> windows </OLD> <NEW> wind gust </NEW> </PATCH>
PPL_F330A5DEFC76,<PATCH> E04 L010 <OLD> 8 / 15 ko ko gas se fill up </OLD> <NEW> Thursday par recycling baahar nikalne </NEW> </PATCH>
PPL_19FB167ABAA0,<PATCH> E01 L038 <OLD> samoa </OLD> <NEW> baahar </NEW> </PATCH> <PATCH> E03 L045 <OLD> skirt </OLD> <NEW> hot </NEW> </PATCH> <PATCH> E04 L025 <OLD> Monday 3 00 ' pm ko </OLD> <NEW> aaj </NEW> </PATCH>
PPL_71A7DE4EAF80,<PATCH> E01 L003 <OLD> stephen </OLD> <NEW> Muje </NEW> </PATCH>
PPL_785A50070B9F,<PATCH> E02 L025 <OLD> for Monday at 8 am </OLD> <NEW> is mahine </NEW> </PATCH> <PATCH> E03 L024 <OLD> community theatre events </OLD> <NEW> concerts </NEW> </PATCH>
PPL_40CC6D7E8F4B,<PATCH> E02 L025 <OLD> last month </OLD> <NEW> Is week </NEW> </PATCH> <PATCH> E03 L052 <OLD> Davis Street </OLD> <NEW> Northeast </NEW> </PATCH> <PATCH> E04 L025 <OLD> Pacific time 10 AM ko </OLD> <NEW> Is week </NEW> </PATCH>
PPL_8F7A5BAF2EC1,"<PATCH> E01 L019 <OLD> Opelousas </OLD> <NEW> Salem </NEW> </PATCH> <PATCH> E02 L019 <OLD> Louisville , Kentucky </OLD> <NEW> Birmingham </NEW> </PATCH> <PATCH> E03 L049 <OLD> Peachtree St </OLD> <NEW> Birmingham </NEW> </PATCH>"
PPL_B78FF2D248FD,<PATCH> E02 L010 <OLD> vendor Alex ko uska present bhejne </OLD> <NEW> mujhe ek air ticket khareedne </NEW> </PATCH> <PATCH> E04 L010 <OLD> cat litter </OLD> <NEW> ek air ticket khareedne </NEW> </PATCH>
PPL_0B5655183BA1,<PATCH> E01 L010 <OLD> Christmas presents lene </OLD> <NEW> dog ko walk per lejane ke liye </NEW> </PATCH> <PATCH> E02 L025 <OLD> Saturday par dopahar 2 . 30 baje ke liye </OLD> <NEW> Aj subah 11 bajhe </NEW> </PATCH>
PPL_1E89D0E924F2,<PATCH> E01 L025 <OLD> Saturday 9 p . m se pehle </OLD> <NEW> 30 seconds </NEW> </PATCH> <PATCH> E03 L048 <OLD> is clock </OLD> <NEW> timer </NEW> </PATCH> <PATCH> E04 L025 <OLD> Friday 7 pm ke liye </OLD> <NEW> 30 seconds </NEW> </PATCH>
PPL_95076D6D2E25,<PATCH> E01 L048 <OLD> clock </OLD> <NEW> timer </NEW> </PATCH> <PATCH> E02 L025 <OLD> next Friday at 3 pm </OLD> <NEW> 1 ghante ke liye </NEW> </PATCH> <PATCH> E04 L025 <OLD> 7 PM </OLD> <NEW> 1 ghante ke liye </NEW> </PATCH>
PPL_271A707773E3,<PATCH> E02 L025 <OLD> seven minutes </OLD> <NEW> noon me </NEW> </PATCH> <PATCH> E03 L003 <OLD> Paul </OLD> <NEW> Muje </NEW> </PATCH> <PATCH> E04 L010 <OLD> mere library books lene </OLD> <NEW> mail check </NEW> </PATCH>
PPL_20470412DFC7,"<PATCH> E02 L054 <OLD> Amherst , Nova Scotia </OLD> <NEW> Dallas </NEW> </PATCH> <PATCH> E04 L054 <OLD> santa </OLD> <NEW> Mana </NEW> </PATCH>"
PPL_3FCD3DEC5769,<PATCH> E01 L025 <OLD> on September 18th </OLD> <NEW> tuesday ke liye </NEW> </PATCH> <PATCH> E02 L003 <OLD> Dennis </OLD> <NEW> mere </NEW> </PATCH> <PATCH> E04 L025 <OLD> 25 mins ke liye </OLD> <NEW> tuesday ke liye </NEW> </PATCH>
PPL_13A55612EACF,<PATCH> E01 L002 <OLD> Kaley </OLD> <NEW> Jim </NEW> </PATCH> <PATCH> E03 L032 <OLD> mai 5 minutes me waha pahunch jaunga </OLD> <NEW> hamare plans </NEW> </PATCH> <PATCH> E04 L032 <OLD> he will be home at 2 pm on Friday </OLD> <NEW> hamare plans </NEW> </PATCH>
PPL_862A73F4C973,<PATCH> E01 L025 <OLD> Monday 8 am </OLD> <NEW> aaj </NEW> </PATCH> <PATCH> E03 L010 <OLD> Janet aaj budget create karne </OLD> <NEW> Muje aaj meri grocery list me chicken ko add </NEW> </PATCH>
PPL_7096F3F082AC,<PATCH> E02 L025 <OLD> subha 8 am ke liye </OLD> <NEW> one hour </NEW> </PATCH> <PATCH> E03 L048 <OLD> timing </OLD> <NEW> timer </NEW> </PATCH> <PATCH> E04 L025 <OLD> november 22 through 27 </OLD> <NEW> one hour </NEW> </PATCH>
PPL_2AC574F2A334,<PATCH> E01 L025 <OLD> 10 seconds me </OLD> <NEW> summer ke dauraan </NEW> </PATCH> <PATCH> E02 L052 <OLD> Tyler </OLD> <NEW> Paris </NEW> </PATCH> <PATCH> E03 L052 <OLD> NJ Expressway </OLD> <NEW> Paris </NEW> </PATCH>
PPL_31A59E6B9C58,<PATCH> E01 L032 <OLD> forward her sister ' s last picture </OLD> <NEW> mujhe der hogi </NEW> </PATCH> <PATCH> E03 L032 <OLD> hi please Zoe </OLD> <NEW> Somerville me traffic hai isiliye mujhe der hogi </NEW> </PATCH>
PPL_FB6C57CE41E0,<PATCH> E04 L052 <OLD> Clemson Boulevard </OLD> <NEW> Orlando </NEW> </PATCH>
PPL_4369BFEEAC87,<PATCH> E01 L010 <OLD> meri wife ke birthday </OLD> <NEW> dentist appointment </NEW> </PATCH> <PATCH> E02 L010 <OLD> JULIE dr ke paas jane ke liye </OLD> <NEW> mere dentist appointment </NEW> </PATCH>
PPL_3E0D6666B993,<PATCH> E01 L019 <OLD> Williams </OLD> <NEW> maadi </NEW> </PATCH> <PATCH> E03 L019 <OLD> Quincy </OLD> <NEW> downtown </NEW> </PATCH>
PPL_CF5B3209624F,<PATCH> E01 L025 <OLD> aaj raat 7 baje </OLD> <NEW> last week </NEW> </PATCH> <PATCH> E02 L045 <OLD> 25th March ko </OLD> <NEW> last week </NEW> </PATCH>
PPL_4FF6BDE58A04,<PATCH> E01 L010 <OLD> mere colleagues </OLD> <NEW> Mujhe </NEW> </PATCH> <PATCH> E04 L010 <OLD> Justin ki party </OLD> <NEW> Amina ki band practice </NEW> </PATCH>
PPL_DEE4EA885A6B,<PATCH> E01 L010 <OLD> college ke liye FAFSA fill karne ke liye </OLD> <NEW> dinner </NEW> </PATCH> <PATCH> E02 L023 <OLD> from this week </OLD> <NEW> 6 pm </NEW> </PATCH>
PPL_2DFACAF5105C,<PATCH> E03 L025 <OLD> agle Wednesday at 15 : 00 pm ke liye </OLD> <NEW> Saturday ko </NEW> </PATCH> <PATCH> E04 L052 <OLD> Ft Smith AR </OLD> <NEW> Helsinki </NEW> </PATCH>
PPL_BD674EF6BF85,<PATCH> E01 L004 <OLD> CHANNEL </OLD> <NEW> music </NEW> </PATCH> <PATCH> E02 L044 <OLD> exotica </OLD> <NEW> gospel </NEW> </PATCH> <PATCH> E03 L004 <OLD> gaano </OLD> <NEW> music </NEW> </PATCH> <PATCH> E04 L004 <OLD> Radio </OLD> <NEW> music </NEW> </PATCH>
PPL_7D39A51C50CE,<PATCH> E01 L052 <OLD> Disneyworld </OLD> <NEW> Kentucky </NEW> </PATCH> <PATCH> E02 L052 <OLD> Lhasa </OLD> <NEW> Kentucky </NEW> </PATCH> <PATCH> E04 L052 <OLD> 6 : 00 bajhe ke liye legoland </OLD> <NEW> agle hafte me Kentucky </NEW> </PATCH>
PPL_6CA11904D1D7,<PATCH> E01 L010 <OLD> Lowe ke bill pay karne ke liye </OLD> <NEW> dentist ki appointment </NEW> </PATCH> <PATCH> E02 L025 <OLD> Sunday ko 5 : 00 PM ko </OLD> <NEW> at five </NEW> </PATCH> <PATCH> E03 L010 <OLD> accounting staff </OLD> <NEW> Muje at five </NEW> </PATCH> <PATCH> E04 L025 <OLD> Saturday week ' s 2 pm </OLD> <NEW> at five </NEW> </PATCH>
PPL_86848D55EBF5,<PATCH> E01 L003 <OLD> Tim </OLD> <NEW> Mere </NEW> </PATCH> <PATCH> E03 L025 <OLD> kal subah 7 bajhe aur sham 5 bajhe ke liye </OLD> <NEW> kal dopahar 3 baje </NEW> </PATCH>
PPL_82601C91DF33,<PATCH> E01 L052 <OLD> Prince Albert </OLD> <NEW> gulf </NEW> </PATCH> <PATCH> E03 L045 <OLD> over 90 </OLD> <NEW> toofan </NEW> </PATCH>
PPL_F1A56E8E338F,<PATCH> E01 L025 <OLD> Monday ke shaam ke liye </OLD> <NEW> aaj </NEW> </PATCH> <PATCH> E03 L060 <OLD> c </OLD> <NEW> f </NEW> </PATCH> <PATCH> E04 L052 <OLD> 167 </OLD> <NEW> Menlo Park </NEW> </PATCH>
PPL_72DD068737BC,<PATCH> E02 L023 <OLD> 0830 ke liye </OLD> <NEW> Friday ko </NEW> </PATCH> <PATCH> E03 L010 <OLD> Kindergarten Orientation </OLD> <NEW> floral arrangement pick up karne ka </NEW> </PATCH> <PATCH> E04 L010 <OLD> Joe ki homecoming </OLD> <NEW> floral arrangement pick up karne ka </NEW> </PATCH>
PPL_1CF81B17ECF6,<PATCH> E01 L025 <OLD> Is coming Friday tak ko Sedona </OLD> <NEW> kal </NEW> </PATCH>
PPL_2D0C79D0BFB4,<PATCH> E02 L045 <OLD> shorts of long pants </OLD> <NEW> thunderstorms </NEW> </PATCH> <PATCH> E03 L045 <OLD> gloomy </OLD> <NEW> thunderstorms </NEW> </PATCH> <PATCH> E04 L045 <OLD> aas paas </OLD> <NEW> thunderstorms </NEW> </PATCH>
PPL_747F048F3E69,<PATCH> E02 L003 <OLD> team August 18th </OLD> <NEW> Muje </NEW> </PATCH>
PPL_79D4B88C064D,<PATCH> E02 L010 <OLD> mere bills pay karne ke liye </OLD> <NEW> shampoo aur soap lene </NEW> </PATCH> <PATCH> E03 L010 <OLD> mera fight cancel karne </OLD> <NEW> shampoo aur soap lene </NEW> </PATCH> <PATCH> E04 L023 <OLD> Good Friday 2020 ko </OLD> <NEW> shaam 6 baje </NEW> </PATCH>
PPL_8DE5DCA9AB1A,<PATCH> E02 L025 <OLD> 5 ghante ka </OLD> <NEW> Wednesday </NEW> </PATCH> <PATCH> E03 L025 <OLD> 7 minute timer </OLD> <NEW> Wednesday </NEW> </PATCH> <PATCH> E04 L045 <OLD> heat wave </OLD> <NEW> barish </NEW> </PATCH>
PPL_43441E9B2618,<PATCH> E03 L010 <OLD> uske library books ko chodhne </OLD> <NEW> Neck doctor </NEW> </PATCH> <PATCH> E04 L025 <OLD> kal sham 7 : 00 bajhe </OLD> <NEW> Monday dopahar 12 baje ke liye </NEW> </PATCH>
PPL_1A1539416EF3,<PATCH> E01 L025 <OLD> 5th ko 3 baje ke liye </OLD> <NEW> is weekend </NEW> </PATCH> <PATCH> E03 L045 <OLD> sunscreen </OLD> <NEW> baarish </NEW> </PATCH> <PATCH> E04 L052 <OLD> Palisades Parkway </OLD> <NEW> baarish </NEW> </PATCH>
PPL_B4F836383AF2,<PATCH> E01 L025 <OLD> 10 : 28 am ke liye </OLD> <NEW> aaj </NEW> </PATCH> <PATCH> E02 L052 <OLD> legoland </OLD> <NEW> Charlotte </NEW> </PATCH>
PPL_45CE6637680E,<PATCH> E01 L025 <OLD> Kal evening 4 o ' clock ko </OLD> <NEW> Sunday par </NEW> </PATCH> <PATCH> E03 L038 <OLD> windy </OLD> <NEW> garmi </NEW> </PATCH>
PPL_F5F9440A96DC,<PATCH> E01 L025 <OLD> 10 pm ko </OLD> <NEW> Christmas ke liye </NEW> </PATCH>
PPL_37AA05413E8E,<PATCH> E03 L025 <OLD> Autumn </OLD> <NEW> aaj </NEW> </PATCH> <PATCH> E04 L025 <OLD> thursday ko 3 baje ke liye </OLD> <NEW> aaj </NEW> </PATCH>
PPL_7AF6D578ECD6,<PATCH> E01 L004 <OLD> playlist </OLD> <NEW> music </NEW> </PATCH> <PATCH> E02 L004 <OLD> releases </OLD> <NEW> music </NEW> </PATCH> <PATCH> E04 L044 <OLD> early 90s boy band </OLD> <NEW> classical </NEW> </PATCH>
PPL_BDFE6D3EDBAB,<PATCH> E01 L025 <OLD> ek din ke liye </OLD> <NEW> Weekend ke liye </NEW> </PATCH> <PATCH> E02 L025 <OLD> Is week ke baaki dinon ke liye </OLD> <NEW> Weekend ke liye </NEW> </PATCH> <PATCH> E03 L024 <OLD> nutcracker performance </OLD> <NEW> Entertainment </NEW> </PATCH> <PATCH> E04 L025 <OLD> July 19 ke liye </OLD> <NEW> Weekend ke liye </NEW> </PATCH>
PPL_4E8A8CAEAB77,<PATCH> E01 L025 <OLD> agley haftey 5 am ke liye </OLD> <NEW> aaj </NEW> </PATCH> <PATCH> E02 L045 <OLD> cooler </OLD> <NEW> baarish </NEW> </PATCH> <PATCH> E04 L025 <OLD> 7 . 30 pm ko </OLD> <NEW> aaj </NEW> </PATCH>
PPL_3B543ADC10B3,<PATCH> E02 L047 <OLD> saare </OLD> <NEW> sabhi </NEW> </PATCH> <PATCH> E03 L025 <OLD> Monday ke subah 6 baje </OLD> <NEW> Is weekend </NEW> </PATCH> <PATCH> E04 L047 <OLD> saare </OLD> <NEW> sabhi </NEW> </PATCH>
PPL_D1CFD5EEBE7F,<PATCH> E02 L052 <OLD> I 71 North </OLD> <NEW> Birmingham </NEW> </PATCH>
PPL_49FF788EF094,"<PATCH> E03 L025 <OLD> 9 am se 5 pm tak ke liye </OLD> <NEW> is afternoon </NEW> </PATCH> <PATCH> E04 L025 <OLD> December 21 through January 1 , 2018 ke liye </OLD> <NEW> is afternoon </NEW> </PATCH>"
PPL_12102D75568D,<PATCH> E01 L025 <OLD> Tuesday 22nd at 7 pm ke liye </OLD> <NEW> aaj ke liye </NEW> </PATCH> <PATCH> E03 L010 <OLD> meri mom ke operation ke din </OLD> <NEW> dog </NEW> </PATCH> <PATCH> E04 L035 <OLD> jaanna </OLD> <NEW> dog </NEW> </PATCH>
PPL_868A5B000548,<PATCH> E02 L025 <OLD> kal subah 9 bajhe </OLD> <NEW> Monday se </NEW> </PATCH> <PATCH> E03 L010 <OLD> mere test ke liye study karne ke liye </OLD> <NEW> work </NEW> </PATCH>
PPL_535FA9E6D7BB,<PATCH> E02 L010 <OLD> timer start karne </OLD> <NEW> bread lene </NEW> </PATCH> <PATCH> E03 L010 <OLD> baby wearing cat ko flea medicine lagane </OLD> <NEW> Mujhe bread lene </NEW> </PATCH> <PATCH> E04 L010 <OLD> Zumba bread lene </OLD> <NEW> Mujhe bread lene </NEW> </PATCH>
PPL_5EA88DC6050A,"<PATCH> E02 L025 <OLD> March , 2018 me </OLD> <NEW> Aaj </NEW> </PATCH> <PATCH> E04 L045 <OLD> barometric pressure </OLD> <NEW> wind </NEW> </PATCH>"
PPL_B980154249B8,<PATCH> E01 L010 <OLD> Spencer </OLD> <NEW> mujhe Monday Friday par dopahar ko bottled water ko khareedne </NEW> </PATCH> <PATCH> E03 L010 <OLD> bottled water ko khareedne </OLD> <NEW> lunch ko jaane </NEW> </PATCH> <PATCH> E04 L025 <OLD> sunday ko din ke samay </OLD> <NEW> Monday Friday par dopahar ko </NEW> </PATCH>
PPL_8E212A01C563,<PATCH> E03 L010 <OLD> Kal dopahar se pehle gardening </OLD> <NEW> Friday ko ko lunch ke liye shakes banane ka </NEW> </PATCH>
PPL_1EF500614AD6,<PATCH> E02 L035 <OLD> Kevin </OLD> <NEW> Susan </NEW> </PATCH> <PATCH> E03 L010 <OLD> mere neighbor ke kutte ko feed ke liye </OLD> <NEW> meri meeting </NEW> </PATCH> <PATCH> E04 L010 <OLD> practice me se kids ko pickup karne </OLD> <NEW> meri meeting </NEW> </PATCH>
PPL_FFB9747138CF,"<PATCH> E02 L048 <OLD> mere timer </OLD> <NEW> timer </NEW> </PATCH> <PATCH> E04 L048 <OLD> timer, </OLD> <NEW> timer </NEW> </PATCH>"
PPL_28BBE46A7FBB,<PATCH> E03 L048 <OLD> snooze </OLD> <NEW> timer </NEW> </PATCH> <PATCH> E04 L025 <OLD> agley tuesday sham 4 baje </OLD> <NEW> ek ghante ke liye </NEW> </PATCH>
PPL_7F5377189CA9,"<PATCH> E02 L002 <OLD> Angel Lynn </OLD> <NEW> Dave </NEW> </PATCH> <PATCH> E04 L002 <OLD> Google , Antoinette </OLD> <NEW> Dave </NEW> </PATCH>"
PPL_9E64DB84767F,<PATCH> E02 L045 <OLD> wind gusts </OLD> <NEW> SNOW </NEW> </PATCH> <PATCH> E03 L025 <OLD> 4 ghante baad </OLD> <NEW> aaj </NEW> </PATCH> <PATCH> E04 L045 <OLD> Umbrella </OLD> <NEW> SNOW </NEW> </PATCH>
PPL_3265B92C830E,<PATCH> E01 L008 <OLD> cars race </OLD> <NEW> movies </NEW> </PATCH> <PATCH> E02 L025 <OLD> summer 2018 ke liye </OLD> <NEW> is week </NEW> </PATCH> <PATCH> E04 L025 <OLD> 8 : 15 P . M me </OLD> <NEW> is week </NEW> </PATCH>
PPL_46EC86F5BC7E,<PATCH> E01 L024 <OLD> expo center </OLD> <NEW> live music </NEW> </PATCH> <PATCH> E02 L020 <OLD> Golf course </OLD> <NEW> live music </NEW> </PATCH> <PATCH> E04 L024 <OLD> Pottery Classes </OLD> <NEW> live music </NEW> </PATCH>
PPL_B3169A667312,"<PATCH> E01 L025 <OLD> Hwy 10 me </OLD> <NEW> Is weekend </NEW> </PATCH> <PATCH> E03 L052 <OLD> NORTHSIDE </OLD> <NEW> Orlando </NEW> </PATCH> <PATCH> E04 L025 <OLD> kal 3 AM ke liye Amherst , Nova Scotia </OLD> <NEW> Is weekend </NEW> </PATCH>"
PPL_C6FBA66A1C11,<PATCH> E01 L048 <OLD> samai </OLD> <NEW> timer </NEW> </PATCH> <PATCH> E04 L025 <OLD> Thursday 10 : 00 am ke liye </OLD> <NEW> 5 minutes ke liye </NEW> </PATCH>
PPL_F6B78C5EB830,<PATCH> E02 L025 <OLD> Kal subha 1 : 00 baje </OLD> <NEW> dopaher 12 : 30 baje </NEW> </PATCH> <PATCH> E03 L010 <OLD> space tea </OLD> <NEW> lunch date </NEW> </PATCH>
PPL_90029031ECB0,<PATCH> E01 L025 <OLD> subah 4 bajhe </OLD> <NEW> aaj </NEW> </PATCH> <PATCH> E02 L025 <OLD> aaj 30 hogi </OLD> <NEW> aaj </NEW> </PATCH> <PATCH> E03 L025 <OLD> 5 pm se 8 pm tak </OLD> <NEW> aaj </NEW> </PATCH> <PATCH> E04 L045 <OLD> rain boots </OLD> <NEW> precipitation </NEW> </PATCH>
PPL_8E502AB08498,<PATCH> E02 L025 <OLD> aaj raat 6 PM ke baad </OLD> <NEW> Friday at 10 am </NEW> </PATCH>
PPL_AA0F81D994FC,<PATCH> E01 L010 <OLD> Ally </OLD> <NEW> bday gift lene </NEW> </PATCH> <PATCH> E03 L010 <OLD> Stacey </OLD> <NEW> gift lene </NEW> </PATCH> <PATCH> E04 L010 <OLD> church bake sale ke liye cupcakes kharidne ke liye </OLD> <NEW> mere sister ke liye bday gift lene </NEW> </PATCH>
PPL_A718391D5698,<PATCH> E01 L025 <OLD> Friday the 13th ke liye </OLD> <NEW> aaj raat </NEW> </PATCH> <PATCH> E02 L060 <OLD> clecius </OLD> <NEW> F </NEW> </PATCH> <PATCH> E03 L052 <OLD> Catalonia </OLD> <NEW> Madrid </NEW> </PATCH>
PPL_EBFD038AE65C,"<PATCH> E01 L003 <OLD> 4H </OLD> <NEW> mujhe </NEW> </PATCH> <PATCH> E04 L010 <OLD> for cleaning , washing and trash ke liye </OLD> <NEW> stove turn off </NEW> </PATCH>"
PPL_2C799EF430E3,<PATCH> E01 L025 <OLD> Kal subha 7 baje ke liye </OLD> <NEW> agle hafte </NEW> </PATCH> <PATCH> E02 L045 <OLD> weekly </OLD> <NEW> thand </NEW> </PATCH>
PPL_0C87C1F3EAE3,<PATCH> E01 L049 <OLD> Beijing </OLD> <NEW> providence </NEW> </PATCH> <PATCH> E02 L019 <OLD> Parker SD </OLD> <NEW> boston </NEW> </PATCH> <PATCH> E03 L058 <OLD> feet </OLD> <NEW> miles </NEW> </PATCH>
PPL_AE2BFB792B31,<PATCH> E01 L003 <OLD> Andy </OLD> <NEW> Muje </NEW> </PATCH> <PATCH> E04 L025 <OLD> New years eve ko </OLD> <NEW> May 21st </NEW> </PATCH>
PPL_21AC58184915,"<PATCH> E01 L048 <OLD> timer, </OLD> <NEW> timer </NEW> </PATCH> <PATCH> E02 L025 <OLD> Monday 3 pm ke liye </OLD> <NEW> das minute ke liye </NEW> </PATCH> <PATCH> E04 L048 <OLD> mere </OLD> <NEW> timer </NEW> </PATCH>"
PPL_1BEB6CC74718,<PATCH> E03 L010 <OLD> Nat ko submit karne </OLD> <NEW> appointment </NEW> </PATCH> <PATCH> E04 L025 <OLD> Is week ke baaki dinon ke liye </OLD> <NEW> kal ke liye </NEW> </PATCH>
PPL_301C00B9237F,<PATCH> E01 L057 <OLD> 1600 hours </OLD> <NEW> 20 minutes </NEW> </PATCH> <PATCH> E03 L048 <OLD> clock </OLD> <NEW> timer </NEW> </PATCH>
PPL_F4E49BEEE9A0,<PATCH> E03 L032 <OLD> mere new car ko garage se pick up karne </OLD> <NEW> mujhe abhi call kiya tha? </NEW> </PATCH> <PATCH> E04 L002 <OLD> Corey </OLD> <NEW> Lim </NEW> </PATCH>
PPL_DAADB7814667,<PATCH> E02 L003 <OLD> Lauryn </OLD> <NEW> mujhe </NEW> </PATCH> <PATCH> E03 L023 <OLD> 8 ghante ke liye </OLD> <NEW> on August 17th </NEW> </PATCH>
PPL_88BAE299C7BF,<PATCH> E01 L003 <OLD> vacuum </OLD> <NEW> mujhe </NEW> </PATCH> <PATCH> E02 L025 <OLD> agley din 8 : 45 PM mein </OLD> <NEW> 5 pm ko </NEW> </PATCH> <PATCH> E03 L010 <OLD> Ex - Girlfriends </OLD> <NEW> mujhe pick karne ke liye </NEW> </PATCH> <PATCH> E04 L010 <OLD> mommy </OLD> <NEW> mujhe pick karne ke liye </NEW> </PATCH>
PPL_D19405C0A079,"<PATCH> E02 L002 <OLD> Charo </OLD> <NEW> Peter </NEW> </PATCH> <PATCH> E03 L032 <OLD> No thanks , you are not interested </OLD> <NEW> body temperature ka </NEW> </PATCH>"
PPL_B67F632F8095,<PATCH> E01 L024 <OLD> Passion Parties </OLD> <NEW> concerts </NEW> </PATCH> <PATCH> E02 L033 <OLD> Ripple </OLD> <NEW> Chesney </NEW> </PATCH> <PATCH> E03 L025 <OLD> har saal </OLD> <NEW> Is weekend </NEW> </PATCH>
PPL_E69BEFA35799,<PATCH> E02 L030 <OLD> Saturday 3 PM ko </OLD> <NEW> subah 5 baje </NEW> </PATCH> <PATCH> E03 L019 <OLD> Korea </OLD> <NEW> Lansing </NEW> </PATCH>
PPL_F4763937A16B,<PATCH> E01 L025 <OLD> Disney world aj raat 8 bajhe ke baad </OLD> <NEW> aj raat 8 bajhe ke baad </NEW> </PATCH> <PATCH> E03 L025 <OLD> kal subha 5 a . m ke liye </OLD> <NEW> aj raat 8 bajhe ke baad </NEW> </PATCH>
PPL_948D276307CB,<PATCH> E01 L025 <OLD> agley Wednesday 2 pm ke liye </OLD> <NEW> kal </NEW> </PATCH> <PATCH> E04 L045 <OLD> thunder snow </OLD> <NEW> baarish </NEW> </PATCH>
PPL_13AD1F52382B,<PATCH> E02 L048 <OLD> time out </OLD> <NEW> timer </NEW> </PATCH> <PATCH> E03 L025 <OLD> agle moth </OLD> <NEW> 20 minutes me </NEW> </PATCH>
PPL_E24E7EC844B4,"<PATCH> E02 L049 <OLD> Daytona Beach </OLD> <NEW> Jackson , MS </NEW> </PATCH> <PATCH> E03 L055 <OLD> foot </OLD> <NEW> flight </NEW> </PATCH> <PATCH> E04 L019 <OLD> Arizona </OLD> <NEW> Atlanta , GA </NEW> </PATCH>"
PPL_3D5D0E5E087A,<PATCH> E01 L002 <OLD> Jeffrey </OLD> <NEW> Jill </NEW> </PATCH> <PATCH> E02 L002 <OLD> Lionel </OLD> <NEW> Jill </NEW> </PATCH>
PPL_1CDC85926E44,<PATCH> E01 L025 <OLD> monday 2 bajhe </OLD> <NEW> aj raat </NEW> </PATCH> <PATCH> E02 L010 <OLD> she will be taking care of the dogs </OLD> <NEW> game dekhne ke liye </NEW> </PATCH>
PPL_33758BAD701E,<PATCH> E01 L024 <OLD> Sporting ke events </OLD> <NEW> las vegas me toga party </NEW> </PATCH> <PATCH> E02 L052 <OLD> FLORIDA </OLD> <NEW> las vegas </NEW> </PATCH> <PATCH> E03 L025 <OLD> agle weekend ko shaam 4 baje ke baad </OLD> <NEW> Aaj raat </NEW> </PATCH>
PPL_5B11631ABDAC,<PATCH> E03 L045 <OLD> chata sky </OLD> <NEW> garmi </NEW> </PATCH> <PATCH> E04 L025 <OLD> 48 minutes </OLD> <NEW> Aaj </NEW> </PATCH>
PPL_FD9DFC3ABAE7,<PATCH> E01 L045 <OLD> high temp </OLD> <NEW> tropical storms </NEW> </PATCH> <PATCH> E02 L052 <OLD> Russias </OLD> <NEW> mexico ki gulf </NEW> </PATCH> <PATCH> E03 L052 <OLD> japan </OLD> <NEW> mexico ki gulf </NEW> </PATCH> <PATCH> E04 L052 <OLD> Lhasa </OLD> <NEW> mexico ki gulf </NEW> </PATCH>
PPL_20F04678C669,<PATCH> E02 L019 <OLD> Spartanburg aur Indianapolis </OLD> <NEW> Seattle </NEW> </PATCH>
PPL_B80EDEE37EF5,<PATCH> E01 L025 <OLD> 7th March ko 1400 baje </OLD> <NEW> ek minute aur 30 seconds ke liye </NEW> </PATCH> <PATCH> E02 L025 <OLD> 3rd ko 1230 pm ko </OLD> <NEW> ek minute aur 30 seconds ke liye </NEW> </PATCH> <PATCH> E03 L025 <OLD> 36 minutes me </OLD> <NEW> ek minute aur 30 seconds ke liye </NEW> </PATCH> <PATCH> E04 L048 <OLD> 2 hours </OLD> <NEW> timer </NEW> </PATCH>
PPL_DC4E1A78AC2D,<PATCH> E01 L057 <OLD> Dixie </OLD> <NEW> sabhi </NEW> </PATCH> <PATCH> E02 L047 <OLD> saarey </OLD> <NEW> sabhi </NEW> </PATCH> <PATCH> E04 L025 <OLD> 11 months ke liye </OLD> <NEW> Friday </NEW> </PATCH>
PPL_93B031B2E87C,<PATCH> E01 L025 <OLD> Saturday raat ko </OLD> <NEW> 1 minute </NEW> </PATCH> <PATCH> E02 L025 <OLD> 3 timeout </OLD> <NEW> 1 minute </NEW> </PATCH> <PATCH> E03 L025 <OLD> kal dopaher 3 bajhe ke liye </OLD> <NEW> 1 minute </NEW> </PATCH>
PPL_433BD60FF6AE,<PATCH> E03 L003 <OLD> Chris </OLD> <NEW> Mere </NEW> </PATCH> <PATCH> E04 L010 <OLD> come to bible studdy </OLD> <NEW> mail September birthday cards </NEW> </PATCH>
PPL_403768E580AF,<PATCH> E02 L025 <OLD> 1 ghante aur 15 minutes ke liye </OLD> <NEW> Tuesday ko subah 10 baje </NEW> </PATCH> <PATCH> E04 L003 <OLD> vendor </OLD> <NEW> Muje </NEW> </PATCH>
PPL_88F6E4AB6D8D,"<PATCH> E03 L052 <OLD> Thursday 12pm ko 507 </OLD> <NEW> London , England </NEW> </PATCH>"
PPL_32E185AF4E1B,<PATCH> E02 L025 <OLD> Sunday night ke liye </OLD> <NEW> 30 min me on pehle </NEW> </PATCH> <PATCH> E03 L025 <OLD> 3 : 10 </OLD> <NEW> 30 min me on pehle </NEW> </PATCH>
PPL_B9D1E88C30AC,<PATCH> E01 L025 <OLD> kal subha 4 : 45 AM ke liye </OLD> <NEW> 5 minutes </NEW> </PATCH> <PATCH> E03 L036 <OLD> Cole ke time outs </OLD> <NEW> workout </NEW> </PATCH> <PATCH> E04 L048 <OLD> food timer </OLD> <NEW> timer </NEW> </PATCH>
PPL_1205B75510CC,<PATCH> E01 L025 <OLD> february 2018 mei wichita ke upar </OLD> <NEW> agle hafte </NEW> </PATCH> <PATCH> E04 L038 <OLD> acha tanning index </OLD> <NEW> baarish </NEW> </PATCH>
PPL_DBB25F3B17D5,<PATCH> E01 L003 <OLD> Carla </OLD> <NEW> mujhe </NEW> </PATCH> <PATCH> E04 L010 <OLD> mere carpet ko steam clean karne </OLD> <NEW> call </NEW> </PATCH>
PPL_2A26BF13E1A3,<PATCH> E03 L025 <OLD> 2018 ke beginning me </OLD> <NEW> abhi </NEW> </PATCH>
PPL_271931898F7C,<PATCH> E01 L025 <OLD> first week in February </OLD> <NEW> kal 5 pm ko </NEW> </PATCH> <PATCH> E02 L025 <OLD> Thursday tak </OLD> <NEW> kal 5 pm ko </NEW> </PATCH> <PATCH> E03 L045 <OLD> sprinkling </OLD> <NEW> baarish </NEW> </PATCH>
PPL_75DCD4884BA3,<PATCH> E02 L010 <OLD> Dalton wo meeting attend karne </OLD> <NEW> Muje gift lene ke liye </NEW> </PATCH>
PPL_10E2DBD96DCD,<PATCH> E01 L025 <OLD> holidays ke samay </OLD> <NEW> agley mahiney </NEW> </PATCH> <PATCH> E04 L024 <OLD> exhibit openings </OLD> <NEW> Vegan food festival </NEW> </PATCH>
PPL_B2B7C6E58B8D,<PATCH> E02 L025 <OLD> Tuesdays ko subah 7 baje ke liye </OLD> <NEW> tomorrow rain boots </NEW> </PATCH>
PPL_03435069540A,<PATCH> E01 L010 <OLD> zoomba class </OLD> <NEW> kachra baahar nikalne ke liye </NEW> </PATCH> <PATCH> E02 L010 <OLD> mere colonoscopy se ek raat pehle prep karne ke liye </OLD> <NEW> kachra baahar nikalne ke liye </NEW> </PATCH> <PATCH> E03 L023 <OLD> agle sunday sham 5 baje </OLD> <NEW> subha 7 baje </NEW> </PATCH> <PATCH> E04 L023 <OLD> 10 pm ko </OLD> <NEW> subha 7 baje </NEW> </PATCH>
PPL_B102F6BA7303,"<PATCH> E02 L025 <OLD> February dopahar </OLD> <NEW> Christmas </NEW> </PATCH> <PATCH> E03 L052 <OLD> downtown Columbus , Ohio </OLD> <NEW> Detroit </NEW> </PATCH>"
PPL_9B6455CBDBCC,<PATCH> E01 L048 <OLD> clock </OLD> <NEW> timer </NEW> </PATCH> <PATCH> E02 L025 <OLD> Aaj shaam 5 : 00 baje ke aas paas </OLD> <NEW> 5 - minute </NEW> </PATCH> <PATCH> E03 L025 <OLD> abhi five minutes ke liye </OLD> <NEW> 5 - minute </NEW> </PATCH> <PATCH> E04 L048 <OLD> Timers </OLD> <NEW> timer </NEW> </PATCH>
PPL_717DC3589F26,<PATCH> E01 L025 <OLD> 3 ghante aur 3 seconds ke liye </OLD> <NEW> aaj </NEW> </PATCH> <PATCH> E02 L025 <OLD> 2 00 PM ko </OLD> <NEW> aaj </NEW> </PATCH> <PATCH> E03 L045 <OLD> 72 </OLD> <NEW> hawayen </NEW> </PATCH> <PATCH> E04 L025 <OLD> 830 am ko </OLD> <NEW> aaj </NEW> </PATCH>
PPL_6B30CCA207BB,<PATCH> E01 L032 <OLD> mai downtown </OLD> <NEW> what she ' s up to </NEW> </PATCH> <PATCH> E02 L002 <OLD> Zeon </OLD> <NEW> Becky </NEW> </PATCH> <PATCH> E04 L042 <OLD> Facebook </OLD> <NEW> Messenger </NEW> </PATCH>
PPL_514C26B1C620,<PATCH> E01 L025 <OLD> aj 8 pm aur 9 pm ko school concert </OLD> <NEW> agley haftey live tapings of talk shows </NEW> </PATCH>
PPL_64B9AA8083CB,<PATCH> E03 L019 <OLD> Notting Hill se Boston Massachusetts </OLD> <NEW> LA </NEW> </PATCH>
PPL_AD1BA066EB7B,"<PATCH> E01 L052 <OLD> Perth , Australia </OLD> <NEW> London </NEW> </PATCH> <PATCH> E03 L025 <OLD> kal subah 6 baje ke liye </OLD> <NEW> aj </NEW> </PATCH>"
PPL_092A8F879DB7,<PATCH> E03 L032 <OLD> mai shaam tak pahuch jaunga </OLD> <NEW> what she meant in her previous </NEW> </PATCH>
PPL_74A155D75791,<PATCH> E01 L024 <OLD> mass </OLD> <NEW> Concert </NEW> </PATCH> <PATCH> E02 L033 <OLD> Trans Siberia Orchestra </OLD> <NEW> Taylor Swift </NEW> </PATCH> <PATCH> E03 L052 <OLD> South East Queensland </OLD> <NEW> Tampa </NEW> </PATCH>
PPL_29092B6A1B5B,<PATCH> E01 L049 <OLD> Atlanta </OLD> <NEW> Charlotte </NEW> </PATCH> <PATCH> E03 L019 <OLD> jonesboro </OLD> <NEW> Durham </NEW> </PATCH>
PPL_9AF0CF134573,<PATCH> E01 L002 <OLD> vinny </OLD> <NEW> John </NEW> </PATCH> <PATCH> E02 L032 <OLD> agla gathering </OLD> <NEW> uske pas koi sharab hai </NEW> </PATCH> <PATCH> E04 L002 <OLD> Frank </OLD> <NEW> John </NEW> </PATCH>
PPL_822C7AC610B5,<PATCH> E01 L025 <OLD> Friday subah 7 baje </OLD> <NEW> kal subah </NEW> </PATCH> <PATCH> E02 L052 <OLD> Interstate - 30 </OLD> <NEW> Menlo Park </NEW> </PATCH> <PATCH> E03 L060 <OLD> Centigrade </OLD> <NEW> Fahrenheit </NEW> </PATCH> <PATCH> E04 L052 <OLD> Norfolk UK </OLD> <NEW> Menlo Park </NEW> </PATCH>
PPL_6F353DF56986,<PATCH> E01 L010 <OLD> in - laws ko visit karne ke liye </OLD> <NEW> mere tennis lesson </NEW> </PATCH> <PATCH> E02 L023 <OLD> Rosie liye </OLD> <NEW> Saturday ko </NEW> </PATCH> <PATCH> E03 L025 <OLD> October 6th ke liye </OLD> <NEW> Saturday ko </NEW> </PATCH>
PPL_9AD2AA5BB944,<PATCH> E01 L002 <OLD> Dakota </OLD> <NEW> electrician SSE </NEW> </PATCH> <PATCH> E03 L032 <OLD> good afternoon </OLD> <NEW> electrician SSE ko message karo aur bolo ki kahaan hai </NEW> </PATCH>
PPL_77CEE17145B9,<PATCH> E03 L020 <OLD> main avenue </OLD> <NEW> Charlotte </NEW> </PATCH> <PATCH> E04 L024 <OLD> Theater shows </OLD> <NEW> sporting events </NEW> </PATCH>
PPL_796F485EF6B0,<PATCH> E01 L010 <OLD> pool ke liye chlorine tablets laane </OLD> <NEW> Birthday party </NEW> </PATCH> <PATCH> E02 L023 <OLD> February dopahar ko </OLD> <NEW> on November 5th ke liye </NEW> </PATCH>
PPL_6DE2731B946E,<PATCH> E03 L048 <OLD> count down </OLD> <NEW> timer </NEW> </PATCH>
PPL_EC6BC077242E,<PATCH> E01 L048 <OLD> counter </OLD> <NEW> timer </NEW> </PATCH> <PATCH> E04 L025 <OLD> Friday May 5th </OLD> <NEW> 5 minutes </NEW> </PATCH>
PPL_1659EDFD32F8,<PATCH> E02 L048 <OLD> stopwatch timer </OLD> <NEW> timer </NEW> </PATCH> <PATCH> E04 L025 <OLD> 9 PM ko </OLD> <NEW> 50 minutes ke liye </NEW> </PATCH>
PPL_48B41B843B85,<PATCH> E01 L025 <OLD> monday subah 6 bajhe ke liye </OLD> <NEW> 12 pm ki conference </NEW> </PATCH> <PATCH> E02 L025 <OLD> light events ke liye </OLD> <NEW> 12 pm ki conference </NEW> </PATCH> <PATCH> E04 L021 <OLD> drive karke jaane me mujhe kitna samay lagega? </OLD> <NEW> drive </NEW> </PATCH>
PPL_57B49F3EF47C,<PATCH> E02 L010 <OLD> unke mother ko gift bhejne ke liye </OLD> <NEW> dinner </NEW> </PATCH> <PATCH> E03 L003 <OLD> Brady </OLD> <NEW> mere </NEW> </PATCH>
PPL_4EAA26CE97B3,<PATCH> E01 L025 <OLD> 4 o clock ko </OLD> <NEW> 5 minutes ke liye </NEW> </PATCH> <PATCH> E02 L048 <OLD> Coutndown </OLD> <NEW> timer </NEW> </PATCH>
PPL_01810888C83B,<PATCH> E01 L019 <OLD> Richfield </OLD> <NEW> Sacramento </NEW> </PATCH> <PATCH> E04 L019 <OLD> Yulee se Gulfport </OLD> <NEW> Hollywood </NEW> </PATCH>
PPL_922CD919FEBC,<PATCH> E03 L025 <OLD> Kal raat ten baje ke liye </OLD> <NEW> 55 minute </NEW> </PATCH> <PATCH> E04 L048 <OLD> Timer countdown </OLD> <NEW> timer </NEW> </PATCH>
PPL_02FA21A28989,"<PATCH> E01 L049 <OLD> Midway </OLD> <NEW> Eugene , Oregon </NEW> </PATCH> <PATCH> E02 L019 <OLD> Fairfax </OLD> <NEW> Las Vegas , Nevada </NEW> </PATCH>"
PPL_470D62858839,<PATCH> E01 L019 <OLD> San Angelo </OLD> <NEW> Flagstaff </NEW> </PATCH> <PATCH> E03 L049 <OLD> Putnam </OLD> <NEW> Scottsdale </NEW> </PATCH>
PPL_F65044E66683,<PATCH> E02 L006 <OLD> baseball </OLD> <NEW> mujhe </NEW> </PATCH> <PATCH> E03 L025 <OLD> dopahar 3:00 baje ke liye </OLD> <NEW> Wednesday at 10 : 15 </NEW> </PATCH> <PATCH> E04 L010 <OLD> Jeremy ke birthday ke liye flowers kharidne ka </OLD> <NEW> mere doctor ke appointment </NEW> </PATCH>
PPL_DB78FD91159B,<PATCH> E01 L025 <OLD> subha 11 : 30 baje </OLD> <NEW> thand </NEW> </PATCH> <PATCH> E03 L052 <OLD> Galloway </OLD> <NEW> orlando </NEW> </PATCH>
PPL_09C2D4B53980,<PATCH> E01 L025 <OLD> Tuesday subha 7 am ke liye </OLD> <NEW> aaj </NEW> </PATCH> <PATCH> E02 L025 <OLD> parso ke liye </OLD> <NEW> subah ke liye </NEW> </PATCH> <PATCH> E03 L025 <OLD> Monday ki subah ke liye </OLD> <NEW> aaj </NEW> </PATCH> <PATCH> E04 L025 <OLD> Saturday subah 7 ; 15 ke liye </OLD> <NEW> aaj </NEW> </PATCH>
PPL_1102AA7ECB1C,<PATCH> E01 L032 <OLD> she ' s late </OLD> <NEW> my flight to Japan is coming up this weekend </NEW> </PATCH> <PATCH> E03 L002 <OLD> Sherri </OLD> <NEW> mike </NEW> </PATCH>
PPL_537835C5FB7D,<PATCH> E01 L045 <OLD> tornados </OLD> <NEW> windy </NEW> </PATCH> <PATCH> E02 L045 <OLD> Lake Geneva </OLD> <NEW> bahar </NEW> </PATCH> <PATCH> E03 L045 <OLD> fish meteor shower </OLD> <NEW> windy </NEW> </PATCH>
PPL_0ECDF12544C4,<PATCH> E01 L010 <OLD> baby gifts ke liye thank you notes bhejne </OLD> <NEW> report finish karne karne </NEW> </PATCH> <PATCH> E04 L010 <OLD> kayaking </OLD> <NEW> report finish karne karne </NEW> </PATCH>
PPL_9FD0174D2446,<PATCH> E02 L052 <OLD> Fredericton </OLD> <NEW> ND </NEW> </PATCH> <PATCH> E04 L025 <OLD> Friday raat 6 : 30 pm ko </OLD> <NEW> is winter </NEW> </PATCH>
PPL_1D6D62B5FAE7,"<PATCH> E01 L052 <OLD> Cincinnati , Ohio </OLD> <NEW> Toronto </NEW> </PATCH> <PATCH> E03 L025 <OLD> December ke end se pehle </OLD> <NEW> aaj </NEW> </PATCH> <PATCH> E04 L025 <OLD> PACIFIC COAST HWY 1 ke liye </OLD> <NEW> aaj </NEW> </PATCH>"
PPL_BFC69C30601F,<PATCH> E02 L025 <OLD> 11 : 00 am ke liye </OLD> <NEW> thursday </NEW> </PATCH> <PATCH> E04 L045 <OLD> UV rays </OLD> <NEW> cloudy </NEW> </PATCH>
PPL_91C804A20717,<PATCH> E01 L032 <OLD> Let ' s meet for lunch </OLD> <NEW> I miss you </NEW> </PATCH> <PATCH> E02 L002 <OLD> Lainey </OLD> <NEW> Holly </NEW> </PATCH>
PPL_095355E87165,<PATCH> E02 L025 <OLD> 3 : 00 am me </OLD> <NEW> agle mahine </NEW> </PATCH> <PATCH> E03 L038 <OLD> Meetups </OLD> <NEW> Fashion Week </NEW> </PATCH> <PATCH> E04 L052 <OLD> route 76 </OLD> <NEW> New York </NEW> </PATCH>
PPL_9828409A5FBB,<PATCH> E01 L003 <OLD> Janie </OLD> <NEW> mujhe </NEW> </PATCH> <PATCH> E02 L003 <OLD> History </OLD> <NEW> mujhe </NEW> </PATCH> <PATCH> E03 L003 <OLD> Keto </OLD> <NEW> mujhe </NEW> </PATCH> <PATCH> E04 L010 <OLD> meri car me oil badalne </OLD> <NEW> baby ke liye appointment log ko check karne ka </NEW> </PATCH>
PPL_DB61256A56B5,<PATCH> E01 L025 <OLD> agle friday subah 8 baje </OLD> <NEW> 45 minutes ke liye </NEW> </PATCH> <PATCH> E02 L025 <OLD> agle haftey mei </OLD> <NEW> 45 minutes ke liye </NEW> </PATCH>
PPL_34BA28FC6CAD,<PATCH> E01 L010 <OLD> meri car ko checked out karne </OLD> <NEW> Matthew ko CYO basketball mei register karne </NEW> </PATCH> <PATCH> E02 L010 <OLD> subject line ' report khatam karne ke liye </OLD> <NEW> Matthew ko CYO basketball mei register karne </NEW> </PATCH> <PATCH> E03 L010 <OLD> school kab shuru hoga </OLD> <NEW> Matthew ko CYO basketball mei register karne </NEW> </PATCH> <PATCH> E04 L025 <OLD> 5 aur 6 ke liye </OLD> <NEW> August 10th tak </NEW> </PATCH>
PPL_F53DA15D81ED,<PATCH> E01 L025 <OLD> aj shaam 4 bajhe </OLD> <NEW> is week </NEW> </PATCH>
PPL_492AFAA7A394,<PATCH> E01 L004 <OLD> jam </OLD> <NEW> music </NEW> </PATCH> <PATCH> E02 L044 <OLD> adult contemporary </OLD> <NEW> Christmas </NEW> </PATCH>
PPL_200B076383DC,<PATCH> E01 L052 <OLD> Mauchline </OLD> <NEW> Naperville Illinois </NEW> </PATCH> <PATCH> E02 L025 <OLD> last five days </OLD> <NEW> is weekend </NEW> </PATCH> <PATCH> E03 L052 <OLD> Memorial Drive </OLD> <NEW> Naperville Illinois </NEW> </PATCH>
PPL_FDBA33826C7D,<PATCH> E03 L003 <OLD> BZB </OLD> <NEW> mere </NEW> </PATCH> <PATCH> E04 L010 <OLD> mere baal detangle karne </OLD> <NEW> flight </NEW> </PATCH>
PPL_AACC21D7BDF7,<PATCH> E03 L010 <OLD> seven minutes board game night </OLD> <NEW> subha 8 baje ki meeting </NEW> </PATCH>
PPL_C3D32136A908,<PATCH> E01 L049 <OLD> Gilbert </OLD> <NEW> Seattle </NEW> </PATCH> <PATCH> E02 L058 <OLD> ka distance in miles </OLD> <NEW> miles </NEW> </PATCH> <PATCH> E04 L019 <OLD> louisville </OLD> <NEW> New York </NEW> </PATCH>
PPL_13C860AFFAB6,<PATCH> E02 L030 <OLD> 0530 ke liye </OLD> <NEW> 5 BAJHE </NEW> </PATCH> <PATCH> E03 L049 <OLD> uptown aur downtown east Fremont </OLD> <NEW> PHILADELPHIA se NJ </NEW> </PATCH> <PATCH> E04 L030 <OLD> 20 minutes </OLD> <NEW> 5 BAJHE </NEW> </PATCH>
PPL_E32AD75425E2,<PATCH> E01 L003 <OLD> Jordan </OLD> <NEW> mujhe </NEW> </PATCH> <PATCH> E02 L023 <OLD> Mona ke granddaughter ko </OLD> <NEW> it </NEW> </PATCH> <PATCH> E04 L025 <OLD> 30 mins ke liye 5 mins me </OLD> <NEW> 11 bajhe </NEW> </PATCH>
PPL_84EDB7E8EEE2,<PATCH> E02 L019 <OLD> Montana </OLD> <NEW> Houston </NEW> </PATCH> <PATCH> E03 L049 <OLD> Dayton ohio </OLD> <NEW> Sugar Land </NEW> </PATCH>
PPL_CDCAC3675674,<PATCH> E01 L025 <OLD> Abhi se 5 pm ko 20 minutes ke liye </OLD> <NEW> 6 am ko </NEW> </PATCH> <PATCH> E02 L048 <OLD> count </OLD> <NEW> timer </NEW> </PATCH> <PATCH> E03 L048 <OLD> timer countdown </OLD> <NEW> timer </NEW> </PATCH> <PATCH> E04 L025 <OLD> subah 5 30 bajhe </OLD> <NEW> 6 am ko </NEW> </PATCH>
PPL_AEE0B6628554,<PATCH> E02 L032 <OLD> lower the volume </OLD> <NEW> he locked </NEW> </PATCH> <PATCH> E03 L032 <OLD> mujhe July 2nd ke Dodgers game ke tickets milgaye hai </OLD> <NEW> he locked </NEW> </PATCH>
PPL_A8AA02635C09,<PATCH> E02 L032 <OLD> yarn mil gaya hai </OLD> <NEW> he wants to go to comic con </NEW> </PATCH> <PATCH> E04 L002 <OLD> Brian </OLD> <NEW> danny </NEW> </PATCH>
PPL_3DEB24AA4E19,<PATCH> E01 L019 <OLD> commack </OLD> <NEW> Gulf Breeze </NEW> </PATCH> <PATCH> E02 L019 <OLD> Olympia </OLD> <NEW> Gulf Breeze </NEW> </PATCH> <PATCH> E03 L019 <OLD> flagstaff </OLD> <NEW> Gulf Breeze </NEW> </PATCH> <PATCH> E04 L049 <OLD> Bellevue </OLD> <NEW> Pensacola </NEW> </PATCH>
PPL_0176F4813B7B,<PATCH> E01 L025 <OLD> Friday ko 6 pm ko </OLD> <NEW> agley haftey ke liye </NEW> </PATCH> <PATCH> E02 L045 <OLD> shorts </OLD> <NEW> snow </NEW> </PATCH> <PATCH> E03 L045 <OLD> 58 </OLD> <NEW> snow </NEW> </PATCH> <PATCH> E04 L045 <OLD> UV index </OLD> <NEW> snow </NEW> </PATCH>
PPL_48D2BA8CA270,<PATCH> E01 L003 <OLD> warehouse </OLD> <NEW> mujhe </NEW> </PATCH> <PATCH> E02 L010 <OLD> cary meri work ki meeting </OLD> <NEW> mujhe yaad dilao ki 10 minute ka timer set karne </NEW> </PATCH>
PPL_361558AED528,<PATCH> E01 L025 <OLD> subha 5 : 30 baje </OLD> <NEW> is haftey </NEW> </PATCH> <PATCH> E03 L024 <OLD> Karaoke </OLD> <NEW> sporting events </NEW> </PATCH> <PATCH> E04 L024 <OLD> Wine tastings </OLD> <NEW> sporting events </NEW> </PATCH>
PPL_9FB250065551,<PATCH> E01 L023 <OLD> December ke liye </OLD> <NEW> Monday </NEW> </PATCH> <PATCH> E02 L025 <OLD> last Friday </OLD> <NEW> Saturday par </NEW> </PATCH> <PATCH> E04 L010 <OLD> concert tickets khareedne </OLD> <NEW> delivery </NEW> </PATCH>
PPL_15F755ECE722,<PATCH> E01 L025 <OLD> Regular work time se 20 minutes pehle </OLD> <NEW> 3 seconds </NEW> </PATCH> <PATCH> E02 L048 <OLD> stopwatch 3 seconds </OLD> <NEW> timer </NEW> </PATCH> <PATCH> E03 L025 <OLD> Saturday subah 7 ; 15 ke liye </OLD> <NEW> 3 seconds </NEW> </PATCH>
PPL_E5342F073B40,<PATCH> E02 L048 <OLD> 2 hours </OLD> <NEW> Timer </NEW> </PATCH> <PATCH> E03 L025 <OLD> 7 : 30 AM ko </OLD> <NEW> for 10 minutes </NEW> </PATCH> <PATCH> E04 L048 <OLD> timeout timer </OLD> <NEW> Timer </NEW> </PATCH>
PPL_313ECEE3DFE6,<PATCH> E01 L025 <OLD> Friday ko 3 pm ke aas paas </OLD> <NEW> kal </NEW> </PATCH> <PATCH> E02 L025 <OLD> on Valentines Day </OLD> <NEW> kal </NEW> </PATCH>
PPL_5915FFEE105A,<PATCH> E01 L003 <OLD> sword club </OLD> <NEW> mere </NEW> </PATCH> <PATCH> E02 L003 <OLD> MJ </OLD> <NEW> mere </NEW> </PATCH> <PATCH> E03 L010 <OLD> mere budget ko review karne karne </OLD> <NEW> New Year resolutions </NEW> </PATCH> <PATCH> E04 L010 <OLD> john ko contact karne </OLD> <NEW> New Year resolutions </NEW> </PATCH>
PPL_EB4C92A16921,<PATCH> E01 L003 <OLD> stacie </OLD> <NEW> mujhe </NEW> </PATCH> <PATCH> E04 L023 <OLD> 7 am me </OLD> <NEW> week khatm hone se pehle </NEW> </PATCH>
PPL_928DAC5EEA2C,<PATCH> E01 L038 <OLD> kharaab </OLD> <NEW> tornado </NEW> </PATCH> <PATCH> E03 L026 <OLD> aspen </OLD> <NEW> aas pass </NEW> </PATCH>
PPL_37D81C2A94A2,<PATCH> E01 L002 <OLD> Hailey </OLD> <NEW> Peter </NEW> </PATCH> <PATCH> E02 L032 <OLD> me ye kehne ki zaroorat hai </OLD> <NEW> dinner still on tonight </NEW> </PATCH> <PATCH> E04 L032 <OLD> Merry Christmas </OLD> <NEW> dinner still on tonight </NEW> </PATCH>
PPL_CC9513572335,<PATCH> E01 L002 <OLD> Tristan </OLD> <NEW> Martha </NEW> </PATCH> <PATCH> E02 L002 <OLD> beth </OLD> <NEW> Martha </NEW> </PATCH>
PPL_CE033697FA93,<PATCH> E01 L038 <OLD> wind </OLD> <NEW> barf </NEW> </PATCH> <PATCH> E03 L025 <OLD> is mahine </OLD> <NEW> saturday par </NEW> </PATCH> <PATCH> E04 L025 <OLD> friday raat ko ke baad </OLD> <NEW> saturday par </NEW> </PATCH>
PPL_8B2936072E23,<PATCH> E01 L025 <OLD> AT 4 : 00 PM </OLD> <NEW> aaj </NEW> </PATCH> <PATCH> E02 L025 <OLD> 3 : 47 pm ke liye </OLD> <NEW> aaj </NEW> </PATCH> <PATCH> E03 L025 <OLD> Saturday aur Sunday 9 pm ke liye </OLD> <NEW> aaj </NEW> </PATCH> <PATCH> E04 L010 <OLD> apples kharidne ke liye </OLD> <NEW> meetings </NEW> </PATCH>
PPL_0ECE6B6A8B64,<PATCH> E02 L026 <OLD> bowling competition </OLD> <NEW> exercise </NEW> </PATCH>
PPL_A173C8707772,<PATCH> E01 L025 <OLD> 7 AM KE LIYE </OLD> <NEW> aaj </NEW> </PATCH> <PATCH> E02 L025 <OLD> kal 3 : 30 pm ko koi partly cloudy </OLD> <NEW> aaj </NEW> </PATCH>
PPL_96CD926A987E,<PATCH> E01 L019 <OLD> San Juan </OLD> <NEW> orlando florida </NEW> </PATCH> <PATCH> E04 L049 <OLD> Winter Street </OLD> <NEW> knoxville tennessee </NEW> </PATCH>
PPL_2D936D0B367D,<PATCH> E01 L052 <OLD> providence road </OLD> <NEW> Tacoma </NEW> </PATCH> <PATCH> E02 L025 <OLD> 6 : 48 am ke liye </OLD> <NEW> abhi </NEW> </PATCH> <PATCH> E04 L052 <OLD> Mt Read blvd </OLD> <NEW> Tacoma </NEW> </PATCH>
PPL_A9E0A074AB65,<PATCH> E01 L052 <OLD> Monday ko Richardson </OLD> <NEW> Monday ko New York </NEW> </PATCH> <PATCH> E03 L025 <OLD> from Monday </OLD> <NEW> Monday ko </NEW> </PATCH> <PATCH> E04 L025 <OLD> 8 am and 8 pm </OLD> <NEW> Monday ko </NEW> </PATCH>
PPL_A5D18F84DA00,<PATCH> E01 L019 <OLD> Warren Dunes </OLD> <NEW> new jersey </NEW> </PATCH> <PATCH> E02 L049 <OLD> Kent Ohio </OLD> <NEW> florida </NEW> </PATCH> <PATCH> E03 L049 <OLD> san antonio </OLD> <NEW> florida </NEW> </PATCH>
PPL_8811769921F3,<PATCH> E03 L024 <OLD> 26 </OLD> <NEW> shorts </NEW> </PATCH> <PATCH> E04 L026 <OLD> OC </OLD> <NEW> baahar </NEW> </PATCH>
PPL_C7CC3936601E,<PATCH> E01 L023 <OLD> 6 : 48 am ke liye </OLD> <NEW> sunday ke bajaye saturday ke din </NEW> </PATCH> <PATCH> E02 L025 <OLD> kal subah 6 bajhe ke liye </OLD> <NEW> sunday ke bajaye saturday ke din </NEW> </PATCH> <PATCH> E03 L010 <OLD> mother ' s morning out </OLD> <NEW> mujhe Muje </NEW> </PATCH>
PPL_71E81AD6941C,<PATCH> E01 L048 <OLD> Stopwatch </OLD> <NEW> timer </NEW> </PATCH> <PATCH> E02 L048 <OLD> mere timer </OLD> <NEW> timer </NEW> </PATCH> <PATCH> E03 L036 <OLD> 55 </OLD> <NEW> 27 </NEW> </PATCH>
PPL_B404C6E06D02,<PATCH> E01 L045 <OLD> hailstorm </OLD> <NEW> cold </NEW> </PATCH> <PATCH> E04 L052 <OLD> I 20 </OLD> <NEW> chicago </NEW> </PATCH>
PPL_2D1075AFC646,<PATCH> E03 L052 <OLD> kal dopaher </OLD> <NEW> colorado springs </NEW> </PATCH> <PATCH> E04 L052 <OLD> garden state parkway south </OLD> <NEW> colorado springs </NEW> </PATCH>
PPL_732DD53CB4F7,<PATCH> E02 L010 <OLD> 6:13 milk aur coffee pick up karne </OLD> <NEW> aaj raat dinner oven me rakhne </NEW> </PATCH>
PPL_823343FD449B,<PATCH> E03 L025 <OLD> sunday is week </OLD> <NEW> 30 minutes ke liye </NEW> </PATCH> <PATCH> E04 L048 <OLD> times </OLD> <NEW> timer </NEW> </PATCH>
PPL_6C0F6ABD2658,<PATCH> E01 L045 <OLD> good in August </OLD> <NEW> baarish </NEW> </PATCH> <PATCH> E04 L045 <OLD> ski track </OLD> <NEW> baarish </NEW> </PATCH>
PPL_CCAB67030F44,<PATCH> E02 L019 <OLD> Apple Valley </OLD> <NEW> Guam </NEW> </PATCH> <PATCH> E04 L019 <OLD> Fargo North Dakota </OLD> <NEW> the United States </NEW> </PATCH>
PPL_F46B64B3E12B,<PATCH> E01 L003 <OLD> George </OLD> <NEW> mere </NEW> </PATCH> <PATCH> E02 L003 <OLD> Cathy </OLD> <NEW> mere </NEW> </PATCH> <PATCH> E03 L003 <OLD> Joshua </OLD> <NEW> mere </NEW> </PATCH> <PATCH> E04 L025 <OLD> 11 : 45 a . m . </OLD> <NEW> is dopahar </NEW> </PATCH>
PPL_CD97F15C1A41,<PATCH> E02 L032 <OLD> what ' s she doing here without Dorinda </OLD> <NEW> maine uska proposal suvikaar kar liya hai </NEW> </PATCH> <PATCH> E04 L002 <OLD> Joanne Brennan </OLD> <NEW> Denise </NEW> </PATCH>
PPL_7048839CA2AC,<PATCH> E03 L010 <OLD> litter box ko saaph karne </OLD> <NEW> mere dry cleaning ko pick karne ke liye </NEW> </PATCH> <PATCH> E04 L003 <OLD> Marc </OLD> <NEW> mere </NEW> </PATCH>
PPL_DC81A02F166B,<PATCH> E01 L013 <OLD> Dennis </OLD> <NEW> Fred </NEW> </PATCH> <PATCH> E02 L010 <OLD> present kharidne ke liye </OLD> <NEW> dog food pick karne ke liye </NEW> </PATCH> <PATCH> E03 L025 <OLD> Friday 2 PM ko </OLD> <NEW> Aj </NEW> </PATCH> <PATCH> E04 L010 <OLD> naye medication ko shuru karne ke liye </OLD> <NEW> dog food pick karne ke liye </NEW> </PATCH>
PPL_9F2E4B0A9C03,<PATCH> E01 L003 <OLD> Rebecca </OLD> <NEW> mere </NEW> </PATCH> <PATCH> E04 L025 <OLD> July 18th </OLD> <NEW> kal dopahar ke liye </NEW> </PATCH>
PPL_EF8FB53C2E6B,<PATCH> E03 L057 <OLD> is </OLD> <NEW> 30 minutes </NEW> </PATCH> <PATCH> E04 L048 <OLD> Count down </OLD> <NEW> timer </NEW> </PATCH>
PPL_1CEA82C18B03,<PATCH> E01 L060 <OLD> Celsius </OLD> <NEW> fahrenheit </NEW> </PATCH> <PATCH> E02 L052 <OLD> Sudirman street </OLD> <NEW> Houston </NEW> </PATCH> <PATCH> E03 L025 <OLD> subah 6 30 ke liye </OLD> <NEW> kal subah </NEW> </PATCH> <PATCH> E04 L025 <OLD> 10 seconds se </OLD> <NEW> kal subah </NEW> </PATCH>
PPL_74946B412C64,<PATCH> E02 L048 <OLD> Timers </OLD> <NEW> timer </NEW> </PATCH> <PATCH> E03 L025 <OLD> agley haftey ko 9 am aur 10 am mein </OLD> <NEW> 56 minute </NEW> </PATCH> <PATCH> E04 L048 <OLD> Stopwatch </OLD> <NEW> timer </NEW> </PATCH>
PPL_D3295A711936,<PATCH> E01 L052 <OLD> Tennessee </OLD> <NEW> W </NEW> </PATCH> <PATCH> E02 L025 <OLD> for Tuesday </OLD> <NEW> Aaj </NEW> </PATCH> <PATCH> E04 L025 <OLD> abhi five minutes ke liye </OLD> <NEW> Aaj </NEW> </PATCH>
PPL_FCF8ECD65D14,"<PATCH> E01 L052 <OLD> Nice </OLD> <NEW> toofaan </NEW> </PATCH> <PATCH> E02 L052 <OLD> New Orleans , Louisiana </OLD> <NEW> Florida </NEW> </PATCH>"
PPL_855B12A31B94,<PATCH> E01 L010 <OLD> gym class </OLD> <NEW> mujhe margarita ke event ke liye hotel book karne </NEW> </PATCH> <PATCH> E02 L025 <OLD> Monday par </OLD> <NEW> Agle mahine </NEW> </PATCH> <PATCH> E03 L010 <OLD> Hayden </OLD> <NEW> margarita </NEW> </PATCH>
PPL_5E7F9EAA7C4B,<PATCH> E01 L013 <OLD> Tuesdays aur Thursdays ko </OLD> <NEW> Har raat </NEW> </PATCH> <PATCH> E02 L010 <OLD> meri run karne </OLD> <NEW> mujhe sone ke liye tayyar hone </NEW> </PATCH> <PATCH> E03 L025 <OLD> Wednesday subah 7 bajhe ke liye </OLD> <NEW> 10 p . m . ko </NEW> </PATCH> <PATCH> E04 L003 <OLD> jimmy </OLD> <NEW> mujhe </NEW> </PATCH>
PPL_6C347EE39B18,<PATCH> E01 L045 <OLD> SEVER </OLD> <NEW> precipitation rate </NEW> </PATCH> <PATCH> E03 L025 <OLD> 7 am </OLD> <NEW> aaj ke liye </NEW> </PATCH>
PPL_E34166659350,<PATCH> E01 L025 <OLD> kal raat 9 bajhe </OLD> <NEW> kal </NEW> </PATCH> <PATCH> E03 L045 <OLD> jayega </OLD> <NEW> barish </NEW> </PATCH> <PATCH> E04 L045 <OLD> hat aur gloves </OLD> <NEW> barish </NEW> </PATCH>
PPL_6922780C1B0B,<PATCH> E02 L003 <OLD> Marie yaad dilaana </OLD> <NEW> Mujhe </NEW> </PATCH> <PATCH> E04 L023 <OLD> Monday aur Tuesday ke liye </OLD> <NEW> on the 27th </NEW> </PATCH>
PPL_023D08946A62,<PATCH> E02 L019 <OLD> new Orleans </OLD> <NEW> Lynnwood </NEW> </PATCH> <PATCH> E03 L019 <OLD> Kernersville </OLD> <NEW> Lynnwood </NEW> </PATCH> <PATCH> E04 L025 <OLD> aj subha 7 : 00 baje ke liye </OLD> <NEW> sham 5 baje </NEW> </PATCH>
PPL_F8CA588FB114,<PATCH> E01 L052 <OLD> Bejing </OLD> <NEW> downtown Baltimore </NEW> </PATCH> <PATCH> E04 L025 <OLD> Wednesday mornings ko </OLD> <NEW> Is weekend </NEW> </PATCH>
PPL_5CA6A0A826A4,<PATCH> E01 L025 <OLD> Friday 4 pm </OLD> <NEW> kal </NEW> </PATCH> <PATCH> E02 L045 <OLD> 42 </OLD> <NEW> umbrella </NEW> </PATCH>
PPL_1FD0CC7612CF,<PATCH> E01 L045 <OLD> zero se neeche </OLD> <NEW> garm </NEW> </PATCH> <PATCH> E02 L045 <OLD> ice scraper </OLD> <NEW> garm </NEW> </PATCH> <PATCH> E03 L025 <OLD> tuesday 5 pm ko </OLD> <NEW> is weekend </NEW> </PATCH>
PPL_3294511FD15C,<PATCH> E01 L025 <OLD> 25th March </OLD> <NEW> average </NEW> </PATCH> <PATCH> E02 L025 <OLD> friday subah </OLD> <NEW> florida keys me </NEW> </PATCH> <PATCH> E03 L052 <OLD> North Bay </OLD> <NEW> florida </NEW> </PATCH>
PPL_04DA49BE9DEA,<PATCH> E01 L025 <OLD> Kal subah 8 baje </OLD> <NEW> Friday </NEW> </PATCH> <PATCH> E02 L010 <OLD> vacation book karne </OLD> <NEW> dinner </NEW> </PATCH> <PATCH> E03 L010 <OLD> taxes due </OLD> <NEW> dinner </NEW> </PATCH> <PATCH> E04 L010 <OLD> guitar lessons </OLD> <NEW> dinner </NEW> </PATCH>
PPL_0C446672684C,<PATCH> E01 L049 <OLD> San Bernadino </OLD> <NEW> Tallahassee </NEW> </PATCH> <PATCH> E02 L049 <OLD> Winchester </OLD> <NEW> Tallahassee </NEW> </PATCH> <PATCH> E03 L058 <OLD> mileage </OLD> <NEW> miles </NEW> </PATCH> <PATCH> E04 L019 <OLD> Odessa </OLD> <NEW> key west </NEW> </PATCH>
PPL_B4A574302FBF,<PATCH> E02 L025 <OLD> 20th March Shane </OLD> <NEW> agley saal tak sunday ke liye </NEW> </PATCH> <PATCH> E03 L047 <OLD> bachne wale </OLD> <NEW> sarey </NEW> </PATCH> <PATCH> E04 L018 <OLD> dikhaen </OLD> <NEW> dekhna </NEW> </PATCH>
PPL_F95A52529A15,<PATCH> E01 L007 <OLD> Rock & Roll </OLD> <NEW> 90 ' s alternative </NEW> </PATCH> <PATCH> E02 L007 <OLD> upbeat </OLD> <NEW> 90 ' s alternative </NEW> </PATCH> <PATCH> E03 L004 <OLD> soundtrack </OLD> <NEW> playlist </NEW> </PATCH> <PATCH> E04 L004 <OLD> gana </OLD> <NEW> playlist </NEW> </PATCH>
PPL_46C2648DEE14,<PATCH> E03 L048 <OLD> counter </OLD> <NEW> timer </NEW> </PATCH> <PATCH> E04 L025 <OLD> agale hafte </OLD> <NEW> to an hour </NEW> </PATCH>
PPL_D15F05AF2110,<PATCH> E01 L018 <OLD> pull </OLD> <NEW> dikhao </NEW> </PATCH> <PATCH> E02 L018 <OLD> tom </OLD> <NEW> dikhao </NEW> </PATCH> <PATCH> E04 L010 <OLD> teacher luncheon </OLD> <NEW> doctor ki visit </NEW> </PATCH>
PPL_E3AA42BC67F1,<PATCH> E02 L004 <OLD> playlist </OLD> <NEW> songs </NEW> </PATCH> <PATCH> E03 L007 <OLD> hiphop </OLD> <NEW> Upbeat </NEW> </PATCH>
PPL_B9ED3F1EEC4D,<PATCH> E02 L032 <OLD> ok mai kaam ke baad usey lene aaunga </OLD> <NEW> uske paas mail he. </NEW> </PATCH> <PATCH> E03 L032 <OLD> I am coming </OLD> <NEW> uske paas mail he. </NEW> </PATCH> <PATCH> E04 L002 <OLD> ERIC </OLD> <NEW> Amanda </NEW> </PATCH>
PPL_62C86A788D2F,<PATCH> E01 L045 <OLD> Christmas aur Boxing Days par </OLD> <NEW> baarish </NEW> </PATCH> <PATCH> E02 L045 <OLD> SNOW BOOTS </OLD> <NEW> baarish </NEW> </PATCH> <PATCH> E03 L025 <OLD> 36 minutes me </OLD> <NEW> Aaj </NEW> </PATCH>
PPL_B84D01922A7F,<PATCH> E04 L025 <OLD> Friday subah 5 bajhe ke liye </OLD> <NEW> 30 mins </NEW> </PATCH>
PPL_8A059C37D82C,<PATCH> E01 L052 <OLD> pensacola </OLD> <NEW> LA </NEW> </PATCH> <PATCH> E04 L024 <OLD> Cookie decorating parties </OLD> <NEW> movie premiers </NEW> </PATCH>
PPL_5FFC2DAAD587,<PATCH> E01 L024 <OLD> football viewing parties </OLD> <NEW> movies </NEW> </PATCH> <PATCH> E02 L025 <OLD> sunday ko din ke samay </OLD> <NEW> Christmas </NEW> </PATCH> <PATCH> E03 L024 <OLD> slam poetry readings dekhne ke liye </OLD> <NEW> movies </NEW> </PATCH>
PPL_13354A2EA1BC,<PATCH> E02 L060 <OLD> Farenheit </OLD> <NEW> Celcius </NEW> </PATCH> <PATCH> E03 L052 <OLD> Croatia </OLD> <NEW> Boston </NEW> </PATCH> <PATCH> E04 L025 <OLD> Monday 5 : 00 PM ko </OLD> <NEW> aj raat </NEW> </PATCH>
PPL_7ED44A1D7E72,<PATCH> E03 L052 <OLD> downtown mobile </OLD> <NEW> Helsinki </NEW> </PATCH>
PPL_53D8BC6F032B,<PATCH> E01 L025 <OLD> 4 PM se </OLD> <NEW> extended </NEW> </PATCH> <PATCH> E04 L052 <OLD> Kissena Boulevard </OLD> <NEW> Sacramento </NEW> </PATCH>
PPL_2A3E911A6A5D,<PATCH> E01 L024 <OLD> Bali me kya koi Taco Tuesday </OLD> <NEW> New York City mei Party bus </NEW> </PATCH>
PPL_D6152DCDDCB2,<PATCH> E02 L003 <OLD> Susan </OLD> <NEW> mujhe </NEW> </PATCH> <PATCH> E03 L013 <OLD> har Wed morning </OLD> <NEW> har teesre din </NEW> </PATCH> <PATCH> E04 L010 <OLD> mere anniversary ke liye reservations </OLD> <NEW> litter box ko saaph karne </NEW> </PATCH>
PPL_B5ED26490859,<PATCH> E03 L035 <OLD> Joel </OLD> <NEW> mail my sisters card </NEW> </PATCH> <PATCH> E04 L003 <OLD> mere company </OLD> <NEW> muje </NEW> </PATCH>
PPL_C6DAB045A8CF,<PATCH> E03 L010 <OLD> Seyi ke Gerber cereal ka pack lagbhag khatam hone wala </OLD> <NEW> mere wife ko Portland ke pictures bhejne ke liye </NEW> </PATCH> <PATCH> E04 L010 <OLD> dentist appointment schedule karne </OLD> <NEW> mere wife ko Portland ke pictures bhejne ke liye </NEW> </PATCH>
PPL_E7AD9C9474D1,<PATCH> E01 L013 <OLD> Har din </OLD> <NEW> Har mahine </NEW> </PATCH> <PATCH> E02 L003 <OLD> Antonio </OLD> <NEW> muje </NEW> </PATCH> <PATCH> E03 L003 <OLD> Paulie </OLD> <NEW> muje </NEW> </PATCH> <PATCH> E04 L010 <OLD> collin ko happy birthday wish karne </OLD> <NEW> bill pay karne ke liye </NEW> </PATCH>
PPL_6C1CA59895C0,<PATCH> E01 L052 <OLD> tahrir street </OLD> <NEW> Fort Myers </NEW> </PATCH> <PATCH> E03 L025 <OLD> har saal at least </OLD> <NEW> aaj </NEW> </PATCH> <PATCH> E04 L025 <OLD> in the summer </OLD> <NEW> aaj </NEW> </PATCH>
PPL_45EBB76950D2,<PATCH> E01 L025 <OLD> Is dopahar ko </OLD> <NEW> Do dino me </NEW> </PATCH> <PATCH> E02 L025 <OLD> 2nd of July ke liye </OLD> <NEW> Do dino me </NEW> </PATCH>
PPL_44CAB71BB79F,<PATCH> E01 L025 <OLD> wednesday 4 pm ke liye </OLD> <NEW> Aaj </NEW> </PATCH> <PATCH> E02 L025 <OLD> agle Tuesday ke liye samay set karne ke liye </OLD> <NEW> Aaj </NEW> </PATCH> <PATCH> E03 L045 <OLD> flurries </OLD> <NEW> baarish </NEW> </PATCH>
PPL_A6C432EC58A7,<PATCH> E01 L010 <OLD> Nide meri dentist appointment </OLD> <NEW> Spin class me jaldi jane </NEW> </PATCH>
PPL_3054DB3D98C9,<PATCH> E01 L025 <OLD> Tues ke liye </OLD> <NEW> aaj raat </NEW> </PATCH> <PATCH> E02 L025 <OLD> tueday raat 7 baje </OLD> <NEW> aaj raat </NEW> </PATCH> <PATCH> E03 L025 <OLD> Friday ko 3 : 30 pm ko </OLD> <NEW> aaj raat </NEW> </PATCH> <PATCH> E04 L045 <OLD> or light HUMID </OLD> <NEW> chilly </NEW> </PATCH>
PPL_B09A9DAEF72B,<PATCH> E01 L045 <OLD> 52 </OLD> <NEW> baarish </NEW> </PATCH>
PPL_E578E2E01928,<PATCH> E01 L024 <OLD> volunteer events </OLD> <NEW> comedy shows </NEW> </PATCH> <PATCH> E02 L025 <OLD> abhi se 8 minutes ke liye </OLD> <NEW> is mahiney </NEW> </PATCH>
PPL_9FC3291C7C1A,<PATCH> E01 L045 <OLD> precipitation </OLD> <NEW> tropical storm </NEW> </PATCH> <PATCH> E03 L045 <OLD> 2 minute baad </OLD> <NEW> tropical storm latest </NEW> </PATCH>
PPL_C03D17C35400,<PATCH> E01 L045 <OLD> suv cream </OLD> <NEW> nami </NEW> </PATCH> <PATCH> E02 L025 <OLD> subah 3 baje ke liye </OLD> <NEW> aaj </NEW> </PATCH>
PPL_5C154C9158F2,<PATCH> E02 L025 <OLD> is aane waale Saturday ke liye </OLD> <NEW> is afternoon </NEW> </PATCH> <PATCH> E04 L025 <OLD> September 18th ke week ke liye </OLD> <NEW> is afternoon </NEW> </PATCH>
PPL_550FF458FB6D,<PATCH> E02 L025 <OLD> Saturday subah 9 bajhe ke liye </OLD> <NEW> Tuesday ko 6 baje </NEW> </PATCH> <PATCH> E03 L003 <OLD> Tannis </OLD> <NEW> Muje </NEW> </PATCH>
PPL_AA559A72E673,<PATCH> E01 L010 <OLD> mera lunch pack karne </OLD> <NEW> Lucy ko pick karne </NEW> </PATCH> <PATCH> E02 L010 <OLD> Julie </OLD> <NEW> mujhe </NEW> </PATCH>
PPL_BBE7B4A1CA60,<PATCH> E02 L025 <OLD> Saturday raat ko </OLD> <NEW> 4 minute ke liye </NEW> </PATCH>
PPL_E7971528D88D,<PATCH> E02 L052 <OLD> I - 290 </OLD> <NEW> downtown Detroit </NEW> </PATCH> <PATCH> E04 L052 <OLD> Maple rd </OLD> <NEW> downtown Detroit </NEW> </PATCH>
PPL_0CBF6A9EA762,<PATCH> E02 L052 <OLD> NC - 98 </OLD> <NEW> Shanghai </NEW> </PATCH> <PATCH> E03 L060 <OLD> hat aur gloves </OLD> <NEW> upar </NEW> </PATCH> <PATCH> E04 L025 <OLD> 9 am aur 12 pm ke liye </OLD> <NEW> kal </NEW> </PATCH>
PPL_A265FAE39AA9,<PATCH> E01 L044 <OLD> 80 </OLD> <NEW> Swing </NEW> </PATCH> <PATCH> E04 L004 <OLD> Tracks </OLD> <NEW> music </NEW> </PATCH>
PPL_B46947A1C668,<PATCH> E04 L025 <OLD> Friday ke subha </OLD> <NEW> 4 PM ko </NEW> </PATCH>
PPL_54A14F9F3720,<PATCH> E01 L010 <OLD> Antonio </OLD> <NEW> i pick up a gift for the receptionist that got engaged karne </NEW> </PATCH> <PATCH> E02 L010 <OLD> i college </OLD> <NEW> i pick up a gift for the receptionist that got engaged karne </NEW> </PATCH> <PATCH> E04 L010 <OLD> i Carol ke liye flowers kharidne ke liye </OLD> <NEW> i pick up a gift for the receptionist that got engaged karne </NEW> </PATCH>
PPL_9C29CE42E888,<PATCH> E01 L025 <OLD> May 16th ko 8 pm ke liye </OLD> <NEW> 22 minutes </NEW> </PATCH> <PATCH> E04 L048 <OLD> timer . me </OLD> <NEW> timer </NEW> </PATCH>
PPL_9863E215B5AC,<PATCH> E04 L010 <OLD> Dan dinner meeting </OLD> <NEW> Mere dog ko wash </NEW> </PATCH>
PPL_D1AA47C1C390,<PATCH> E01 L010 <OLD> Augie ki birthday party </OLD> <NEW> mere gym </NEW> </PATCH> <PATCH> E03 L035 <OLD> alex </OLD> <NEW> mere gym </NEW> </PATCH> <PATCH> E04 L023 <OLD> ek half hour pehle </OLD> <NEW> next week ke liye </NEW> </PATCH>
PPL_C279BC0858A1,<PATCH> E01 L052 <OLD> Magic Kingdom </OLD> <NEW> Cleveland </NEW> </PATCH> <PATCH> E02 L024 <OLD> Brewery tours </OLD> <NEW> beer fest </NEW> </PATCH> <PATCH> E03 L052 <OLD> Burlington County </OLD> <NEW> Cleveland </NEW> </PATCH>
PPL_9E188B6AEC5F,<PATCH> E02 L052 <OLD> West Hollywood </OLD> <NEW> honolulu </NEW> </PATCH> <PATCH> E04 L052 <OLD> thanksgiving </OLD> <NEW> honolulu </NEW> </PATCH>
PPL_17C2B0C05CA8,<PATCH> E01 L035 <OLD> Katie </OLD> <NEW> Jim </NEW> </PATCH> <PATCH> E02 L035 <OLD> Brent </OLD> <NEW> hamare </NEW> </PATCH> <PATCH> E03 L010 <OLD> cat food khareedne </OLD> <NEW> hamare supper </NEW> </PATCH> <PATCH> E04 L010 <OLD> mere brother ke birthday </OLD> <NEW> hamare supper </NEW> </PATCH>
PPL_69230D192F8D,<PATCH> E01 L002 <OLD> Russell </OLD> <NEW> Daniel </NEW> </PATCH> <PATCH> E02 L032 <OLD> good </OLD> <NEW> Wednesday works for me </NEW> </PATCH> <PATCH> E04 L002 <OLD> Dylan </OLD> <NEW> Daniel </NEW> </PATCH>
PPL_A88D0EE5E17B,<PATCH> E01 L048 <OLD> Timers ko </OLD> <NEW> timer </NEW> </PATCH> <PATCH> E04 L025 <OLD> 18 : 00 ke liye </OLD> <NEW> 25 minutes </NEW> </PATCH>
PPL_408FBCF75239,<PATCH> E02 L025 <OLD> 19 may 2000 ko </OLD> <NEW> Friday ko raat 8 baje </NEW> </PATCH> <PATCH> E04 L010 <OLD> yard work </OLD> <NEW> landry ko uski round 2 ki medication karne ke liye </NEW> </PATCH>
PPL_BFFB5A3FEF01,<PATCH> E02 L025 <OLD> Saturday subah 7 ; 15 ke liye </OLD> <NEW> December </NEW> </PATCH> <PATCH> E04 L026 <OLD> Queensland </OLD> <NEW> TX </NEW> </PATCH>
PPL_B027E62C0231,<PATCH> E01 L048 <OLD> Count down </OLD> <NEW> timer </NEW> </PATCH> <PATCH> E02 L025 <OLD> May 7th to 10th </OLD> <NEW> 30 seconds ke liye </NEW> </PATCH> <PATCH> E03 L048 <OLD> countdown </OLD> <NEW> timer </NEW> </PATCH>
PPL_3077105AE53D,<PATCH> E02 L045 <OLD> hurricane </OLD> <NEW> winter coat </NEW> </PATCH> <PATCH> E03 L025 <OLD> 3 oclock ke liye </OLD> <NEW> aaj </NEW> </PATCH>
PPL_241296CA65EB,<PATCH> E01 L025 <OLD> har 2 minutes ke liye </OLD> <NEW> aaj </NEW> </PATCH> <PATCH> E04 L045 <OLD> scarf </OLD> <NEW> thand </NEW> </PATCH>
PPL_E2939B09FD98,<PATCH> E01 L044 <OLD> 90s dance party </OLD> <NEW> classical </NEW> </PATCH> <PATCH> E03 L004 <OLD> music list </OLD> <NEW> music </NEW> </PATCH> <PATCH> E04 L004 <OLD> Hits </OLD> <NEW> music </NEW> </PATCH>
PPL_973F82BC6C05,<PATCH> E01 L010 <OLD> counseling </OLD> <NEW> mera payment voucher submit ek weekly </NEW> </PATCH> <PATCH> E03 L013 <OLD> har Wednesday 10 pm ko </OLD> <NEW> har Wednesday dopahar tak tak </NEW> </PATCH>
PPL_09DAE5CE195D,<PATCH> E01 L045 <OLD> Coolest </OLD> <NEW> hot </NEW> </PATCH> <PATCH> E02 L045 <OLD> UV index </OLD> <NEW> hot </NEW> </PATCH> <PATCH> E03 L045 <OLD> wind gusts </OLD> <NEW> hot </NEW> </PATCH> <PATCH> E04 L052 <OLD> Interstate 57 </OLD> <NEW> Cuba </NEW> </PATCH>
PPL_84CA62563327,<PATCH> E01 L002 <OLD> carrie ko mujhe der hochuki hai </OLD> <NEW> client </NEW> </PATCH> <PATCH> E02 L032 <OLD> agle Tuesday ke liye appointment schedule karne </OLD> <NEW> mujhe der hochuki hai </NEW> </PATCH> <PATCH> E03 L032 <OLD> mai 5 minutes me waha pahunch jaunga </OLD> <NEW> mujhe der hochuki hai </NEW> </PATCH> <PATCH> E04 L032 <OLD> uska birthdate </OLD> <NEW> mujhe der hochuki hai </NEW> </PATCH>
PPL_B428B8872CB1,<PATCH> E01 L010 <OLD> Susan ki party </OLD> <NEW> mail ke liye </NEW> </PATCH> <PATCH> E03 L025 <OLD> kal 9 pm ko </OLD> <NEW> kal dopahar me </NEW> </PATCH> <PATCH> E04 L025 <OLD> Thursday 5 : 30 am ko </OLD> <NEW> kal dopahar me </NEW> </PATCH>
PPL_041CE549BF94,<PATCH> E01 L024 <OLD> Walking Tours </OLD> <NEW> the nutcracker ballet </NEW> </PATCH> <PATCH> E02 L024 <OLD> richardson Area me upcoming boat rides </OLD> <NEW> New York City </NEW> </PATCH>
PPL_36799AFA7CC2,<PATCH> E01 L045 <OLD> muddy </OLD> <NEW> baarish </NEW> </PATCH> <PATCH> E02 L045 <OLD> rainiest </OLD> <NEW> baarish </NEW> </PATCH> <PATCH> E03 L025 <OLD> 10 : 00 pm ke liye </OLD> <NEW> is hafte </NEW> </PATCH> <PATCH> E04 L025 <OLD> Pehle </OLD> <NEW> is hafte </NEW> </PATCH>
PPL_BA7B404F2462,<PATCH> E01 L010 <OLD> whipped cream lene </OLD> <NEW> birthday party ke liye change of venue bhejne </NEW> </PATCH> <PATCH> E02 L013 <OLD> Sandra </OLD> <NEW> Mujhe </NEW> </PATCH> <PATCH> E03 L010 <OLD> library books due ho </OLD> <NEW> Mujhe ghar jaate samay whipped cream lene </NEW> </PATCH> <PATCH> E04 L010 <OLD> workshop </OLD> <NEW> Mujhe </NEW> </PATCH>
PPL_81847DA4D004,<PATCH> E03 L052 <OLD> Stockbridge </OLD> <NEW> Beijing </NEW> </PATCH> <PATCH> E04 L045 <OLD> Sun </OLD> <NEW> garmi </NEW> </PATCH>
PPL_E2556480DD54,<PATCH> E02 L002 <OLD> Lyndsie </OLD> <NEW> Cindy </NEW> </PATCH> <PATCH> E04 L032 <OLD> retirement party </OLD> <NEW> wo late hogi toh mujhe call kare ? </NEW> </PATCH>
PPL_FA3315DBA4B0,<PATCH> E02 L019 <OLD> Fargo </OLD> <NEW> saint joseph </NEW> </PATCH> <PATCH> E03 L019 <OLD> San Diego </OLD> <NEW> saint joseph </NEW> </PATCH> <PATCH> E04 L019 <OLD> north branch </OLD> <NEW> gladstone </NEW> </PATCH>
PPL_B99043C09444,<PATCH> E01 L052 <OLD> oregon </OLD> <NEW> louisianna </NEW> </PATCH> <PATCH> E02 L025 <OLD> har saal at least </OLD> <NEW> aaj </NEW> </PATCH> <PATCH> E03 L052 <OLD> 75 south </OLD> <NEW> louisianna </NEW> </PATCH>
PPL_A23A0508B8BC,<PATCH> E03 L023 <OLD> January ke third week ke liye </OLD> <NEW> aaj around 4 pm ko </NEW> </PATCH> <PATCH> E04 L010 <OLD> kids soccer practice </OLD> <NEW> laundry detergent </NEW> </PATCH>
PPL_AF22A10394CB,<PATCH> E02 L002 <OLD> Leslie </OLD> <NEW> Linda </NEW> </PATCH> <PATCH> E03 L032 <OLD> kal baby shower ke liye pictures chahiye </OLD> <NEW> wo next week free hai </NEW> </PATCH> <PATCH> E04 L002 <OLD> leanne hinton </OLD> <NEW> Linda </NEW> </PATCH>
PPL_8BA09667B153,<PATCH> E02 L032 <OLD> what I need to bring to the cookout this weekend </OLD> <NEW> she looks beautiful </NEW> </PATCH> <PATCH> E03 L032 <OLD> Trever </OLD> <NEW> she looks beautiful </NEW> </PATCH>
PPL_46229AEABE3D,<PATCH> E02 L025 <OLD> 40 minute </OLD> <NEW> Is weekend </NEW> </PATCH> <PATCH> E03 L052 <OLD> Tempe </OLD> <NEW> Tampa </NEW> </PATCH>
PPL_95421CF6E711,<PATCH> E03 L052 <OLD> Dothan </OLD> <NEW> Hawaii </NEW> </PATCH>
PPL_9FE3F5F8041D,<PATCH> E01 L048 <OLD> mere timer </OLD> <NEW> timer </NEW> </PATCH> <PATCH> E03 L048 <OLD> resume </OLD> <NEW> timer </NEW> </PATCH> <PATCH> E04 L025 <OLD> aaj ki </OLD> <NEW> 2 minutes ke liye </NEW> </PATCH>
PPL_F7812E46410D,<PATCH> E01 L022 <OLD> near </OLD> <NEW> aas paas </NEW> </PATCH> <PATCH> E02 L052 <OLD> norman </OLD> <NEW> Chicago </NEW> </PATCH> <PATCH> E03 L024 <OLD> Gay Pride parade </OLD> <NEW> concert events </NEW> </PATCH> <PATCH> E04 L025 <OLD> subha 9 : 00 baje ke liye </OLD> <NEW> Is weekend </NEW> </PATCH>
PPL_530D56134055,<PATCH> E03 L025 <OLD> Saturday evening 8 : 30 ke liye </OLD> <NEW> Wednesday ki night ko raat 8 baje ke baad </NEW> </PATCH>
PPL_FFC3DB2A1661,<PATCH> E01 L025 <OLD> Saturday par subha 10 baje ke liye </OLD> <NEW> aaj </NEW> </PATCH> <PATCH> E02 L025 <OLD> 3rd ke liye </OLD> <NEW> aaj </NEW> </PATCH>
PPL_D7DB301F8017,<PATCH> E01 L010 <OLD> uske pills lene </OLD> <NEW> meri sisters engagement party </NEW> </PATCH> <PATCH> E02 L025 <OLD> kal dopahar 12 baje ke liye </OLD> <NEW> is weekend me dopahar 1 baje </NEW> </PATCH> <PATCH> E03 L010 <OLD> board meeting </OLD> <NEW> meri sisters engagement party </NEW> </PATCH>
PPL_3343825D2AC7,<PATCH> E01 L052 <OLD> rockaways </OLD> <NEW> san francisco </NEW> </PATCH> <PATCH> E03 L025 <OLD> 9 PM ko </OLD> <NEW> agley saal </NEW> </PATCH>
PPL_5C8CD2A772F8,<PATCH> E01 L010 <OLD> ballgame chal raha hai ke baare me Gertha </OLD> <NEW> boiler cleaning </NEW> </PATCH>
PPL_30158EB7D962,<PATCH> E03 L045 <OLD> 80 se upar </OLD> <NEW> jacket </NEW> </PATCH> <PATCH> E04 L025 <OLD> January 5th ko </OLD> <NEW> aj </NEW> </PATCH>
PPL_0C5761C78D82,<PATCH> E01 L045 <OLD> winter Jacket </OLD> <NEW> higher </NEW> </PATCH> <PATCH> E02 L025 <OLD> Aaj shaam 6 baje </OLD> <NEW> aaj </NEW> </PATCH> <PATCH> E03 L025 <OLD> early June </OLD> <NEW> aaj </NEW> </PATCH> <PATCH> E04 L045 <OLD> heat waves </OLD> <NEW> higher </NEW> </PATCH>
PPL_580323AFEA9D,"<PATCH> E01 L025 <OLD> 12 mins ke liye </OLD> <NEW> Is hafte </NEW> </PATCH> <PATCH> E02 L046 <OLD> Open Mic nights </OLD> <NEW> Craft festivals </NEW> </PATCH> <PATCH> E04 L025 <OLD> december , 2019 ke liye </OLD> <NEW> Is hafte </NEW> </PATCH>"
PPL_7290C69C5488,<PATCH> E01 L010 <OLD> car ko wash </OLD> <NEW> mere saloon appointment ko cancel karne </NEW> </PATCH> <PATCH> E02 L003 <OLD> coworkers </OLD> <NEW> Mujhe </NEW> </PATCH> <PATCH> E03 L025 <OLD> 830 am ko </OLD> <NEW> Thursday ke liye </NEW> </PATCH> <PATCH> E04 L010 <OLD> DVR ko set up karne ke liye </OLD> <NEW> mere saloon appointment ko cancel karne </NEW> </PATCH>
PPL_C62F58A00B78,<PATCH> E02 L010 <OLD> social events </OLD> <NEW> meet dad for lunch </NEW> </PATCH> <PATCH> E03 L010 <OLD> I cannot meet dad for lunch subha 6 : 30 baje </OLD> <NEW> meet dad for lunch se tomorrow at noon </NEW> </PATCH>
PPL_69FFBF59EB78,<PATCH> E01 L048 <OLD> buzzer </OLD> <NEW> timer </NEW> </PATCH> <PATCH> E04 L025 <OLD> Sunday subha 11 baje se pehle </OLD> <NEW> two hour </NEW> </PATCH>
PPL_6F1B644931E2,<PATCH> E01 L032 <OLD> she wants to get lunch today at noon </OLD> <NEW> uske raaste me dry cleaning lene ke liye </NEW> </PATCH> <PATCH> E03 L032 <OLD> I can meet with her on Monday </OLD> <NEW> uske raaste me dry cleaning lene ke liye </NEW> </PATCH> <PATCH> E04 L002 <OLD> Zeon </OLD> <NEW> Terry </NEW> </PATCH>
PPL_6B4D5ECDD972,<PATCH> E02 L010 <OLD> kal meri flight </OLD> <NEW> Mujhe </NEW> </PATCH> <PATCH> E03 L003 <OLD> tom </OLD> <NEW> Mujhe </NEW> </PATCH> <PATCH> E04 L025 <OLD> September 13th ko 1 pm ko </OLD> <NEW> shaam 7 : 00 baje </NEW> </PATCH>
PPL_D3FD85FC4E6C,<PATCH> E01 L045 <OLD> nicest </OLD> <NEW> garmi </NEW> </PATCH> <PATCH> E04 L025 <OLD> around 8 : 30 am tomorrow </OLD> <NEW> is weekend </NEW> </PATCH>
PPL_0AED3451FE48,<PATCH> E01 L010 <OLD> oven on karne ka </OLD> <NEW> eggs aur milk lane ke baare me reminder ko kal afternnon </NEW> </PATCH> <PATCH> E03 L010 <OLD> sabhi ko building me </OLD> <NEW> mene </NEW> </PATCH> <PATCH> E04 L010 <OLD> I RSVP ' ed yes </OLD> <NEW> eggs aur milk lane </NEW> </PATCH>
PPL_D495CF0FD75B,"<PATCH> E01 L025 <OLD> twelve minutes </OLD> <NEW> aaj </NEW> </PATCH> <PATCH> E03 L052 <OLD> phoenix , az </OLD> <NEW> Houston , Texas </NEW> </PATCH> <PATCH> E04 L052 <OLD> SOHO </OLD> <NEW> Houston , Texas </NEW> </PATCH>"
PPL_05B834A22AC6,<PATCH> E02 L055 <OLD> drivetime </OLD> <NEW> flight </NEW> </PATCH> <PATCH> E04 L049 <OLD> europe se Bedford </OLD> <NEW> Alabama </NEW> </PATCH>
PPL_4B533F4A4877,<PATCH> E03 L045 <OLD> jeans </OLD> <NEW> sardi </NEW> </PATCH> <PATCH> E04 L025 <OLD> raat 10 PM ke liye </OLD> <NEW> aaj </NEW> </PATCH>
PPL_50A946F07FA5,<PATCH> E01 L025 <OLD> 11 : 37 ko </OLD> <NEW> saal ke ant </NEW> </PATCH> <PATCH> E03 L024 <OLD> Plant Nite events </OLD> <NEW> house party </NEW> </PATCH>
PPL_AEF8FF753D7C,<PATCH> E03 L010 <OLD> meri team cat ko uske special flea medicine </OLD> <NEW> Muje car me se mere shoes lene ke liye </NEW> </PATCH> <PATCH> E04 L003 <OLD> Cindy </OLD> <NEW> Muje </NEW> </PATCH>
PPL_1301F1E4D05D,<PATCH> E02 L032 <OLD> mere liye ek package of snack khareedne </OLD> <NEW> mai meeting attend nahi karunga </NEW> </PATCH> <PATCH> E04 L002 <OLD> Kane </OLD> <NEW> April </NEW> </PATCH>
PPL_B571A8CC3168,<PATCH> E01 L025 <OLD> Kristen ke dinner ke liye </OLD> <NEW> aaj raat baad me </NEW> </PATCH> <PATCH> E03 L025 <OLD> Tuesday ko 9 baje isey karne karne ke liye </OLD> <NEW> aaj raat baad me </NEW> </PATCH> <PATCH> E04 L025 <OLD> emily aaj raat baad me isey karne ke liye </OLD> <NEW> aaj raat baad me </NEW> </PATCH>
PPL_0EEDB96A1CC7,<PATCH> E01 L010 <OLD> Kev </OLD> <NEW> mere </NEW> </PATCH> <PATCH> E02 L010 <OLD> Mom coming over </OLD> <NEW> vet </NEW> </PATCH> <PATCH> E03 L025 <OLD> Friday shaam 6 pm ko </OLD> <NEW> Thursday par </NEW> </PATCH> <PATCH> E04 L025 <OLD> 1 aur half hours </OLD> <NEW> Thursday par </NEW> </PATCH>
PPL_BF05F3DBB99F,<PATCH> E01 L032 <OLD> collecting the car </OLD> <NEW> Hi </NEW> </PATCH> <PATCH> E02 L002 <OLD> JB </OLD> <NEW> Fen </NEW> </PATCH> <PATCH> E03 L002 <OLD> Mary Reyes </OLD> <NEW> Fen </NEW> </PATCH> <PATCH> E04 L032 <OLD> she wants me to bring something to dinner </OLD> <NEW> Fen </NEW> </PATCH>
PPL_916228F45F12,<PATCH> E01 L019 <OLD> Des Moines </OLD> <NEW> Miami </NEW> </PATCH> <PATCH> E02 L049 <OLD> australia </OLD> <NEW> Miami </NEW> </PATCH> <PATCH> E03 L019 <OLD> Littleton </OLD> <NEW> Key West </NEW> </PATCH> <PATCH> E04 L049 <OLD> Las Angeles </OLD> <NEW> Miami </NEW> </PATCH>
PPL_EF90D62D881D,<PATCH> E02 L025 <OLD> February dopahar ko </OLD> <NEW> Aaj raa </NEW> </PATCH> <PATCH> E03 L045 <OLD> snowfall </OLD> <NEW> garmi </NEW> </PATCH>
PPL_F1788BF43967,<PATCH> E01 L032 <OLD> Mai usse game me milna chahta hu. </OLD> <NEW> Pizza Meet Up ab cancel kar diya gaya he </NEW> </PATCH>
PPL_20F0A1A7411D,<PATCH> E01 L038 <OLD> pour </OLD> <NEW> hawa </NEW> </PATCH> <PATCH> E03 L052 <OLD> HAWAII </OLD> <NEW> Central FL </NEW> </PATCH>
PPL_1BC2A214BE31,<PATCH> E03 L019 <OLD> columbus ga </OLD> <NEW> Albuquerque </NEW> </PATCH>
PPL_2B3D430CAAA1,<PATCH> E01 L025 <OLD> Is friday sham 6 baje </OLD> <NEW> friday night ko </NEW> </PATCH> <PATCH> E02 L008 <OLD> laguardia </OLD> <NEW> amc universal </NEW> </PATCH> <PATCH> E03 L025 <OLD> kal 4 : 45 p . m ko </OLD> <NEW> friday night ko </NEW> </PATCH>
PPL_3EE688490AC8,<PATCH> E01 L049 <OLD> St . Paul </OLD> <NEW> Kansas City </NEW> </PATCH> <PATCH> E02 L058 <OLD> mileage </OLD> <NEW> miles </NEW> </PATCH> <PATCH> E04 L019 <OLD> Santa Ana </OLD> <NEW> New York </NEW> </PATCH>
PPL_3D00F652F7C3,<PATCH> E03 L019 <OLD> Elgin se lake tahoe </OLD> <NEW> lancaster aur philly </NEW> </PATCH>
PPL_54B0C2E2F4B1,<PATCH> E03 L025 <OLD> har saal ke liye </OLD> <NEW> kal </NEW> </PATCH> <PATCH> E04 L033 <OLD> Yu gi oh meetup </OLD> <NEW> Sporting </NEW> </PATCH>
PPL_600EEA6287DE,<PATCH> E01 L025 <OLD> Is shaam 7 p . m ke liye </OLD> <NEW> aaj </NEW> </PATCH> <PATCH> E02 L045 <OLD> flash flood </OLD> <NEW> coat </NEW> </PATCH>
PPL_EDC946057430,<PATCH> E01 L052 <OLD> Polk County </OLD> <NEW> Cleveland </NEW> </PATCH> <PATCH> E02 L025 <OLD> to 6 am </OLD> <NEW> aaj </NEW> </PATCH>
PPL_5D5312207140,<PATCH> E01 L052 <OLD> Donegal </OLD> <NEW> New York </NEW> </PATCH> <PATCH> E03 L060 <OLD> farenheight </OLD> <NEW> C </NEW> </PATCH>
PPL_3571A08D15A5,<PATCH> E01 L010 <OLD> gmail account check karne </OLD> <NEW> birth control lene ke liye </NEW> </PATCH> <PATCH> E03 L035 <OLD> JOE </OLD> <NEW> birth control lene </NEW> </PATCH>
PPL_B12EC5C66E1F,<PATCH> E01 L025 <OLD> August ke pehle hafte ke liye </OLD> <NEW> aaj </NEW> </PATCH> <PATCH> E03 L025 <OLD> 10 - minute </OLD> <NEW> aaj </NEW> </PATCH> <PATCH> E04 L025 <OLD> saal ke end ke liye </OLD> <NEW> aaj </NEW> </PATCH>
PPL_0F2BBAF02C94,<PATCH> E02 L032 <OLD> Lana ' s birthday gift </OLD> <NEW> Fall Festival </NEW> </PATCH> <PATCH> E03 L043 <OLD> Bebe </OLD> <NEW> Fall Festival </NEW> </PATCH>
PPL_DA20BEBEECA3,<PATCH> E01 L025 <OLD> is evening </OLD> <NEW> 5 minutes </NEW> </PATCH> <PATCH> E03 L048 <OLD> Count down </OLD> <NEW> timer </NEW> </PATCH>
PPL_BEC96CA5FA1C,<PATCH> E02 L002 <OLD> Clark </OLD> <NEW> Viplov </NEW> </PATCH> <PATCH> E03 L002 <OLD> alicia </OLD> <NEW> Viplov </NEW> </PATCH> <PATCH> E04 L032 <OLD> I will call you in five minutes </OLD> <NEW> Viplov </NEW> </PATCH>
PPL_C95CBD1687AE,<PATCH> E01 L002 <OLD> Hollly </OLD> <NEW> Joanie </NEW> </PATCH> <PATCH> E02 L032 <OLD> invitations lene ke liye </OLD> <NEW> I had a great time with her yesterday </NEW> </PATCH> <PATCH> E03 L002 <OLD> teacher </OLD> <NEW> Joanie </NEW> </PATCH>
PPL_D934B4AACC6B,<PATCH> E01 L025 <OLD> Is evening 600 PM ko </OLD> <NEW> Is weekend </NEW> </PATCH>
PPL_4E3F1B5780E2,<PATCH> E01 L056 <OLD> mere doctor </OLD> <NEW> BEVERLY </NEW> </PATCH> <PATCH> E02 L032 <OLD> billi phir se bahar aagayi hai </OLD> <NEW> Muje anniversary party ki planning me help chahiye </NEW> </PATCH>
PPL_D1666E757130,<PATCH> E02 L032 <OLD> mai 4 pm par waha rahunga </OLD> <NEW> wo custard pie banana janta hai </NEW> </PATCH> <PATCH> E03 L002 <OLD> Sandeep </OLD> <NEW> William </NEW> </PATCH> <PATCH> E04 L002 <OLD> Scott </OLD> <NEW> William </NEW> </PATCH>
PPL_77B436285D71,<PATCH> E03 L025 <OLD> 7 : 20 am me </OLD> <NEW> tonight </NEW> </PATCH> <PATCH> E04 L052 <OLD> dikha sakte hai UAE </OLD> <NEW> SF </NEW> </PATCH>
PPL_82F81C98AFDE,<PATCH> E02 L024 <OLD> Americas Got Talent </OLD> <NEW> concerts </NEW> </PATCH> <PATCH> E04 L025 <OLD> October 10th se pehle </OLD> <NEW> this year </NEW> </PATCH>
PPL_40BB80E607E5,<PATCH> E01 L004 <OLD> song list </OLD> <NEW> music </NEW> </PATCH> <PATCH> E04 L007 <OLD> alternative country </OLD> <NEW> upbeat </NEW> </PATCH>
PPL_5FF413716EFD,<PATCH> E01 L025 <OLD> for 8 pm on Saturday </OLD> <NEW> Aaj raat </NEW> </PATCH> <PATCH> E02 L045 <OLD> projections </OLD> <NEW> garm </NEW> </PATCH>
PPL_5E4B7FA791E8,<PATCH> E03 L048 <OLD> 7 : 20 samai </OLD> <NEW> timer </NEW> </PATCH>
PPL_09DB0EF35382,<PATCH> E02 L025 <OLD> kal 6 am ke liye </OLD> <NEW> Aaj </NEW> </PATCH> <PATCH> E03 L025 <OLD> Aaj dopahar ke baaki dinon ke liye </OLD> <NEW> Aaj </NEW> </PATCH> <PATCH> E04 L045 <OLD> pollen index </OLD> <NEW> hot </NEW> </PATCH>
PPL_1FC57EE7235A,<PATCH> E03 L052 <OLD> April 11 ke liye Cowes </OLD> <NEW> Park Avenue </NEW> </PATCH>
PPL_6B3F8EAA8972,<PATCH> E01 L002 <OLD> Berlyn </OLD> <NEW> Mike </NEW> </PATCH>
PPL_5ECDA6A7FC29,<PATCH> E01 L008 <OLD> Amazon forest </OLD> <NEW> Wilshire Blvd </NEW> </PATCH> <PATCH> E02 L024 <OLD> decorating parties </OLD> <NEW> the Parade </NEW> </PATCH> <PATCH> E04 L008 <OLD> Gaming </OLD> <NEW> the Parade </NEW> </PATCH>
PPL_820BA54F48A2,<PATCH> E03 L010 <OLD> bread kharid ne </OLD> <NEW> haircut Friday se se </NEW> </PATCH> <PATCH> E04 L023 <OLD> Aaj shaam 4 baje </OLD> <NEW> Friday se Saturday me </NEW> </PATCH>
PPL_2F6C18B0B29F,<PATCH> E02 L025 <OLD> Saturday ko open house se pehle </OLD> <NEW> is thursday </NEW> </PATCH> <PATCH> E04 L010 <OLD> cava le jane ke liye </OLD> <NEW> make doctors appointment </NEW> </PATCH>
PPL_060C2C89737F,<PATCH> E02 L045 <OLD> chhaata degree </OLD> <NEW> 31 </NEW> </PATCH> <PATCH> E03 L025 <OLD> subah 6 : 30 </OLD> <NEW> aj </NEW> </PATCH>
PPL_19F9DDC4B229,<PATCH> E01 L025 <OLD> Is Sunday 2 p . m ko </OLD> <NEW> ten minutes </NEW> </PATCH> <PATCH> E03 L048 <OLD> count down </OLD> <NEW> timer </NEW> </PATCH>
PPL_1D3E81755BDE,<PATCH> E02 L025 <OLD> shaam chaar bajhe ke liye </OLD> <NEW> aj </NEW> </PATCH>
PPL_841EBA2DB5C3,<PATCH> E03 L010 <OLD> garage se old bicycle ko nikaal den ke liye </OLD> <NEW> mere dental appointment </NEW> </PATCH> <PATCH> E04 L025 <OLD> teammates August 9th ke liye </OLD> <NEW> is tuesday </NEW> </PATCH>
PPL_B1DF94584F26,<PATCH> E02 L052 <OLD> Mt . Fuji </OLD> <NEW> new york city </NEW> </PATCH> <PATCH> E03 L038 <OLD> dhoop </OLD> <NEW> barish </NEW> </PATCH>
PPL_53CACE74ABF1,<PATCH> E01 L025 <OLD> 5 me </OLD> <NEW> aaj </NEW> </PATCH> <PATCH> E02 L047 <OLD> Do </OLD> <NEW> sabhi </NEW> </PATCH> <PATCH> E04 L010 <OLD> Biology class </OLD> <NEW> sabhi </NEW> </PATCH>
PPL_C1AABDD6414B,<PATCH> E01 L032 <OLD> where she wants to climb </OLD> <NEW> hamare grandparents ki anniversary kab hai </NEW> </PATCH> <PATCH> E02 L002 <OLD> Olivia </OLD> <NEW> Tracy </NEW> </PATCH>
PPL_66CCE675D4AE,"<PATCH> E02 L052 <OLD> Madrid , Spain </OLD> <NEW> SOUTHEAST OKLAHOMA </NEW> </PATCH> <PATCH> E03 L052 <OLD> grand central </OLD> <NEW> SOUTHEAST OKLAHOMA </NEW> </PATCH>"
PPL_60ECACB39C42,<PATCH> E01 L032 <OLD> pauline that </OLD> <NEW> mera draft </NEW> </PATCH> <PATCH> E03 L032 <OLD> she has met my mom bhejne ke liye </OLD> <NEW> mera draft text message text message bhejne ke liye </NEW> </PATCH> <PATCH> E04 L003 <OLD> lawyer </OLD> <NEW> mujhe </NEW> </PATCH>
PPL_6803168140D5,<PATCH> E04 L010 <OLD> dance group to bring their shoes </OLD> <NEW> Gap card ke liye pay karne ke liye </NEW> </PATCH>
PPL_F28F27B04A1E,<PATCH> E04 L025 <OLD> 100 minutes ke liye </OLD> <NEW> next week </NEW> </PATCH>
PPL_74C8822393DF,<PATCH> E02 L019 <OLD> Nags Head </OLD> <NEW> sun city </NEW> </PATCH>
PPL_23EC058EDD2B,<PATCH> E01 L045 <OLD> Precipitation </OLD> <NEW> dhoop </NEW> </PATCH> <PATCH> E03 L025 <OLD> Monday ki subah ke liye </OLD> <NEW> aaj poora din </NEW> </PATCH> <PATCH> E04 L045 <OLD> Sweater </OLD> <NEW> dhoop </NEW> </PATCH>
PPL_84702C8A9EB1,<PATCH> E02 L025 <OLD> 11 . 30am se </OLD> <NEW> shaam 6 baje </NEW> </PATCH> <PATCH> E03 L025 <OLD> Thursday 12pm ko </OLD> <NEW> shaam 6 baje </NEW> </PATCH> <PATCH> E04 L010 <OLD> cousin ki party </OLD> <NEW> pizza order </NEW> </PATCH>
PPL_EC9C3DA40F90,<PATCH> E01 L025 <OLD> 7th March ko 1400 baje </OLD> <NEW> on Thursday </NEW> </PATCH> <PATCH> E03 L003 <OLD> Albert </OLD> <NEW> Muje </NEW> </PATCH>
PPL_E05AD36E8C47,<PATCH> E03 L002 <OLD> Mikey </OLD> <NEW> Lillian </NEW> </PATCH>
PPL_EB3D0066890D,<PATCH> E02 L052 <OLD> Broward County </OLD> <NEW> san francisco </NEW> </PATCH> <PATCH> E03 L052 <OLD> Paul Road </OLD> <NEW> san francisco </NEW> </PATCH> <PATCH> E04 L024 <OLD> baseball game </OLD> <NEW> parties </NEW> </PATCH>
PPL_3A863C04FE45,<PATCH> E02 L045 <OLD> ice storm </OLD> <NEW> baarish </NEW> </PATCH> <PATCH> E03 L025 <OLD> 26 minutes ke liye </OLD> <NEW> saturday par </NEW> </PATCH>
PPL_49E0B2DBF2A1,<PATCH> E01 L003 <OLD> Spencer </OLD> <NEW> mujhe </NEW> </PATCH> <PATCH> E02 L025 <OLD> aj shaam 4 bajhe </OLD> <NEW> december me </NEW> </PATCH> <PATCH> E03 L010 <OLD> my dentist appointment </OLD> <NEW> tetanus shot lena baaki hai </NEW> </PATCH>
PPL_E1545F0BFF63,<PATCH> E02 L032 <OLD> time aur location </OLD> <NEW> mujhe BTS ka new album laker de </NEW> </PATCH> <PATCH> E03 L002 <OLD> Ikit </OLD> <NEW> Kendra </NEW> </PATCH> <PATCH> E04 L032 <OLD> handouts prepare kare request </OLD> <NEW> mujhe BTS ka new album laker de </NEW> </PATCH>
PPL_D7E3ACAF2DD6,<PATCH> E01 L010 <OLD> meri water bottle laane </OLD> <NEW> Xanders ki birthday party ke liye facebook par event </NEW> </PATCH> <PATCH> E02 L013 <OLD> jessica </OLD> <NEW> event </NEW> </PATCH> <PATCH> E03 L010 <OLD> Sherman </OLD> <NEW> birthday party ke liye facebook par event </NEW> </PATCH> <PATCH> E04 L010 <OLD> Dr . Wright </OLD> <NEW> facebook par event </NEW> </PATCH>
PPL_2BEDF1A52271,<PATCH> E01 L032 <OLD> I parked my car at the current location </OLD> <NEW> drinks are at 9 on Wednesday </NEW> </PATCH> <PATCH> E02 L002 <OLD> Kane </OLD> <NEW> Janelle </NEW> </PATCH> <PATCH> E03 L002 <OLD> Benny </OLD> <NEW> Janelle </NEW> </PATCH> <PATCH> E04 L002 <OLD> agency </OLD> <NEW> Janelle </NEW> </PATCH>
PPL_8E227F8EF119,<PATCH> E01 L010 <OLD> Jason night time </OLD> <NEW> Mujhe Friday ko lawn mowed karni hai </NEW> </PATCH> <PATCH> E02 L010 <OLD> lawn mowed karni hai </OLD> <NEW> Mujhe Friday ko Late show par Todd dekhne </NEW> </PATCH> <PATCH> E04 L003 <OLD> Jonathan </OLD> <NEW> Mujhe </NEW> </PATCH>
PPL_61F57F48CF0B,"<PATCH> E01 L003 <OLD> park </OLD> <NEW> mujhe </NEW> </PATCH> <PATCH> E02 L025 <OLD> 7 , 8 aur 9 am ko </OLD> <NEW> Monday ko </NEW> </PATCH> <PATCH> E03 L010 <OLD> workouts </OLD> <NEW> furniture move karne ke liye </NEW> </PATCH> <PATCH> E04 L025 <OLD> to 830 am </OLD> <NEW> Monday ko </NEW> </PATCH>"
PPL_7C2F7F2F7B43,<PATCH> E02 L025 <OLD> 1230 pm </OLD> <NEW> 5 minutes </NEW> </PATCH> <PATCH> E04 L048 <OLD> samay </OLD> <NEW> timer </NEW> </PATCH>
PPL_34F593F91544,<PATCH> E01 L048 <OLD> clock </OLD> <NEW> timer </NEW> </PATCH> <PATCH> E04 L025 <OLD> Wednesday ko 9 am aur 10 pm ke liye </OLD> <NEW> 24 minutes </NEW> </PATCH>
PPL_7458BC0BD6A1,<PATCH> E01 L003 <OLD> jason </OLD> <NEW> Muje </NEW> </PATCH> <PATCH> E02 L010 <OLD> meri Corporate meeting </OLD> <NEW> mera lunch pack karne liye </NEW> </PATCH> <PATCH> E03 L003 <OLD> susan </OLD> <NEW> Muje </NEW> </PATCH>
PPL_A0EF8F4FEE3C,<PATCH> E01 L010 <OLD> Shane </OLD> <NEW> mujhe </NEW> </PATCH> <PATCH> E02 L010 <OLD> Survivor ka naya season shuru hota hai karne ke liye </OLD> <NEW> interview call </NEW> </PATCH> <PATCH> E03 L025 <OLD> kals </OLD> <NEW> Friday ke din subah 9 baje </NEW> </PATCH>
PPL_BD6A9DAE4B98,<PATCH> E01 L025 <OLD> tuesday 3 00 pm ko ka buzzer </OLD> <NEW> 15 minutes ke liye </NEW> </PATCH>
PPL_18665323771D,<PATCH> E01 L025 <OLD> today 9 baje se </OLD> <NEW> today </NEW> </PATCH> <PATCH> E02 L025 <OLD> is annual 7 a . m . ki parade ko </OLD> <NEW> christmas </NEW> </PATCH> <PATCH> E03 L024 <OLD> blues bands playing </OLD> <NEW> christmas parade </NEW> </PATCH> <PATCH> E04 L025 <OLD> 7 : 45 ke liye </OLD> <NEW> today </NEW> </PATCH>
PPL_261E42ADA847,<PATCH> E01 L035 <OLD> Ghost Hunters </OLD> <NEW> emma </NEW> </PATCH> <PATCH> E02 L059 <OLD> crock pot shuru karne ke liye karne ke liye </OLD> <NEW> nehlane ke liye </NEW> </PATCH> <PATCH> E03 L059 <OLD> ser </OLD> <NEW> nehlane </NEW> </PATCH>
PPL_48DE77797A96,<PATCH> E02 L025 <OLD> on Tuesday nights at 7 : 30 pm </OLD> <NEW> kal </NEW> </PATCH>
PPL_078F37E71AE4,<PATCH> E02 L025 <OLD> mon 4 pm ko </OLD> <NEW> Aj </NEW> </PATCH> <PATCH> E04 L052 <OLD> Alberta Canada </OLD> <NEW> St . Paul </NEW> </PATCH>
PPL_4D43D826D9C5,"<PATCH> E03 L052 <OLD> March , 2018 me Midland </OLD> <NEW> Downtown Northampton </NEW> </PATCH>"
PPL_91FFE74EDC05,<PATCH> E01 L025 <OLD> pichle 30 dino </OLD> <NEW> Saturday </NEW> </PATCH> <PATCH> E03 L052 <OLD> Westside </OLD> <NEW> Austin </NEW> </PATCH>
PPL_38FFA7C1DE31,<PATCH> E03 L010 <OLD> be prepared </OLD> <NEW> Paul se milne ke liye </NEW> </PATCH> <PATCH> E04 L003 <OLD> Jason </OLD> <NEW> Mujhe </NEW> </PATCH>
PPL_1997C66EA800,<PATCH> E02 L025 <OLD> aaj subha 9 : 00 baje </OLD> <NEW> 30 minutes ke liye </NEW> </PATCH> <PATCH> E03 L048 <OLD> stopwatch </OLD> <NEW> timer </NEW> </PATCH>
PPL_27C4E3F17CB7,<PATCH> E01 L002 <OLD> marc </OLD> <NEW> Dan </NEW> </PATCH> <PATCH> E02 L032 <OLD> Madrid me ek ache hotel </OLD> <NEW> wo ghar ka darwaza khol sakta hai? </NEW> </PATCH> <PATCH> E04 L002 <OLD> rod </OLD> <NEW> Dan </NEW> </PATCH>
PPL_0A52B27E3371,<PATCH> E02 L052 <OLD> 101 freeway </OLD> <NEW> Sea Island </NEW> </PATCH> <PATCH> E04 L025 <OLD> from this week </OLD> <NEW> Next friday night </NEW> </PATCH>
PPL_F46760FF9F86,<PATCH> E01 L025 <OLD> 1st August ko </OLD> <NEW> Is weekend </NEW> </PATCH> <PATCH> E02 L046 <OLD> music </OLD> <NEW> concerts </NEW> </PATCH> <PATCH> E03 L033 <OLD> adana turkey </OLD> <NEW> Tuscaloosa </NEW> </PATCH> <PATCH> E04 L033 <OLD> Brunch </OLD> <NEW> concerts </NEW> </PATCH>
PPL_2F64B32E9F41,<PATCH> E02 L044 <OLD> mediation </OLD> <NEW> classical </NEW> </PATCH>
PPL_9AD1ADE4AE72,<PATCH> E01 L048 <OLD> 2 hours </OLD> <NEW> timer </NEW> </PATCH> <PATCH> E02 L048 <OLD> timer . </OLD> <NEW> timer </NEW> </PATCH> <PATCH> E03 L057 <OLD> kal </OLD> <NEW> 15 minute </NEW> </PATCH> <PATCH> E04 L048 <OLD> samay </OLD> <NEW> timer </NEW> </PATCH>
PPL_FBBC71298198,<PATCH> E01 L003 <OLD> Shane </OLD> <NEW> mere </NEW> </PATCH> <PATCH> E03 L010 <OLD> agley Wednesday ke liye session </OLD> <NEW> doctor appointment </NEW> </PATCH> <PATCH> E04 L025 <OLD> is upcoming Thursday ke liye </OLD> <NEW> dopahar 4 baje </NEW> </PATCH>
PPL_728032B84B15,<PATCH> E01 L023 <OLD> aaj raat 8 baje se pehle </OLD> <NEW> aaj raat </NEW> </PATCH> <PATCH> E02 L003 <OLD> entire office </OLD> <NEW> mujhe </NEW> </PATCH> <PATCH> E03 L010 <OLD> school ke liye shopping </OLD> <NEW> Prozac lene </NEW> </PATCH> <PATCH> E04 L003 <OLD> Rebecca </OLD> <NEW> mujhe </NEW> </PATCH>
PPL_BC66E8BC9530,<PATCH> E01 L025 <OLD> Tuesday ko 9 baje </OLD> <NEW> is Friday </NEW> </PATCH> <PATCH> E02 L052 <OLD> Wantage </OLD> <NEW> London </NEW> </PATCH> <PATCH> E03 L025 <OLD> Subah aur raat ke 8 : 18 bajhe ke liye </OLD> <NEW> is Friday </NEW> </PATCH>
PPL_F129684D23D6,<PATCH> E01 L049 <OLD> FLORIDA </OLD> <NEW> Los Angeles </NEW> </PATCH> <PATCH> E03 L019 <OLD> interstate 5 </OLD> <NEW> San Jose </NEW> </PATCH>
PPL_3CADAA6A7A69,<PATCH> E01 L045 <OLD> polar storm </OLD> <NEW> barish </NEW> </PATCH> <PATCH> E02 L025 <OLD> May 22nd at 8 : 00 am ke liye </OLD> <NEW> aj </NEW> </PATCH> <PATCH> E03 L045 <OLD> dust storms </OLD> <NEW> barish </NEW> </PATCH>
PPL_FC3D9A73348D,<PATCH> E01 L024 <OLD> open mic nights </OLD> <NEW> Easter Egg hunts </NEW> </PATCH> <PATCH> E02 L025 <OLD> 9 : 30 ko </OLD> <NEW> is year </NEW> </PATCH>
PPL_B1C975E6ED93,<PATCH> E01 L010 <OLD> we have dinner reservations </OLD> <NEW> shaadi ke liye </NEW> </PATCH> <PATCH> E02 L003 <OLD> joe </OLD> <NEW> Muje </NEW> </PATCH> <PATCH> E03 L025 <OLD> kal aur Friday ko 7 bajhe shaadi ke liye </OLD> <NEW> Sunday ko </NEW> </PATCH>
PPL_67537018BDD0,<PATCH> E02 L032 <OLD> bring a lot of money to the animal </OLD> <NEW> work ke paas road ke conditions kaise hai </NEW> </PATCH> <PATCH> E03 L002 <OLD> Julia </OLD> <NEW> Lexy </NEW> </PATCH>
PPL_B0F3D7E49A9E,<PATCH> E02 L025 <OLD> August 26th ko subah 6 baje </OLD> <NEW> 15 seconds ke liye </NEW> </PATCH> <PATCH> E03 L025 <OLD> pichle do ghante se </OLD> <NEW> 15 seconds ke liye </NEW> </PATCH>
PPL_0DA2ED9C7696,<PATCH> E01 L025 <OLD> 21 september ko </OLD> <NEW> 5 minutes mein </NEW> </PATCH> <PATCH> E03 L048 <OLD> timer . </OLD> <NEW> timer </NEW> </PATCH>
PPL_3922EF212614,<PATCH> E01 L002 <OLD> Bebe </OLD> <NEW> John </NEW> </PATCH> <PATCH> E03 L032 <OLD> sabhi Presidents </OLD> <NEW> wo Farmers market jaraha hai </NEW> </PATCH>
PPL_969CBD533592,<PATCH> E02 L046 <OLD> sleigh ride </OLD> <NEW> Fiesta </NEW> </PATCH>
PPL_88B22B4CD8B4,<PATCH> E03 L019 <OLD> Amarillo </OLD> <NEW> augusta </NEW> </PATCH> <PATCH> E04 L019 <OLD> Philippines </OLD> <NEW> new york </NEW> </PATCH>
PPL_999B3DE6EEA1,<PATCH> E01 L019 <OLD> Bothell </OLD> <NEW> Tennessee </NEW> </PATCH> <PATCH> E03 L049 <OLD> Ft Lauderdale </OLD> <NEW> Pensacola </NEW> </PATCH>
PPL_DC7899C32C29,<PATCH> E01 L025 <OLD> friday ko 22nd september ko </OLD> <NEW> 5 din </NEW> </PATCH> <PATCH> E02 L045 <OLD> summer hat </OLD> <NEW> baarish </NEW> </PATCH> <PATCH> E04 L045 <OLD> snow storm </OLD> <NEW> baarish </NEW> </PATCH>
PPL_DFA9014940A7,<PATCH> E01 L025 <OLD> November 22nd ko </OLD> <NEW> aaj </NEW> </PATCH> <PATCH> E03 L052 <OLD> Wyoming </OLD> <NEW> Disney World </NEW> </PATCH>
PPL_7A6331C2C8DD,<PATCH> E04 L025 <OLD> Aaj raat 9 PM ke liye </OLD> <NEW> Saturday ko </NEW> </PATCH>
PPL_5D68F3D8BD53,"<PATCH> E02 L004 <OLD> SOUNDTRACK </OLD> <NEW> rap artist </NEW> </PATCH> <PATCH> E03 L004 <OLD> song, </OLD> <NEW> rap artist </NEW> </PATCH> <PATCH> E04 L044 <OLD> Norwegian Sound Track </OLD> <NEW> rap artist </NEW> </PATCH>"
PPL_D92CCEFF5EDF,<PATCH> E01 L003 <OLD> Taylor </OLD> <NEW> mujhe </NEW> </PATCH> <PATCH> E03 L010 <OLD> mere plan ki cheeze </OLD> <NEW> my alarm for work </NEW> </PATCH>
PPL_AC6DE5ECF7B6,<PATCH> E01 L052 <OLD> Riverview </OLD> <NEW> Madrid </NEW> </PATCH> <PATCH> E02 L025 <OLD> Saturday ko 8 am aur 9 am ke liye </OLD> <NEW> Christmas </NEW> </PATCH> <PATCH> E03 L052 <OLD> des moines </OLD> <NEW> Madrid </NEW> </PATCH>
PPL_6C14E9BB05F1,<PATCH> E02 L001 <OLD> video game </OLD> <NEW> latin pop </NEW> </PATCH> <PATCH> E03 L004 <OLD> single </OLD> <NEW> latin pop music </NEW> </PATCH>
PPL_A66FEA283D5E,<PATCH> E03 L010 <OLD> Jen ke liye anniversary flowers pickup karne </OLD> <NEW> High Rope training </NEW> </PATCH> <PATCH> E04 L023 <OLD> from May ki 26th ke liye </OLD> <NEW> EST </NEW> </PATCH>
PPL_59FC4F209259,<PATCH> E01 L008 <OLD> Rt 1 </OLD> <NEW> Key Largo </NEW> </PATCH> <PATCH> E03 L025 <OLD> in the spring </OLD> <NEW> Friday </NEW> </PATCH> <PATCH> E04 L024 <OLD> Fear festivals </OLD> <NEW> Key Largo me sabse acha convention </NEW> </PATCH>
PPL_A6BD0CB3C310,<PATCH> E02 L010 <OLD> pick up dave on the way to the meeting </OLD> <NEW> lunch plans </NEW> </PATCH> <PATCH> E03 L025 <OLD> tuesday subah </OLD> <NEW> is hafte </NEW> </PATCH> <PATCH> E04 L003 <OLD> Dance </OLD> <NEW> mujhe </NEW> </PATCH>
PPL_DC8DA9D4C1AA,<PATCH> E02 L049 <OLD> Ashtabula Ohio </OLD> <NEW> Los Angeles CA </NEW> </PATCH> <PATCH> E03 L049 <OLD> Leesburg </OLD> <NEW> Los Angeles CA </NEW> </PATCH> <PATCH> E04 L019 <OLD> south dakota </OLD> <NEW> Seattle WA </NEW> </PATCH>
PPL_E3219E17EEC2,<PATCH> E02 L010 <OLD> get a gift for my co worker </OLD> <NEW> my party </NEW> </PATCH> <PATCH> E03 L010 <OLD> mere pick up lunch </OLD> <NEW> my party </NEW> </PATCH> <PATCH> E04 L010 <OLD> girl scout </OLD> <NEW> my party </NEW> </PATCH>
PPL_594ADB40162D,<PATCH> E02 L054 <OLD> Celldweller </OLD> <NEW> Pink Floyd </NEW> </PATCH> <PATCH> E03 L011 <OLD> French </OLD> <NEW> Pink Floyd </NEW> </PATCH> <PATCH> E04 L004 <OLD> recordings </OLD> <NEW> live album </NEW> </PATCH>
PPL_6B00800222AE,<PATCH> E02 L025 <OLD> 19th May ko 3 pm ko </OLD> <NEW> Agle 10 dinon ke liye </NEW> </PATCH> <PATCH> E03 L025 <OLD> subah 8 : 38 bajhe ke liye </OLD> <NEW> Agle 10 dinon ke liye </NEW> </PATCH>
PPL_A59FF61FC5A0,<PATCH> E01 L024 <OLD> interview </OLD> <NEW> concert </NEW> </PATCH> <PATCH> E04 L025 <OLD> 3 : 30 aur 4 : 15 washington dc </OLD> <NEW> Christmas </NEW> </PATCH>
PPL_882F31D8BABF,<PATCH> E01 L019 <OLD> Campinas city </OLD> <NEW> New york </NEW> </PATCH> <PATCH> E02 L049 <OLD> 182 Webster Street Rockland </OLD> <NEW> New Jersey </NEW> </PATCH> <PATCH> E03 L019 <OLD> arrowhead </OLD> <NEW> Jersey </NEW> </PATCH> <PATCH> E04 L019 <OLD> Raleigh </OLD> <NEW> Jersey </NEW> </PATCH>
PPL_3F418A21B159,<PATCH> E01 L025 <OLD> june ki 29th ke liye </OLD> <NEW> tuesday ki morning aur thursday morning ko </NEW> </PATCH> <PATCH> E02 L003 <OLD> Cycle </OLD> <NEW> Muje </NEW> </PATCH> <PATCH> E03 L003 <OLD> Jeri </OLD> <NEW> Muje </NEW> </PATCH> <PATCH> E04 L003 <OLD> meri doctor appointment </OLD> <NEW> Muje </NEW> </PATCH>
PPL_BC8FE9117F25,<PATCH> E01 L002 <OLD> belinda </OLD> <NEW> Esther </NEW> </PATCH> <PATCH> E02 L032 <OLD> 3 ghante mei airport par pahunch jaunga </OLD> <NEW> I ' m running late </NEW> </PATCH>
PPL_A89EC3DA77BA,<PATCH> E01 L003 <OLD> vendor </OLD> <NEW> mere </NEW> </PATCH> <PATCH> E04 L025 <OLD> ek minute me 5 minute ke liye </OLD> <NEW> aj ke liye </NEW> </PATCH>
PPL_394F3D17A723,<PATCH> E02 L045 <OLD> niklega </OLD> <NEW> garmi </NEW> </PATCH> <PATCH> E03 L025 <OLD> 5 se </OLD> <NEW> aaj </NEW> </PATCH>
PPL_2BCA49D0E4ED,<PATCH> E01 L024 <OLD> ice cream festival </OLD> <NEW> concerts </NEW> </PATCH> <PATCH> E02 L025 <OLD> fifth of January ko subah 9 bajhe ke liye </OLD> <NEW> kal </NEW> </PATCH> <PATCH> E03 L025 <OLD> August 13th </OLD> <NEW> kal </NEW> </PATCH> <PATCH> E04 L024 <OLD> paint parties </OLD> <NEW> concerts </NEW> </PATCH>
PPL_015E39FBF7AF,<PATCH> E01 L048 <OLD> timeout </OLD> <NEW> timer </NEW> </PATCH> <PATCH> E02 L025 <OLD> aaj 3 pm ko </OLD> <NEW> 15 seconds me </NEW> </PATCH> <PATCH> E03 L048 <OLD> Timers </OLD> <NEW> timer </NEW> </PATCH> <PATCH> E04 L025 <OLD> Saturday raat ko </OLD> <NEW> 15 seconds me </NEW> </PATCH>
PPL_0C147E900EE8,<PATCH> E02 L010 <OLD> gmail account check karne ka Addie </OLD> <NEW> eye doctor karne </NEW> </PATCH>
PPL_F439C0C4D0E3,<PATCH> E04 L032 <OLD> I will bring my own food </OLD> <NEW> meet me at the dine restaurant today </NEW> </PATCH>
PPL_BA4DE41859D2,<PATCH> E01 L019 <OLD> I - 10 </OLD> <NEW> Paris </NEW> </PATCH> <PATCH> E03 L019 <OLD> Cairo </OLD> <NEW> versailles </NEW> </PATCH>
PPL_A427F6837667,<PATCH> E02 L025 <OLD> Aaj 4 pm aur 5 pm ke liye </OLD> <NEW> kal </NEW> </PATCH> <PATCH> E03 L025 <OLD> aaj raat 5 : 00 baje me </OLD> <NEW> kal </NEW> </PATCH>
PPL_8372FC190410,<PATCH> E01 L025 <OLD> 2018 ke beginning me </OLD> <NEW> Agale mahine </NEW> </PATCH>
PPL_C0B41C720EB1,<PATCH> E02 L052 <OLD> west side </OLD> <NEW> New York </NEW> </PATCH> <PATCH> E03 L025 <OLD> 3 dino ke liye </OLD> <NEW> New York mein kal </NEW> </PATCH>
PPL_7483BFAB823B,<PATCH> E01 L010 <OLD> Steve ko wash the dishes ke liye </OLD> <NEW> August 30th ko sham 5 baje workouts karne ke liye </NEW> </PATCH> <PATCH> E02 L013 <OLD> har das minute mei </OLD> <NEW> August 30th ko sham 5 baje </NEW> </PATCH> <PATCH> E03 L025 <OLD> Friday ko 6 pm ko </OLD> <NEW> August 30th ko sham 5 baje </NEW> </PATCH> <PATCH> E04 L010 <OLD> workouts karne ke liye </OLD> <NEW> Alaskan Airlines flight 110 se pick up karne ke liye </NEW> </PATCH>
PPL_D83D646EE4C6,<PATCH> E01 L025 <OLD> 5 pm aur 10 pm ko </OLD> <NEW> kal </NEW> </PATCH> <PATCH> E02 L052 <OLD> greenville </OLD> <NEW> Las Vegas </NEW> </PATCH>
PPL_7F817D520E57,<PATCH> E01 L045 <OLD> South End </OLD> <NEW> garm </NEW> </PATCH> <PATCH> E04 L045 <OLD> barf giri </OLD> <NEW> garm </NEW> </PATCH>
PPL_50A49AFAE42C,<PATCH> E03 L045 <OLD> garmi </OLD> <NEW> barish </NEW> </PATCH> <PATCH> E04 L052 <OLD> downtown Naperville </OLD> <NEW> denver </NEW> </PATCH>
PPL_C22724721E96,<PATCH> E01 L025 <OLD> Monday 6:00 am </OLD> <NEW> aj </NEW> </PATCH> <PATCH> E02 L052 <OLD> akron Ohio </OLD> <NEW> beach </NEW> </PATCH> <PATCH> E04 L020 <OLD> E 470 </OLD> <NEW> beach </NEW> </PATCH>
PPL_1B33AEB06A71,<PATCH> E01 L010 <OLD> mere Benny ke vet appointment </OLD> <NEW> mere dinner </NEW> </PATCH> <PATCH> E02 L010 <OLD> family </OLD> <NEW> mere dinner </NEW> </PATCH> <PATCH> E03 L035 <OLD> grandma </OLD> <NEW> Mac </NEW> </PATCH> <PATCH> E04 L003 <OLD> Arabella </OLD> <NEW> mere </NEW> </PATCH>
PPL_98AC8F59A856,<PATCH> E01 L025 <OLD> Friday 3 00 pm ko </OLD> <NEW> 15 mins ke liye </NEW> </PATCH> <PATCH> E03 L048 <OLD> count </OLD> <NEW> timer </NEW> </PATCH>
PPL_C0DC5A59846D,"<PATCH> E01 L010 <OLD> mere lazy butt ko bed se bahar nikalne ke liye </OLD> <NEW> meeting </NEW> </PATCH> <PATCH> E02 L010 <OLD> Carol ko mera project submitted chahiye aaj dopahar ka </OLD> <NEW> meeting </NEW> </PATCH> <PATCH> E03 L023 <OLD> Thursday , 2 00 pm ke liye </OLD> <NEW> aaj dopahar </NEW> </PATCH> <PATCH> E04 L023 <OLD> for 7 : 25 pm </OLD> <NEW> aaj dopahar </NEW> </PATCH>"
PPL_2C87698382DB,<PATCH> E02 L025 <OLD> 9 . 30 aur 10 baje ke liye </OLD> <NEW> June par </NEW> </PATCH>
PPL_5A5D83705DE0,<PATCH> E03 L048 <OLD> 12th June ko subah 12 baje ke liye count down </OLD> <NEW> 42 minutes </NEW> </PATCH> <PATCH> E04 L048 <OLD> stopwatch timer </OLD> <NEW> timer </NEW> </PATCH>
PPL_3644642FC3DB,<PATCH> E01 L002 <OLD> Cody </OLD> <NEW> lynette </NEW> </PATCH> <PATCH> E03 L032 <OLD> are you awake </OLD> <NEW> what she bought gabby for the bridal shower </NEW> </PATCH> <PATCH> E04 L002 <OLD> agency </OLD> <NEW> lynette </NEW> </PATCH>
PPL_005E0B1FF2C4,"<PATCH> E01 L025 <OLD> Monday subha 11 baje ke liye </OLD> <NEW> aane wale weekend </NEW> </PATCH> <PATCH> E02 L025 <OLD> suabh 11:30 ke liye </OLD> <NEW> aane wale weekend </NEW> </PATCH> <PATCH> E03 L045 <OLD> rainshower </OLD> <NEW> barf </NEW> </PATCH> <PATCH> E04 L052 <OLD> Northern , VA </OLD> <NEW> Cleveland </NEW> </PATCH>"
PPL_1A9207CCE16A,<PATCH> E01 L052 <OLD> Hwy 169 </OLD> <NEW> Fayetteville </NEW> </PATCH>
PPL_DDA319D3AC74,<PATCH> E01 L010 <OLD> proposal submit </OLD> <NEW> bill </NEW> </PATCH> <PATCH> E03 L025 <OLD> warehouse is thursday ke liye </OLD> <NEW> hafte ke </NEW> </PATCH> <PATCH> E04 L018 <OLD> readme </OLD> <NEW> batayen </NEW> </PATCH>
PPL_1932EB21377D,<PATCH> E01 L025 <OLD> St Patricks Day </OLD> <NEW> 8 / 19 ko payment set up ke liye </NEW> </PATCH> <PATCH> E03 L025 <OLD> Valentines day weekend par John is coming ke liye </OLD> <NEW> 8 / 19 ko payment set up ke liye </NEW> </PATCH>
PPL_FBEA8C27DBDE,<PATCH> E01 L024 <OLD> rap concerts </OLD> <NEW> dinners </NEW> </PATCH> <PATCH> E03 L025 <OLD> 16th May ke midnight ke liye </OLD> <NEW> Christmas Eve </NEW> </PATCH> <PATCH> E04 L052 <OLD> monterrey </OLD> <NEW> Manhattan </NEW> </PATCH>
PPL_C8437E6FF654,<PATCH> E03 L025 <OLD> kal 9 pm ko snowstorm </OLD> <NEW> Aaj </NEW> </PATCH>
PPL_821CA549A2F9,<PATCH> E02 L025 <OLD> 12 : 30 pm me thongs </OLD> <NEW> is weekend </NEW> </PATCH>
PPL_51D4E50C3C49,<PATCH> E02 L032 <OLD> I ' m on my way to pick her up </OLD> <NEW> the gates open at 11 </NEW> </PATCH> <PATCH> E03 L002 <OLD> Cameron James </OLD> <NEW> Matt </NEW> </PATCH> <PATCH> E04 L032 <OLD> when are you coming ke liye </OLD> <NEW> the gates open at 11 </NEW> </PATCH>
PPL_C7EEC42BF022,<PATCH> E01 L010 <OLD> Patriot ' s pratice ke liye </OLD> <NEW> homework complete karne </NEW> </PATCH> <PATCH> E04 L025 <OLD> aaj 6 baje aur adhe ghante pehle </OLD> <NEW> Kal raat 10 baje tak </NEW> </PATCH>
PPL_256FA43F31CC,"<PATCH> E01 L049 <OLD> Jackson </OLD> <NEW> Oregon </NEW> </PATCH> <PATCH> E02 L058 <OLD> steps </OLD> <NEW> miles </NEW> </PATCH> <PATCH> E03 L019 <OLD> Hays </OLD> <NEW> Washington State </NEW> </PATCH> <PATCH> E04 L049 <OLD> Cleveland , OH </OLD> <NEW> Oregon </NEW> </PATCH>"
PPL_DFAAB2FA911F,"<PATCH> E01 L055 <OLD> by plane </OLD> <NEW> fly </NEW> </PATCH> <PATCH> E02 L055 <OLD> fly </OLD> <NEW> fly </NEW> </PATCH> <PATCH> E03 L019 <OLD> Columbus , Ohio </OLD> <NEW> Las Vegas </NEW> </PATCH> <PATCH> E04 L049 <OLD> rhode island </OLD> <NEW> Chicago </NEW> </PATCH>"
PPL_AAC7E75EFB75,"<PATCH> E02 L052 <OLD> Berkeley , CA </OLD> <NEW> rockaway beach </NEW> </PATCH>"
PPL_A41C76BB2658,<PATCH> E01 L024 <OLD> Choir performances </OLD> <NEW> concerts </NEW> </PATCH> <PATCH> E02 L052 <OLD> I - 59 </OLD> <NEW> Chicago </NEW> </PATCH> <PATCH> E03 L025 <OLD> 1 ghante aur 15 minutes ke liye </OLD> <NEW> is hafte </NEW> </PATCH> <PATCH> E04 L025 <OLD> February 16th </OLD> <NEW> is hafte </NEW> </PATCH>
PPL_3103099CB36F,<PATCH> E01 L045 <OLD> sweaters </OLD> <NEW> barish </NEW> </PATCH> <PATCH> E03 L025 <OLD> raat 8 baje </OLD> <NEW> sham 5 bajhe </NEW> </PATCH> <PATCH> E04 L025 <OLD> 10 . 00 p . m ke liye </OLD> <NEW> sham 5 bajhe </NEW> </PATCH>
PPL_65C9CD4D52CA,<PATCH> E01 L057 <OLD> Aagle </OLD> <NEW> agla </NEW> </PATCH> <PATCH> E02 L024 <OLD> Gingerbread decorating contests </OLD> <NEW> Scott ' s antique market </NEW> </PATCH> <PATCH> E04 L025 <OLD> Fargo mein </OLD> <NEW> Atlanta me </NEW> </PATCH>
PPL_B359AD10FA0C,<PATCH> E01 L025 <OLD> 5 : 00 pm ke aas paas </OLD> <NEW> 45 mins ke liye </NEW> </PATCH> <PATCH> E03 L048 <OLD> Stopwatch ko </OLD> <NEW> timer </NEW> </PATCH> <PATCH> E04 L048 <OLD> mere </OLD> <NEW> timer </NEW> </PATCH>
PPL_9A39395AA627,<PATCH> E01 L045 <OLD> 19 </OLD> <NEW> hot </NEW> </PATCH> <PATCH> E02 L025 <OLD> Is friday sham 4 : 00 bajhe se pehle </OLD> <NEW> aaj </NEW> </PATCH> <PATCH> E03 L045 <OLD> muggy </OLD> <NEW> hot </NEW> </PATCH>
PPL_74781D03E7BE,<PATCH> E01 L048 <OLD> timer countdown </OLD> <NEW> timer </NEW> </PATCH> <PATCH> E03 L025 <OLD> 2 00 PM ko </OLD> <NEW> 3 mintues ke liye </NEW> </PATCH>
PPL_A8FCCC6A6C20,<PATCH> E02 L025 <OLD> Tuesday ko har 15 minute </OLD> <NEW> summer 2018 Portland me </NEW> </PATCH> <PATCH> E03 L033 <OLD> Catalonia </OLD> <NEW> Portland </NEW> </PATCH> <PATCH> E04 L024 <OLD> holiday activities </OLD> <NEW> music festivals </NEW> </PATCH>
PPL_3FBFE3A67A49,<PATCH> E01 L019 <OLD> clackamas </OLD> <NEW> Philadelphia </NEW> </PATCH> <PATCH> E02 L049 <OLD> Yulee </OLD> <NEW> Atlanta </NEW> </PATCH>
PPL_F2E9EA39F632,<PATCH> E02 L004 <OLD> channel </OLD> <NEW> songs </NEW> </PATCH> <PATCH> E03 L007 <OLD> best jams </OLD> <NEW> country </NEW> </PATCH> <PATCH> E04 L007 <OLD> naye atomic blonde </OLD> <NEW> country </NEW> </PATCH>
PPL_6DE84FB8BB12,<PATCH> E01 L038 <OLD> ski </OLD> <NEW> jacket </NEW> </PATCH> <PATCH> E02 L026 <OLD> Carmichael </OLD> <NEW> beech </NEW> </PATCH>
PPL_CBCC1C97857F,<PATCH> E01 L025 <OLD> ek week ke liye </OLD> <NEW> Abhi se 10 minutes ke liye </NEW> </PATCH> <PATCH> E02 L025 <OLD> August 30th ko 5 pm ko </OLD> <NEW> 10 minutes </NEW> </PATCH> <PATCH> E04 L048 <OLD> samay </OLD> <NEW> timer </NEW> </PATCH>
PPL_575AA924D352,<PATCH> E01 L025 <OLD> thursday sham 4 : 30 bajhe portland </OLD> <NEW> Aaj raat </NEW> </PATCH>
PPL_851C1EE4F0A7,<PATCH> E01 L025 <OLD> on Wednesday at 3 PM </OLD> <NEW> 17 minutes </NEW> </PATCH> <PATCH> E02 L048 <OLD> stopwatch timer </OLD> <NEW> timer </NEW> </PATCH> <PATCH> E03 L025 <OLD> Saturday 25th May ko </OLD> <NEW> 17 minutes </NEW> </PATCH> <PATCH> E04 L025 <OLD> Wednesday ke din subha 8 am ke liye </OLD> <NEW> 17 minutes </NEW> </PATCH>
PPL_1094B3B957D0,<PATCH> E02 L025 <OLD> Saturday aur Sunday ke </OLD> <NEW> aaj </NEW> </PATCH> <PATCH> E03 L035 <OLD> Marques </OLD> <NEW> mujhe </NEW> </PATCH> <PATCH> E04 L010 <OLD> utility bill pay karne ka </OLD> <NEW> kaam ke baad James ko pick up karne ke liye </NEW> </PATCH>
PPL_43DE693E1B1B,<PATCH> E01 L032 <OLD> her know library books ko return karne </OLD> <NEW> uske hisse ka rent abhi dena baaki hai </NEW> </PATCH> <PATCH> E02 L032 <OLD> mai use call kar lungi </OLD> <NEW> uske hisse ka rent abhi dena baaki hai </NEW> </PATCH> <PATCH> E03 L002 <OLD> accountant </OLD> <NEW> Daniel </NEW> </PATCH>
PPL_F1961FC3FD2D,<PATCH> E01 L003 <OLD> flooring company </OLD> <NEW> mere </NEW> </PATCH> <PATCH> E03 L018 <OLD> dikhaen </OLD> <NEW> bataye </NEW> </PATCH> <PATCH> E04 L010 <OLD> meri vitamin lene </OLD> <NEW> dinner </NEW> </PATCH>
PPL_225D63E268D4,<PATCH> E02 L025 <OLD> Saturday shaam ko </OLD> <NEW> Aaj raat </NEW> </PATCH> <PATCH> E03 L052 <OLD> Norfolk UK </OLD> <NEW> Jacksonville </NEW> </PATCH> <PATCH> E04 L025 <OLD> June 16th ke liye </OLD> <NEW> Aaj raat </NEW> </PATCH>
PPL_14F6F68E5AA6,<PATCH> E03 L025 <OLD> September ki 17th ko 9 pm ke liye </OLD> <NEW> Aj </NEW> </PATCH>
PPL_BCA71B5126EE,<PATCH> E01 L010 <OLD> max ke liye present kharidne ke liye </OLD> <NEW> dad </NEW> </PATCH> <PATCH> E02 L010 <OLD> mere shopping list me paper towels aur toilet paper </OLD> <NEW> dad </NEW> </PATCH> <PATCH> E03 L035 <OLD> HR </OLD> <NEW> mera </NEW> </PATCH> <PATCH> E04 L010 <OLD> mera post office box check karne </OLD> <NEW> dad </NEW> </PATCH>
PPL_E291EEB7FCEA,<PATCH> E01 L025 <OLD> alarm bajne se 5 minutes pehle </OLD> <NEW> kal </NEW> </PATCH> <PATCH> E03 L010 <OLD> cars ko change </OLD> <NEW> kids ko pick up karne ka </NEW> </PATCH> <PATCH> E04 L025 <OLD> Is tuesday </OLD> <NEW> kal </NEW> </PATCH>
PPL_C3435A4C92D3,<PATCH> E02 L025 <OLD> abhi se 4 hours tak ke liye </OLD> <NEW> Friday Night </NEW> </PATCH> <PATCH> E03 L025 <OLD> rest of the month ke liye </OLD> <NEW> Friday Night </NEW> </PATCH> <PATCH> E04 L046 <OLD> live jazz music </OLD> <NEW> Political Events </NEW> </PATCH>
PPL_8E6FE3C8811E,<PATCH> E02 L019 <OLD> Mallorca Spain </OLD> <NEW> atlanta </NEW> </PATCH> <PATCH> E03 L049 <OLD> the US </OLD> <NEW> marietta </NEW> </PATCH>
PPL_D531F43E69B9,<PATCH> E02 L025 <OLD> Kal dopahar 2 bajhe </OLD> <NEW> today </NEW> </PATCH> <PATCH> E04 L045 <OLD> temps </OLD> <NEW> icy </NEW> </PATCH>
PPL_4FAA1A4B4DE4,<PATCH> E01 L002 <OLD> Mimi </OLD> <NEW> Jimmy </NEW> </PATCH> <PATCH> E03 L032 <OLD> please party ke liye apna </OLD> <NEW> happy birthday </NEW> </PATCH> <PATCH> E04 L002 <OLD> Bri </OLD> <NEW> Jimmy </NEW> </PATCH>
PPL_2D696389109F,<PATCH> E02 L025 <OLD> Friday morning </OLD> <NEW> abhi </NEW> </PATCH> <PATCH> E03 L052 <OLD> HIGHWAY 75 </OLD> <NEW> New York City </NEW> </PATCH> <PATCH> E04 L025 <OLD> on the 22nd of August </OLD> <NEW> abhi </NEW> </PATCH>
PPL_8FDE08E93270,<PATCH> E02 L052 <OLD> south dakota </OLD> <NEW> Texas </NEW> </PATCH> <PATCH> E04 L025 <OLD> agley Wednesday at 1 pm ke liye Rout 51 </OLD> <NEW> is weekend </NEW> </PATCH>
PPL_A5FAA752E628,<PATCH> E01 L002 <OLD> Lance </OLD> <NEW> Mario </NEW> </PATCH> <PATCH> E02 L042 <OLD> SMS </OLD> <NEW> Mario </NEW> </PATCH> <PATCH> E04 L032 <OLD> church me 2 PM ko rahne </OLD> <NEW> call me back </NEW> </PATCH>
PPL_E2131F2B9756,<PATCH> E03 L002 <OLD> Sandy </OLD> <NEW> Mark </NEW> </PATCH> <PATCH> E04 L002 <OLD> seema </OLD> <NEW> Mark </NEW> </PATCH>
PPL_4344F839DEA7,<PATCH> E01 L025 <OLD> 3 : 00 am me </OLD> <NEW> 5 minutes ke liye </NEW> </PATCH> <PATCH> E02 L048 <OLD> timer suspend </OLD> <NEW> timer </NEW> </PATCH>
PPL_3B0B546CADB9,<PATCH> E01 L025 <OLD> Friday raat 6 : 30 pm ko </OLD> <NEW> aaj </NEW> </PATCH> <PATCH> E02 L045 <OLD> barish </OLD> <NEW> umbrella </NEW> </PATCH> <PATCH> E03 L025 <OLD> subha 6 : 30 baje me </OLD> <NEW> aaj </NEW> </PATCH>
PPL_81D4DD0907B5,<PATCH> E01 L052 <OLD> Banff </OLD> <NEW> I 95 north </NEW> </PATCH> <PATCH> E03 L025 <OLD> 6 : 15 a . m me </OLD> <NEW> aj </NEW> </PATCH>
PPL_A28B00B241E2,<PATCH> E01 L025 <OLD> 9 june ko shaam 7 baje </OLD> <NEW> 20 minutes me </NEW> </PATCH> <PATCH> E02 L036 <OLD> dance practice </OLD> <NEW> time </NEW> </PATCH>
PPL_88B66AD32DFB,<PATCH> E04 L010 <OLD> errand </OLD> <NEW> grocery shopping </NEW> </PATCH>
PPL_0D1B5DD0B324,<PATCH> E01 L032 <OLD> Marsha </OLD> <NEW> Thurway par ek accident hua hai </NEW> </PATCH> <PATCH> E03 L032 <OLD> Hey draft </OLD> <NEW> Thurway par ek accident hua hai </NEW> </PATCH> <PATCH> E04 L032 <OLD> I don ’ t want to take the bus </OLD> <NEW> Thurway par ek accident hua hai </NEW> </PATCH>
PPL_69FC96027B59,<PATCH> E01 L010 <OLD> Ed </OLD> <NEW> mera </NEW> </PATCH> <PATCH> E02 L010 <OLD> fresh batteries laane ke liye </OLD> <NEW> dad ke liye </NEW> </PATCH> <PATCH> E03 L003 <OLD> Amanda </OLD> <NEW> mera </NEW> </PATCH> <PATCH> E04 L018 <OLD> la sakte hai </OLD> <NEW> dikhao </NEW> </PATCH>
PPL_3458402E2FA8,<PATCH> E01 L024 <OLD> traffics </OLD> <NEW> Music Festival </NEW> </PATCH> <PATCH> E02 L024 <OLD> Game Swap Meets </OLD> <NEW> Music Festival </NEW> </PATCH> <PATCH> E04 L052 <OLD> Rock Hill </OLD> <NEW> Cairo </NEW> </PATCH>
PPL_098BD871C211,<PATCH> E01 L048 <OLD> STOPWATCH </OLD> <NEW> timer </NEW> </PATCH> <PATCH> E02 L048 <OLD> new countdown </OLD> <NEW> timer </NEW> </PATCH> <PATCH> E04 L048 <OLD> timer suspend </OLD> <NEW> timer </NEW> </PATCH>
PPL_93AA72A3828D,<PATCH> E02 L010 <OLD> directions lene </OLD> <NEW> mujhe masseuse ke sath one hour appt set karne </NEW> </PATCH> <PATCH> E03 L003 <OLD> Eli </OLD> <NEW> mujhe </NEW> </PATCH>
PPL_58FF779A45C4,<PATCH> E03 L010 <OLD> cake pick up karne ke liye </OLD> <NEW> Plants ko paani </NEW> </PATCH> <PATCH> E04 L010 <OLD> din listed hai </OLD> <NEW> mera </NEW> </PATCH>
PPL_AEF06DC7F67C,<PATCH> E02 L045 <OLD> thunder snow </OLD> <NEW> rain </NEW> </PATCH> <PATCH> E03 L045 <OLD> St Patricks Day 46 </OLD> <NEW> rain </NEW> </PATCH>
PPL_16510551CFC8,<PATCH> E02 L010 <OLD> dinner shuru karne ke liye </OLD> <NEW> mere lawyer ko paperwork fax karne ke liye </NEW> </PATCH> <PATCH> E03 L013 <OLD> har weekday morning ke liye subah 6 baje </OLD> <NEW> Monday ko </NEW> </PATCH>
PPL_E5FB7C605F01,<PATCH> E03 L025 <OLD> Australia day </OLD> <NEW> next week </NEW> </PATCH> <PATCH> E04 L059 <OLD> Jen </OLD> <NEW> emails </NEW> </PATCH>
PPL_53044F67AE92,<PATCH> E01 L002 <OLD> Rodger </OLD> <NEW> Judy </NEW> </PATCH> <PATCH> E02 L032 <OLD> mai aaj dance class me late hojaungi </OLD> <NEW> i just arrived </NEW> </PATCH>
PPL_C5F051C7F180,<PATCH> E01 L010 <OLD> freezer me baaki cookies bake karne </OLD> <NEW> sham 5 baje party </NEW> </PATCH> <PATCH> E04 L010 <OLD> saturday subah 10 baje books ko grab karne </OLD> <NEW> Saturday sham 5 baje ke liye party </NEW> </PATCH>
PPL_26922CF09603,<PATCH> E02 L048 <OLD> thirty minute </OLD> <NEW> timer </NEW> </PATCH> <PATCH> E03 L025 <OLD> Friday subah </OLD> <NEW> 4 ghante ke liye </NEW> </PATCH> <PATCH> E04 L025 <OLD> for Monday at 8 am count down </OLD> <NEW> 4 ghante ke liye </NEW> </PATCH>
PPL_9F565E102C90,<PATCH> E02 L010 <OLD> test lene </OLD> <NEW> buy laundry soap </NEW> </PATCH> <PATCH> E03 L010 <OLD> Special needs mom </OLD> <NEW> Muje test lene </NEW> </PATCH> <PATCH> E04 L010 <OLD> horse club meeting </OLD> <NEW> buy laundry soap </NEW> </PATCH>
PPL_793369184B53,<PATCH> E02 L032 <OLD> she has to go tomorrow </OLD> <NEW> she ' s going to be late </NEW> </PATCH> <PATCH> E03 L032 <OLD> mujhe apko Brock ko batana hai ki wo crazy hai </OLD> <NEW> she ' s going to be late </NEW> </PATCH>
PPL_4C82F2E69A82,<PATCH> E01 L010 <OLD> pool team ke liye 2028 ke liye </OLD> <NEW> Muje Tuesday tak lawnmower gas lane </NEW> </PATCH> <PATCH> E02 L010 <OLD> blood test he </OLD> <NEW> Tuesday tak lawnmower gas lane </NEW> </PATCH> <PATCH> E03 L010 <OLD> meri mom ki birthday party </OLD> <NEW> muje Tuesday tak remind karaye to large </NEW> </PATCH> <PATCH> E04 L010 <OLD> lawnmower gas lane </OLD> <NEW> Tuesday </NEW> </PATCH>
PPL_7C92C8F13670,<PATCH> E02 L002 <OLD> Sonya </OLD> <NEW> freddy </NEW> </PATCH> <PATCH> E03 L032 <OLD> shower is at 1 </OLD> <NEW> Saturday ke liye kya plans </NEW> </PATCH>
PPL_1A06B706E84A,<PATCH> E01 L019 <OLD> ocean city </OLD> <NEW> downtown Boston </NEW> </PATCH> <PATCH> E02 L019 <OLD> LOS ANGELES </OLD> <NEW> Providence </NEW> </PATCH> <PATCH> E03 L019 <OLD> Key Largo </OLD> <NEW> downtown Boston </NEW> </PATCH>
PPL_AA23BCBC9CBF,<PATCH> E02 L025 <OLD> aaj dopahar aur shaam 6 baje ke beech </OLD> <NEW> raat ko 5 baje ko </NEW> </PATCH>
PPL_AE54D0AB74EF,<PATCH> E01 L025 <OLD> timeout timer me </OLD> <NEW> current </NEW> </PATCH> <PATCH> E04 L025 <OLD> agley haftey ko Monday Wednesday aur Friday ko </OLD> <NEW> 3 minutes </NEW> </PATCH>
PPL_24F74177BFF5,<PATCH> E01 L010 <OLD> I am gorgeous ke liye </OLD> <NEW> work meeting </NEW> </PATCH> <PATCH> E02 L023 <OLD> July 11th ko </OLD> <NEW> 9 Monday ko subah 10 baje me </NEW> </PATCH> <PATCH> E04 L023 <OLD> new starting date </OLD> <NEW> 9 Monday ko subah 10 baje me </NEW> </PATCH>
PPL_716D12DB7941,<PATCH> E02 L020 <OLD> Play del carmen </OLD> <NEW> Denver </NEW> </PATCH> <PATCH> E03 L025 <OLD> Agle Sunday </OLD> <NEW> aj raat </NEW> </PATCH> <PATCH> E04 L025 <OLD> december 31st ki midnight ke liye </OLD> <NEW> aj raat </NEW> </PATCH>
PPL_6E1566D8C9AE,<PATCH> E01 L004 <OLD> Hits </OLD> <NEW> music </NEW> </PATCH> <PATCH> E02 L044 <OLD> K - Pop Hits </OLD> <NEW> rock music </NEW> </PATCH>
PPL_ACAEB45179C8,<PATCH> E01 L025 <OLD> Oct 18 </OLD> <NEW> aaj </NEW> </PATCH> <PATCH> E03 L045 <OLD> NORTH </OLD> <NEW> aaj </NEW> </PATCH> <PATCH> E04 L045 <OLD> sunhat </OLD> <NEW> baarish </NEW> </PATCH>
PPL_F56E328D50D2,<PATCH> E01 L048 <OLD> countdown </OLD> <NEW> timer </NEW> </PATCH> <PATCH> E02 L025 <OLD> 7th March ko 1400 baje </OLD> <NEW> 30 minute </NEW> </PATCH> <PATCH> E03 L048 <OLD> buzzer </OLD> <NEW> timer </NEW> </PATCH>
PPL_7B67BCAB523C,<PATCH> E01 L025 <OLD> har saal ke liye </OLD> <NEW> aaj raat 5 baje </NEW> </PATCH> <PATCH> E02 L010 <OLD> seminar </OLD> <NEW> stacy se milne ke liye </NEW> </PATCH>
PPL_B9AD8B70B93B,<PATCH> E02 L025 <OLD> christmas 7 baje ko </OLD> <NEW> Cindy 7 baje </NEW> </PATCH> <PATCH> E03 L025 <OLD> Cindy friday subah </OLD> <NEW> Cindy 7 baje </NEW> </PATCH>
PPL_2ED42B641CF5,<PATCH> E02 L025 <OLD> 9th ki raat ko </OLD> <NEW> aaj </NEW> </PATCH> <PATCH> E03 L025 <OLD> Saturday par dopahar 2 . 30 baje ke liye </OLD> <NEW> aaj </NEW> </PATCH> <PATCH> E04 L025 <OLD> kal raat 7 : 00 baje ke baad </OLD> <NEW> aaj </NEW> </PATCH>
PPL_F0D5D04B2539,<PATCH> E02 L019 <OLD> bowling </OLD> <NEW> drive </NEW> </PATCH> <PATCH> E03 L055 <OLD> bus ride </OLD> <NEW> drive </NEW> </PATCH> <PATCH> E04 L025 <OLD> summer ke mahine me raat ko </OLD> <NEW> dopahar 2 baje ki meeting </NEW> </PATCH>
PPL_66580B9BC63D,<PATCH> E01 L010 <OLD> rex decent hour </OLD> <NEW> Tommy </NEW> </PATCH> <PATCH> E02 L025 <OLD> Friday ko 9 : 30 am ke liye </OLD> <NEW> aaj </NEW> </PATCH>
PPL_FDDAB55B9464,<PATCH> E02 L025 <OLD> Saturday subah 9 bajhe ke liye </OLD> <NEW> is weekend </NEW> </PATCH> <PATCH> E03 L024 <OLD> prom parties </OLD> <NEW> filme dekhne ke liye </NEW> </PATCH>
PPL_D74C7ED7912D,<PATCH> E01 L052 <OLD> Colorado Springs </OLD> <NEW> main street </NEW> </PATCH> <PATCH> E02 L052 <OLD> downtown Saratoga </OLD> <NEW> main street </NEW> </PATCH> <PATCH> E04 L025 <OLD> Wednesday ko subah 6:00 baje ke liye </OLD> <NEW> Abhi </NEW> </PATCH>
PPL_AF123273AB25,<PATCH> E01 L025 <OLD> 3 a . m ke liye counter </OLD> <NEW> 30 minutes ke liye </NEW> </PATCH> <PATCH> E02 L025 <OLD> Jan 30th ko 4 pm ke liye </OLD> <NEW> 30 minutes ke liye </NEW> </PATCH> <PATCH> E03 L048 <OLD> Stopwatch </OLD> <NEW> timer </NEW> </PATCH>
PPL_91EE7400653C,<PATCH> E01 L035 <OLD> Scott </OLD> <NEW> Johnna </NEW> </PATCH> <PATCH> E02 L010 <OLD> car ko inspect </OLD> <NEW> concert </NEW> </PATCH> <PATCH> E03 L025 <OLD> Tuesday ke din 8 baje </OLD> <NEW> teen din pehle </NEW> </PATCH>
PPL_A229AAD039A9,<PATCH> E02 L032 <OLD> I will be late this morning </OLD> <NEW> mujhe apni bike par laao aur mai use theek kardunga. </NEW> </PATCH> <PATCH> E04 L002 <OLD> Marcell </OLD> <NEW> Jim </NEW> </PATCH>
PPL_810A46811D21,<PATCH> E04 L049 <OLD> maryland </OLD> <NEW> san francisco </NEW> </PATCH>
PPL_C4510894DDB5,<PATCH> E01 L010 <OLD> laundry karne </OLD> <NEW> shoe shopping jane ke liye </NEW> </PATCH> <PATCH> E02 L010 <OLD> Facilities committee </OLD> <NEW> mujhe tuesday ko shoe shopping jane ke liye </NEW> </PATCH>
PPL_589922A96990,<PATCH> E01 L025 <OLD> 6 : 48 am ke liye </OLD> <NEW> Kal ke liye </NEW> </PATCH> <PATCH> E04 L025 <OLD> mornings ke liye </OLD> <NEW> Kal ke liye </NEW> </PATCH>
PPL_26B1AC3E8E21,<PATCH> E01 L055 <OLD> ride </OLD> <NEW> drive </NEW> </PATCH> <PATCH> E03 L019 <OLD> Valley Station </OLD> <NEW> LA </NEW> </PATCH>
PPL_3F9FD7BE970B,<PATCH> E02 L025 <OLD> Tuesday subha 7 am ke liye </OLD> <NEW> Is hafte ke liye </NEW> </PATCH>
PPL_62884F1272F0,<PATCH> E01 L024 <OLD> metal concerts </OLD> <NEW> parties </NEW> </PATCH> <PATCH> E02 L025 <OLD> 19 may 2000 ko </OLD> <NEW> new years eve </NEW> </PATCH> <PATCH> E03 L025 <OLD> 20th ko 6 : 30 pm ko </OLD> <NEW> new years eve </NEW> </PATCH>
PPL_11C0EB3AD627,<PATCH> E01 L052 <OLD> Guam </OLD> <NEW> United Kingdom </NEW> </PATCH> <PATCH> E02 L052 <OLD> Kansas City Kansas </OLD> <NEW> United Kingdom </NEW> </PATCH> <PATCH> E03 L025 <OLD> 6 : 45a ke liye </OLD> <NEW> Fathers Day ke liye </NEW> </PATCH>
PPL_D2AFDCFCDD00,<PATCH> E01 L025 <OLD> har mahine ki 30th tareek tak humidity index </OLD> <NEW> aaj </NEW> </PATCH>
PPL_C8DC31EFBED9,<PATCH> E01 L003 <OLD> painting </OLD> <NEW> mujhe </NEW> </PATCH> <PATCH> E02 L010 <OLD> new art exhibit visit </OLD> <NEW> apna homework pura karne </NEW> </PATCH> <PATCH> E03 L010 <OLD> aaj raat 15 minutes pehle apna homework pura karne </OLD> <NEW> apna homework pura karne </NEW> </PATCH>
PPL_4B5E9BBBDF74,<PATCH> E01 L019 <OLD> Singapore </OLD> <NEW> fort lauderdale </NEW> </PATCH> <PATCH> E02 L019 <OLD> Muncie In </OLD> <NEW> miami </NEW> </PATCH>
PPL_B47F06AFB5C5,<PATCH> E01 L032 <OLD> kal overtime </OLD> <NEW> usne photo </NEW> </PATCH> <PATCH> E02 L032 <OLD> is friday tak apna kaam khatam karna hai </OLD> <NEW> usne photo </NEW> </PATCH> <PATCH> E03 L002 <OLD> Vanessa </OLD> <NEW> Nick </NEW> </PATCH> <PATCH> E04 L002 <OLD> Francisco </OLD> <NEW> Nick </NEW> </PATCH>
PPL_13CB6432D809,<PATCH> E01 L010 <OLD> party supplies lene </OLD> <NEW> mere squats karne </NEW> </PATCH> <PATCH> E03 L013 <OLD> every Tuesday night 9 baje </OLD> <NEW> Har subah </NEW> </PATCH> <PATCH> E04 L025 <OLD> thirty minutes ke baad </OLD> <NEW> mere squats karne </NEW> </PATCH>
PPL_C0ABC0C60D52,<PATCH> E01 L004 <OLD> song . </OLD> <NEW> songs </NEW> </PATCH> <PATCH> E02 L054 <OLD> J . Cole </OLD> <NEW> Shakira </NEW> </PATCH> <PATCH> E04 L054 <OLD> grateful deads </OLD> <NEW> Shakira </NEW> </PATCH>
PPL_481A49CB71DA,<PATCH> E01 L033 <OLD> Gainesville </OLD> <NEW> Galloway </NEW> </PATCH> <PATCH> E02 L008 <OLD> Sayreville New Jersey </OLD> <NEW> Galloway </NEW> </PATCH> <PATCH> E03 L025 <OLD> 20 min pehle </OLD> <NEW> next Friday night </NEW> </PATCH> <PATCH> E04 L024 <OLD> showings open </OLD> <NEW> Wine Tasting events </NEW> </PATCH>
PPL_A80E6B6F37A8,<PATCH> E02 L052 <OLD> Lincoln City </OLD> <NEW> dallas </NEW> </PATCH> <PATCH> E04 L045 <OLD> capris </OLD> <NEW> baarish </NEW> </PATCH>
PPL_E470BCC4DB28,<PATCH> E01 L010 <OLD> jab wo aaye toh meri book sath me laaye </OLD> <NEW> wake up </NEW> </PATCH> <PATCH> E03 L010 <OLD> play date </OLD> <NEW> Mere remind kara sakte he to wake up </NEW> </PATCH> <PATCH> E04 L023 <OLD> 3 PM </OLD> <NEW> 6:30 am tomorrow. </NEW> </PATCH>
PPL_8C13F2DDF475,<PATCH> E01 L048 <OLD> Count down </OLD> <NEW> timer </NEW> </PATCH> <PATCH> E02 L025 <OLD> raat 11 baje me </OLD> <NEW> 10 minutes </NEW> </PATCH> <PATCH> E03 L048 <OLD> stopwatch timer </OLD> <NEW> timer </NEW> </PATCH>
PPL_20AAC84B8FDD,<PATCH> E01 L002 <OLD> piano instructor </OLD> <NEW> Arnaud </NEW> </PATCH> <PATCH> E02 L032 <OLD> sorry </OLD> <NEW> Arnaud ko message bhejo jisme likha ho ki Shikantaza </NEW> </PATCH>
PPL_C76B53910F67,<PATCH> E02 L025 <OLD> Is evening 6 pm ke liye </OLD> <NEW> agle mahine </NEW> </PATCH> <PATCH> E03 L024 <OLD> BBQ </OLD> <NEW> festival </NEW> </PATCH> <PATCH> E04 L024 <OLD> Helicopter tours </OLD> <NEW> festival </NEW> </PATCH>
PPL_5AD91411B379,<PATCH> E01 L032 <OLD> the mai family reunion ke liye flyer </OLD> <NEW> what time Olivia ' s birthday party ends </NEW> </PATCH> <PATCH> E03 L002 <OLD> McCoys </OLD> <NEW> june </NEW> </PATCH>
PPL_1EFDB1B106D9,<PATCH> E01 L025 <OLD> winter waha </OLD> <NEW> aaj raat </NEW> </PATCH> <PATCH> E02 L045 <OLD> Weather forecast </OLD> <NEW> baarish </NEW> </PATCH> <PATCH> E04 L045 <OLD> hotter </OLD> <NEW> baarish </NEW> </PATCH>
PPL_56E675FEF057,<PATCH> E03 L025 <OLD> Friday 17th at 8 am </OLD> <NEW> half hour </NEW> </PATCH> <PATCH> E04 L048 <OLD> countdown </OLD> <NEW> timer </NEW> </PATCH>
PPL_7E551A22D763,<PATCH> E01 L025 <OLD> 5 o clock </OLD> <NEW> kal </NEW> </PATCH> <PATCH> E02 L045 <OLD> winter jacket </OLD> <NEW> barish </NEW> </PATCH>
PPL_A219BBC84C0E,<PATCH> E04 L032 <OLD> I have to cancel our date ko add kare </OLD> <NEW> talking about ? to Nicolas </NEW> </PATCH>
PPL_7182D96AB68B,<PATCH> E01 L024 <OLD> High school football events </OLD> <NEW> country music artists </NEW> </PATCH> <PATCH> E03 L033 <OLD> oscars party </OLD> <NEW> concert </NEW> </PATCH> <PATCH> E04 L025 <OLD> Monday subha 8 am aur 9 am ke liye </OLD> <NEW> agle hafte </NEW> </PATCH>
PPL_4281066465D9,<PATCH> E01 L010 <OLD> weekend ke morning book club meeting </OLD> <NEW> Monday August 6th ko 6 pm ko school open house </NEW> </PATCH>
PPL_A5F3E36FA397,<PATCH> E01 L025 <OLD> New Year ' s ke aas paas </OLD> <NEW> aaj </NEW> </PATCH> <PATCH> E02 L045 <OLD> SUNNY </OLD> <NEW> umbrella </NEW> </PATCH> <PATCH> E03 L025 <OLD> 17 minutes me </OLD> <NEW> aaj </NEW> </PATCH> <PATCH> E04 L025 <OLD> 5 pm aur 10 pm ko </OLD> <NEW> aaj </NEW> </PATCH>
PPL_C8AC28AA5A0C,<PATCH> E02 L024 <OLD> candlelight walk </OLD> <NEW> rock concerts </NEW> </PATCH> <PATCH> E04 L052 <OLD> Seychelles </OLD> <NEW> bay area </NEW> </PATCH>
PPL_BAEB39CA563C,<PATCH> E03 L052 <OLD> pichle summer Truro </OLD> <NEW> is weekend Virginia Beach </NEW> </PATCH> <PATCH> E04 L025 <OLD> July 11th ko </OLD> <NEW> is weekend </NEW> </PATCH>
PPL_38BD0A360554,<PATCH> E03 L025 <OLD> 15th June ko 10 am ke liye </OLD> <NEW> 15 minute </NEW> </PATCH> <PATCH> E04 L048 <OLD> mere </OLD> <NEW> timer </NEW> </PATCH>
PPL_ED9889EAFA2B,<PATCH> E01 L048 <OLD> count </OLD> <NEW> timer </NEW> </PATCH> <PATCH> E04 L025 <OLD> 18 : 00 ke liye </OLD> <NEW> 10 minutes me </NEW> </PATCH>
PPL_7D1E7027DE1E,<PATCH> E01 L025 <OLD> from 7 pm </OLD> <NEW> aaj </NEW> </PATCH> <PATCH> E02 L045 <OLD> wind </OLD> <NEW> barf </NEW> </PATCH>
PPL_DEB33CD87F40,<PATCH> E01 L010 <OLD> meri pain medicine lene </OLD> <NEW> grocery list mein coffee aur chicken add </NEW> </PATCH> <PATCH> E02 L010 <OLD> middle school open house aur elementary open house </OLD> <NEW> grocery list mein coffee aur chicken add </NEW> </PATCH> <PATCH> E03 L003 <OLD> religious </OLD> <NEW> mujhe </NEW> </PATCH>
PPL_BB82C3F01A8F,<PATCH> E02 L025 <OLD> Friday ko 2 am ke liye </OLD> <NEW> kal subah </NEW> </PATCH> <PATCH> E03 L052 <OLD> Bradenton </OLD> <NEW> Beijing </NEW> </PATCH>
PPL_7881CD24A35E,<PATCH> E02 L010 <OLD> soccer game ko record karne 4 o clock ko </OLD> <NEW> go to my dentist appointment </NEW> </PATCH>
PPL_38C7E74D1338,<PATCH> E01 L048 <OLD> countdown </OLD> <NEW> timer </NEW> </PATCH> <PATCH> E04 L025 <OLD> Friday subha 8 a . m ke liye </OLD> <NEW> twenty minutes </NEW> </PATCH>
PPL_71E30B8F9E7D,<PATCH> E02 L019 <OLD> Atlantic City aur Chinatown </OLD> <NEW> Portland aur Seattle </NEW> </PATCH>
PPL_69F7F58AEDA3,<PATCH> E01 L025 <OLD> 2017 mei </OLD> <NEW> aaj </NEW> </PATCH> <PATCH> E03 L045 <OLD> kharaab 50 degrees se neeche </OLD> <NEW> rain </NEW> </PATCH> <PATCH> E04 L025 <OLD> aaj 33 </OLD> <NEW> aaj </NEW> </PATCH>
PPL_84A220346736,"<PATCH> E01 L025 <OLD> September 1 , 2018 ko </OLD> <NEW> kal </NEW> </PATCH> <PATCH> E03 L045 <OLD> bus par rehne ke liye </OLD> <NEW> baarish </NEW> </PATCH> <PATCH> E04 L045 <OLD> wind chill </OLD> <NEW> baarish </NEW> </PATCH>"
PPL_1D19993D3A2B,<PATCH> E01 L025 <OLD> aaj se 5 months ke baad </OLD> <NEW> kal raat </NEW> </PATCH> <PATCH> E02 L045 <OLD> sundown </OLD> <NEW> baarish </NEW> </PATCH>
PPL_3429595D7618,<PATCH> E02 L013 <OLD> twice a week ko </OLD> <NEW> har mahine ke pehle din </NEW> </PATCH> <PATCH> E03 L010 <OLD> alarm band karne se pehle nikalne ke liye </OLD> <NEW> mere mortage payment </NEW> </PATCH> <PATCH> E04 L013 <OLD> 3pm ko </OLD> <NEW> din </NEW> </PATCH>
PPL_9B2DF007D0F5,"<PATCH> E01 L025 <OLD> 1 25 me </OLD> <NEW> Aspen , Colorado me </NEW> </PATCH> <PATCH> E02 L045 <OLD> 12 </OLD> <NEW> snowing </NEW> </PATCH> <PATCH> E03 L025 <OLD> 2 hours and 30 minutes ke liye </OLD> <NEW> is saal </NEW> </PATCH>"
PPL_46D1F55E207A,"<PATCH> E02 L052 <OLD> danville , va </OLD> <NEW> London </NEW> </PATCH> <PATCH> E03 L025 <OLD> 5 minute ke andar </OLD> <NEW> Agle hafte </NEW> </PATCH>"
PPL_56A65518DBB0,<PATCH> E01 L045 <OLD> E 470 </OLD> <NEW> garmi </NEW> </PATCH> <PATCH> E02 L045 <OLD> long sleeve shirt </OLD> <NEW> garmi </NEW> </PATCH> <PATCH> E04 L025 <OLD> Fridays ko subah 7 baje ke liye </OLD> <NEW> aaj </NEW> </PATCH>
PPL_37422F044664,<PATCH> E01 L010 <OLD> meri sister ki flight ke liye 9 : 30 PM ko ka </OLD> <NEW> Insecure dekhne sunday </NEW> </PATCH>
PPL_99CC0819932F,<PATCH> E01 L025 <OLD> Monday subah 8 : 00 baje </OLD> <NEW> Aaj raat </NEW> </PATCH> <PATCH> E03 L045 <OLD> likelihood </OLD> <NEW> thand </NEW> </PATCH> <PATCH> E04 L045 <OLD> tanning index </OLD> <NEW> thand </NEW> </PATCH>
PPL_0C19B2D193FF,<PATCH> E01 L052 <OLD> Barstow </OLD> <NEW> Albany </NEW> </PATCH> <PATCH> E04 L024 <OLD> Christmas Spectacular </OLD> <NEW> Eve party </NEW> </PATCH>
PPL_A3730A20C69E,<PATCH> E01 L025 <OLD> agley 5 ghantey </OLD> <NEW> Kal ke liye </NEW> </PATCH> <PATCH> E03 L003 <OLD> cooking class </OLD> <NEW> mere </NEW> </PATCH>
PPL_C77826E42248,<PATCH> E01 L002 <OLD> Scot </OLD> <NEW> Julio </NEW> </PATCH> <PATCH> E03 L002 <OLD> Eli </OLD> <NEW> Julio </NEW> </PATCH> <PATCH> E04 L032 <OLD> mujhse across the street ke cafe me milne </OLD> <NEW> mai saturday dopahar ko khushi se baseball game me jaunga </NEW> </PATCH>
PPL_B1B3144B29EC,<PATCH> E01 L048 <OLD> counter </OLD> <NEW> timers </NEW> </PATCH> <PATCH> E03 L025 <OLD> Kal sham 4 bajhe ke </OLD> <NEW> 20 minutes ke liye </NEW> </PATCH> <PATCH> E04 L048 <OLD> Stopwatch </OLD> <NEW> timers </NEW> </PATCH>
PPL_C2D26C4F8239,<PATCH> E02 L025 <OLD> tuesday subah ke liye </OLD> <NEW> kal dopahar 4 baje </NEW> </PATCH> <PATCH> E03 L010 <OLD> wake up </OLD> <NEW> the soccer team liye hamari pehli practice </NEW> </PATCH> <PATCH> E04 L035 <OLD> Jeri </OLD> <NEW> the soccer team </NEW> </PATCH>
PPL_DC22D9F58645,<PATCH> E02 L052 <OLD> North carolina </OLD> <NEW> Boardman </NEW> </PATCH> <PATCH> E03 L052 <OLD> my area </OLD> <NEW> Boardman </NEW> </PATCH> <PATCH> E04 L025 <OLD> Thursday raat 10 baje </OLD> <NEW> abhi </NEW> </PATCH>
PPL_3F923B147D22,<PATCH> E01 L025 <OLD> kal sham 5 bajhe ke liye 20 minutes ke liye </OLD> <NEW> kal </NEW> </PATCH> <PATCH> E03 L025 <OLD> subah 4 baje ke liye </OLD> <NEW> kal </NEW> </PATCH> <PATCH> E04 L045 <OLD> short sleeve T - shirt </OLD> <NEW> umbrella </NEW> </PATCH>
PPL_2CB2EBDD956E,<PATCH> E02 L025 <OLD> kal 7 am ke liye </OLD> <NEW> 8 minutes aur 10 seconds ke liye </NEW> </PATCH> <PATCH> E03 L048 <OLD> snooze </OLD> <NEW> timer </NEW> </PATCH> <PATCH> E04 L048 <OLD> STOPWATCH </OLD> <NEW> timer </NEW> </PATCH>
PPL_854BFC7CCEDB,<PATCH> E01 L032 <OLD> how was the ceremony </OLD> <NEW> I don ' t think so. </NEW> </PATCH> <PATCH> E02 L002 <OLD> Lauryn </OLD> <NEW> Lisa </NEW> </PATCH>
PPL_285816464F98,"<PATCH> E01 L025 <OLD> March , 2018 me </OLD> <NEW> aaj </NEW> </PATCH> <PATCH> E02 L025 <OLD> Friday subah </OLD> <NEW> aaj </NEW> </PATCH> <PATCH> E03 L045 <OLD> SPF </OLD> <NEW> humindity </NEW> </PATCH> <PATCH> E04 L025 <OLD> kal subah 8 bajhe ke liye </OLD> <NEW> aaj </NEW> </PATCH>"
PPL_E86D3A1FF590,<PATCH> E01 L049 <OLD> branson </OLD> <NEW> DC </NEW> </PATCH> <PATCH> E04 L019 <OLD> Crater Lake </OLD> <NEW> Seattle </NEW> </PATCH>
PPL_E98E9FA99E52,"<PATCH> E01 L025 <OLD> May 15th , evening me </OLD> <NEW> 15 minutes me </NEW> </PATCH> <PATCH> E03 L048 <OLD> Thursday subah 6 bajhe ke liye clock </OLD> <NEW> 15 minutes me </NEW> </PATCH>"
PPL_7CBC2EA92F17,<PATCH> E02 L010 <OLD> saturday subah 6 baje ko baseball game </OLD> <NEW> car dhone </NEW> </PATCH> <PATCH> E03 L003 <OLD> Joel </OLD> <NEW> mujhe </NEW> </PATCH> <PATCH> E04 L010 <OLD> lunch ke liye mile </OLD> <NEW> car dhone </NEW> </PATCH>
PPL_4F9A100DC3E9,<PATCH> E01 L025 <OLD> kal sham 4 : 45 ke liye </OLD> <NEW> midnight se pehle </NEW> </PATCH> <PATCH> E02 L003 <OLD> GAB families </OLD> <NEW> mujhe </NEW> </PATCH> <PATCH> E03 L010 <OLD> Emerson ko visit karne ke liye </OLD> <NEW> meri dawa peene ke liye </NEW> </PATCH> <PATCH> E04 L003 <OLD> work team </OLD> <NEW> mujhe </NEW> </PATCH>
PPL_ACD1B938B974,<PATCH> E01 L032 <OLD> mujhe kids ko pick up karne ki zarurat hai </OLD> <NEW> when she will get here </NEW> </PATCH> <PATCH> E02 L032 <OLD> i worry about you </OLD> <NEW> when she will get here </NEW> </PATCH> <PATCH> E03 L002 <OLD> Carl White </OLD> <NEW> Kim </NEW> </PATCH> <PATCH> E04 L032 <OLD> mai plan se pehle pahunch jaunga </OLD> <NEW> when she will get here </NEW> </PATCH>
PPL_BBBBB0A193E9,<PATCH> E02 L024 <OLD> November 18 ke liye koi County fair </OLD> <NEW> aaj raat </NEW> </PATCH>
PPL_4A60BF1DFEA6,<PATCH> E01 L025 <OLD> neal subah 6 30 bajhe </OLD> <NEW> mere weekend </NEW> </PATCH>
PPL_98D5E99F0518,<PATCH> E02 L052 <OLD> highway 59 </OLD> <NEW> Chicago </NEW> </PATCH> <PATCH> E03 L025 <OLD> agley 3 hafton ke liye </OLD> <NEW> aaj </NEW> </PATCH> <PATCH> E04 L025 <OLD> 7 a . m tak </OLD> <NEW> aaj </NEW> </PATCH>
PPL_C5EDDDA3172E,<PATCH> E01 L045 <OLD> parka </OLD> <NEW> sunny </NEW> </PATCH> <PATCH> E03 L052 <OLD> Sussex </OLD> <NEW> dallas </NEW> </PATCH> <PATCH> E04 L052 <OLD> PHOENIX </OLD> <NEW> dallas </NEW> </PATCH>
PPL_A30CB5605542,<PATCH> E02 L025 <OLD> Tuesday 3 pm ko </OLD> <NEW> baadme </NEW> </PATCH> <PATCH> E03 L025 <OLD> aj raat 5 bajhe </OLD> <NEW> baadme </NEW> </PATCH> <PATCH> E04 L045 <OLD> 28 </OLD> <NEW> umbrella </NEW> </PATCH>
PPL_EAA576377E5D,<PATCH> E01 L025 <OLD> Aaj raat 6 : 00 baje </OLD> <NEW> 10 minutes ke liye </NEW> </PATCH> <PATCH> E02 L036 <OLD> mile bhaagne ke liye timer ko 5 minutes ke liye </OLD> <NEW> 10 minutes ke liye </NEW> </PATCH> <PATCH> E03 L048 <OLD> resume </OLD> <NEW> timer </NEW> </PATCH>
PPL_D45EFF373DE8,<PATCH> E01 L010 <OLD> mammogram lene ke liye </OLD> <NEW> hair cut </NEW> </PATCH> <PATCH> E03 L047 <OLD> old </OLD> <NEW> hair </NEW> </PATCH>
PPL_2BFB50CF2B1C,<PATCH> E01 L025 <OLD> agle Thursday shaam </OLD> <NEW> aaj </NEW> </PATCH> <PATCH> E02 L045 <OLD> flash flooding </OLD> <NEW> sweater </NEW> </PATCH> <PATCH> E03 L045 <OLD> pollen COUNT </OLD> <NEW> sweater </NEW> </PATCH> <PATCH> E04 L025 <OLD> arvo me </OLD> <NEW> aaj </NEW> </PATCH>
PPL_0B994436DCCF,<PATCH> E01 L045 <OLD> freeze </OLD> <NEW> garmi </NEW> </PATCH> <PATCH> E02 L045 <OLD> swimming costume </OLD> <NEW> garmi </NEW> </PATCH> <PATCH> E03 L025 <OLD> 5 : 30 PM ke liye </OLD> <NEW> aj </NEW> </PATCH> <PATCH> E04 L025 <OLD> aj subah 10 bajeke </OLD> <NEW> aj </NEW> </PATCH>
PPL_5247CD99A169,<PATCH> E01 L032 <OLD> we ' re having spaghetti </OLD> <NEW> the charity event is set for December 2 ke saath </NEW> </PATCH> <PATCH> E02 L032 <OLD> wo party friday ke liye jaaraha hai </OLD> <NEW> the charity event is set for December 2 ke saath </NEW> </PATCH>
PPL_5646865D8402,<PATCH> E01 L045 <OLD> chaata </OLD> <NEW> baarish </NEW> </PATCH> <PATCH> E02 L025 <OLD> Saturday week ' s 2 pm </OLD> <NEW> aaj </NEW> </PATCH> <PATCH> E03 L045 <OLD> snow boots </OLD> <NEW> baarish </NEW> </PATCH> <PATCH> E04 L045 <OLD> perpetual lightning storm down </OLD> <NEW> baarish </NEW> </PATCH>
PPL_540FD6E356CC,<PATCH> E01 L003 <OLD> Event committee </OLD> <NEW> maine </NEW> </PATCH> <PATCH> E02 L003 <OLD> Sally </OLD> <NEW> maine </NEW> </PATCH> <PATCH> E03 L025 <OLD> 18 : 30 ke liye </OLD> <NEW> aaj ke liye </NEW> </PATCH> <PATCH> E04 L025 <OLD> 5th ko subha 8 baje </OLD> <NEW> aaj ke liye </NEW> </PATCH>
PPL_FB5C7C150F8E,<PATCH> E01 L045 <OLD> SUNDAY 2 PM ke liye mujhe 99 </OLD> <NEW> umbrella </NEW> </PATCH> <PATCH> E04 L045 <OLD> projections </OLD> <NEW> umbrella </NEW> </PATCH>
PPL_E4365AF29F81,<PATCH> E02 L010 <OLD> clay guild </OLD> <NEW> Theresa shopping plans </NEW> </PATCH> <PATCH> E03 L010 <OLD> Malanie ka birthday present kharidne ke liye </OLD> <NEW> Theresa shopping plans </NEW> </PATCH>
PPL_5C09313612AB,<PATCH> E01 L048 <OLD> Coutndown </OLD> <NEW> timer </NEW> </PATCH> <PATCH> E03 L025 <OLD> April ke mahine </OLD> <NEW> 5 </NEW> </PATCH>
PPL_86CECAD27262,<PATCH> E01 L025 <OLD> Tuesday 22nd at 7 pm ke liye </OLD> <NEW> 40 minutes ke liye </NEW> </PATCH> <PATCH> E02 L025 <OLD> at 245 tomorrow </OLD> <NEW> 40 minutes ke liye </NEW> </PATCH> <PATCH> E03 L048 <OLD> stopwatch timer </OLD> <NEW> timer </NEW> </PATCH>
PPL_827E9F310BB1,<PATCH> E01 L052 <OLD> kal dopaher 2 bajhe ke liye brandon </OLD> <NEW> Thanksgiving par Chicago </NEW> </PATCH>
PPL_A1CE27A193FD,<PATCH> E01 L025 <OLD> Saturday aur Sunday 9 pm ke liye </OLD> <NEW> kal 11:08 am ko </NEW> </PATCH> <PATCH> E02 L003 <OLD> Bobby </OLD> <NEW> Mujhe </NEW> </PATCH> <PATCH> E03 L010 <OLD> dog ke toenails clip karne </OLD> <NEW> Seager ki flight </NEW> </PATCH>
PPL_BE4DB0B8C022,<PATCH> E02 L025 <OLD> after 6 PM </OLD> <NEW> Christmas weekend </NEW> </PATCH> <PATCH> E03 L025 <OLD> evening me </OLD> <NEW> Christmas weekend </NEW> </PATCH> <PATCH> E04 L025 <OLD> 380 mein </OLD> <NEW> San Antonio me </NEW> </PATCH>
PPL_600E56F7766B,<PATCH> E02 L025 <OLD> har 3 minutes ke liye 15 minutes </OLD> <NEW> Christmas </NEW> </PATCH> <PATCH> E03 L052 <OLD> Rowlett </OLD> <NEW> Columbia </NEW> </PATCH>
PPL_7FBE588F0BA9,<PATCH> E01 L025 <OLD> April se </OLD> <NEW> subah 5 baje </NEW> </PATCH> <PATCH> E02 L025 <OLD> aaj shaam 6 baje ke liye </OLD> <NEW> subah 5 baje </NEW> </PATCH> <PATCH> E03 L025 <OLD> aj raat 12 bajhe ke liye </OLD> <NEW> subah 5 baje </NEW> </PATCH>
PPL_8708B943D481,"<PATCH> E01 L052 <OLD> beltway </OLD> <NEW> Birmingham </NEW> </PATCH> <PATCH> E03 L025 <OLD> Saturday ko 8 am aur 9 am ke liye </OLD> <NEW> Aaj raat </NEW> </PATCH> <PATCH> E04 L052 <OLD> Gulfport , MS </OLD> <NEW> Birmingham </NEW> </PATCH>"
PPL_948195C67B8A,<PATCH> E01 L025 <OLD> kal sham 7 bajhe </OLD> <NEW> aj </NEW> </PATCH> <PATCH> E04 L045 <OLD> pollen count </OLD> <NEW> barf </NEW> </PATCH>
PPL_E7D0EDACAC80,<PATCH> E03 L048 <OLD> timing </OLD> <NEW> timer </NEW> </PATCH> <PATCH> E04 L025 <OLD> 8 . 30 am aur 4 pm </OLD> <NEW> 5 minutes tak </NEW> </PATCH>
PPL_EA49340FADEE,<PATCH> E01 L045 <OLD> garam </OLD> <NEW> humidity </NEW> </PATCH> <PATCH> E02 L025 <OLD> agley 15 minutes ke liye </OLD> <NEW> Aaj ke liye </NEW> </PATCH> <PATCH> E03 L025 <OLD> friday raat tak </OLD> <NEW> Aaj ke liye </NEW> </PATCH> <PATCH> E04 L025 <OLD> kal subha 5 baje ke liye </OLD> <NEW> Aaj ke liye </NEW> </PATCH>
PPL_A3BC11199137,<PATCH> E01 L023 <OLD> tuesday </OLD> <NEW> 3pm ke liye </NEW> </PATCH> <PATCH> E02 L010 <OLD> meri oil changed karne ke liye </OLD> <NEW> Tristan uski algebra tutoring appointment ko miss nahi karsakta ke liye </NEW> </PATCH>
PPL_2F249026788E,<PATCH> E01 L025 <OLD> 3 : 33 p ke liye </OLD> <NEW> is weekend </NEW> </PATCH> <PATCH> E02 L052 <OLD> Caribbeans </OLD> <NEW> Poughkeepsie </NEW> </PATCH>
PPL_EE2D658825FC,<PATCH> E03 L045 <OLD> aaj </OLD> <NEW> cloudy </NEW> </PATCH> <PATCH> E04 L052 <OLD> Jericho Turnpike </OLD> <NEW> baahar </NEW> </PATCH>
PPL_51B411729386,<PATCH> E01 L048 <OLD> times </OLD> <NEW> timer </NEW> </PATCH> <PATCH> E02 L048 <OLD> samai </OLD> <NEW> timer </NEW> </PATCH> <PATCH> E03 L048 <OLD> timing </OLD> <NEW> timer </NEW> </PATCH> <PATCH> E04 L025 <OLD> 25 of May </OLD> <NEW> 30 seconds ke liye </NEW> </PATCH>
PPL_7CAB1BD405DA,"<PATCH> E01 L014 <OLD> timing shuru kare 12:00 baje ke liye </OLD> <NEW> time </NEW> </PATCH> <PATCH> E02 L048 <OLD> time midnight ko </OLD> <NEW> time </NEW> </PATCH> <PATCH> E03 L025 <OLD> than Saturday </OLD> <NEW> midnight ko </NEW> </PATCH> <PATCH> E04 L048 <OLD> timer, </OLD> <NEW> time </NEW> </PATCH>"
PPL_F64799555866,<PATCH> E01 L052 <OLD> Oak Forest </OLD> <NEW> Orlando </NEW> </PATCH> <PATCH> E03 L025 <OLD> 25th March </OLD> <NEW> agle hafte </NEW> </PATCH> <PATCH> E04 L024 <OLD> salsa classes </OLD> <NEW> pictures </NEW> </PATCH>
PPL_28DED7EBBF85,<PATCH> E01 L010 <OLD> Aaj dopahar break lene ke liye </OLD> <NEW> do ghante me agley haftey ke liye </NEW> </PATCH> <PATCH> E02 L025 <OLD> on Sunday afternoon </OLD> <NEW> do ghante me </NEW> </PATCH> <PATCH> E03 L003 <OLD> Lucas </OLD> <NEW> Mujhe </NEW> </PATCH> <PATCH> E04 L023 <OLD> agley haftey ke liye </OLD> <NEW> do ghante me break lene ke liye </NEW> </PATCH>
PPL_68C0C2E35911,<PATCH> E01 L052 <OLD> Sioux falls </OLD> <NEW> san francisco </NEW> </PATCH>
PPL_AD734573C95D,"<PATCH> E02 L025 <OLD> 90 minute ke liye </OLD> <NEW> 25 minutes ke liye </NEW> </PATCH> <PATCH> E03 L048 <OLD> timer, </OLD> <NEW> timer </NEW> </PATCH>"
PPL_8F609E22644B,<PATCH> E01 L019 <OLD> knoxville </OLD> <NEW> San Antonio </NEW> </PATCH> <PATCH> E04 L049 <OLD> Biloxi </OLD> <NEW> Detroit </NEW> </PATCH>
PPL_A08F32A19BFD,<PATCH> E02 L032 <OLD> mai 830 pm ko uske ghar par rahunga </OLD> <NEW> I ' ll see her in fifteen minutes. </NEW> </PATCH>
PPL_E0627D59141C,<PATCH> E01 L004 <OLD> catalogue </OLD> <NEW> music </NEW> </PATCH> <PATCH> E02 L004 <OLD> Radio station </OLD> <NEW> music </NEW> </PATCH> <PATCH> E03 L044 <OLD> eighties </OLD> <NEW> 80 </NEW> </PATCH>
PPL_CE3B6BD63F00,<PATCH> E01 L052 <OLD> 19 </OLD> <NEW> Accra </NEW> </PATCH> <PATCH> E02 L025 <OLD> pichle 30 dino ke </OLD> <NEW> kal </NEW> </PATCH> <PATCH> E04 L025 <OLD> 23rd ke liye </OLD> <NEW> kal </NEW> </PATCH>
PPL_FC9779E97D09,<PATCH> E01 L025 <OLD> subah 2 : 30 bajhe </OLD> <NEW> kal </NEW> </PATCH> <PATCH> E04 L003 <OLD> Sonny </OLD> <NEW> Muje </NEW> </PATCH>
PPL_BEBAC7401319,<PATCH> E03 L025 <OLD> is friday ke liye </OLD> <NEW> is mahine </NEW> </PATCH> <PATCH> E04 L024 <OLD> oscars party </OLD> <NEW> Concerts </NEW> </PATCH>
PPL_AC13D0F02B09,<PATCH> E01 L032 <OLD> I hope you do well on the test today </OLD> <NEW> Are you okey </NEW> </PATCH> <PATCH> E03 L032 <OLD> Get yourself together </OLD> <NEW> Are you okey </NEW> </PATCH>
PPL_2FF3ADFA66C5,<PATCH> E02 L025 <OLD> 1 aur half hours </OLD> <NEW> Kal </NEW> </PATCH> <PATCH> E03 L045 <OLD> texas gloves </OLD> <NEW> hot </NEW> </PATCH> <PATCH> E04 L052 <OLD> redmond WA </OLD> <NEW> texas </NEW> </PATCH>
PPL_D33C13C1D09C,<PATCH> E01 L019 <OLD> Jupiter </OLD> <NEW> new york city </NEW> </PATCH>
PPL_BB6D6ED6BCF4,<PATCH> E01 L025 <OLD> Saturday 8 pm </OLD> <NEW> 8 baje </NEW> </PATCH> <PATCH> E03 L048 <OLD> mere </OLD> <NEW> timer </NEW> </PATCH> <PATCH> E04 L048 <OLD> count down </OLD> <NEW> timer </NEW> </PATCH>
PPL_E5F0EFB072BF,<PATCH> E01 L045 <OLD> heatstroke </OLD> <NEW> rain </NEW> </PATCH> <PATCH> E03 L025 <OLD> kal 8 . 30 aur 9 . 30 ke liye </OLD> <NEW> aaj raat </NEW> </PATCH>
PPL_B9C9EAF052A7,"<PATCH> E01 L052 <OLD> Fort Myers , FL </OLD> <NEW> seattle </NEW> </PATCH> <PATCH> E03 L045 <OLD> gila </OLD> <NEW> baarish </NEW> </PATCH>"
PPL_0B53169E8145,<PATCH> E01 L025 <OLD> july mei </OLD> <NEW> Aaj ke liye </NEW> </PATCH> <PATCH> E03 L045 <OLD> sprinkling </OLD> <NEW> rain </NEW> </PATCH> <PATCH> E04 L045 <OLD> firewood </OLD> <NEW> rain </NEW> </PATCH>
PPL_AD9574839DF4,<PATCH> E01 L010 <OLD> bread khareedne </OLD> <NEW> Netflix se Hulu me swich </NEW> </PATCH> <PATCH> E02 L003 <OLD> Keto </OLD> <NEW> Muje </NEW> </PATCH> <PATCH> E03 L025 <OLD> Kal dopahar 12 baje </OLD> <NEW> Aaj shaam 6 baje </NEW> </PATCH>
PPL_6FF1F5070F2B,<PATCH> E01 L010 <OLD> skiing class is </OLD> <NEW> mere car me oil badalne ke liye </NEW> </PATCH> <PATCH> E03 L025 <OLD> Jason 830 pm me </OLD> <NEW> aaj dopahar 3 baje </NEW> </PATCH>
PPL_799C7BBB9A03,<PATCH> E01 L025 <OLD> aj shaam 4 bajhe </OLD> <NEW> 60 minutes ke liye </NEW> </PATCH> <PATCH> E02 L048 <OLD> stopwatch timer </OLD> <NEW> timer </NEW> </PATCH> <PATCH> E03 L025 <OLD> pichli wednesday se </OLD> <NEW> 60 minutes ke liye </NEW> </PATCH>
PPL_103D41DACA6A,<PATCH> E01 L010 <OLD> soap lene </OLD> <NEW> Hamare </NEW> </PATCH> <PATCH> E02 L010 <OLD> Darren ke visiting times </OLD> <NEW> Hamare shampoo aur soap lene </NEW> </PATCH> <PATCH> E04 L010 <OLD> book club girl scout </OLD> <NEW> Hamare shampoo aur soap lene </NEW> </PATCH>
PPL_F42C55C7D3A9,<PATCH> E01 L025 <OLD> kal sham 5 baje 20 minutes ke liye Winter Fest </OLD> <NEW> agley haftey sporting </NEW> </PATCH> <PATCH> E04 L008 <OLD> The Strip </OLD> <NEW> Keller High School </NEW> </PATCH>
PPL_436A702511F0,<PATCH> E01 L007 <OLD> devotional musical </OLD> <NEW> happy </NEW> </PATCH>
PPL_B8D118245B3F,<PATCH> E02 L010 <OLD> Krissy ko monday dopahar Maddie ko pick karne ka </OLD> <NEW> mujhe monday dopahar fridge saaf </NEW> </PATCH>
PPL_E68AB310EAB4,"<PATCH> E01 L019 <OLD> St Louis </OLD> <NEW> tampa </NEW> </PATCH> <PATCH> E02 L019 <OLD> China </OLD> <NEW> tampa </NEW> </PATCH> <PATCH> E04 L049 <OLD> Wilmington , NC </OLD> <NEW> bradenton </NEW> </PATCH>"
PPL_5C04E6F3C1F7,<PATCH> E02 L025 <OLD> to Wednesday night at 7 pm </OLD> <NEW> Next weekend </NEW> </PATCH> <PATCH> E03 L052 <OLD> Fredonia </OLD> <NEW> detroit </NEW> </PATCH>
PPL_61FE82DD4C6F,<PATCH> E01 L025 <OLD> Chanukah ke eight days ke doraan </OLD> <NEW> 4 minutes ke baad </NEW> </PATCH> <PATCH> E02 L025 <OLD> 19 : 45 </OLD> <NEW> 4 minutes ke baad </NEW> </PATCH> <PATCH> E03 L048 <OLD> count </OLD> <NEW> timer </NEW> </PATCH> <PATCH> E04 L048 <OLD> clock </OLD> <NEW> timer </NEW> </PATCH>
PPL_56470DFF9E71,<PATCH> E01 L052 <OLD> New York </OLD> <NEW> clark county wAShington </NEW> </PATCH> <PATCH> E02 L052 <OLD> Paris </OLD> <NEW> clark county wAShington </NEW> </PATCH> <PATCH> E03 L024 <OLD> boston marathon </OLD> <NEW> Toy drives </NEW> </PATCH> <PATCH> E04 L052 <OLD> kal </OLD> <NEW> clark county wAShington </NEW> </PATCH>
PPL_10907E545F71,<PATCH> E01 L010 <OLD> Dave ke gig </OLD> <NEW> bank deposit ko drop off karne ke liye </NEW> </PATCH> <PATCH> E02 L010 <OLD> dry cleaning ko chodhne </OLD> <NEW> bank deposit ko drop off karne ke liye </NEW> </PATCH> <PATCH> E03 L010 <OLD> Kardashians dekhna chahta hoon lekin Dunkin </OLD> <NEW> bank deposit ko drop off karne ke liye </NEW> </PATCH>
PPL_50214DBEFDA2,<PATCH> E01 L002 <OLD> Delores </OLD> <NEW> Harriet </NEW> </PATCH> <PATCH> E03 L002 <OLD> Clara </OLD> <NEW> Harriet </NEW> </PATCH> <PATCH> E04 L032 <OLD> mai 8 baje nurse ki meeting </OLD> <NEW> me bahar pohoch gaya hu </NEW> </PATCH>
PPL_85027AABCB1C,<PATCH> E01 L025 <OLD> thursday morning ko subah 9 baje </OLD> <NEW> 8 baje ko </NEW> </PATCH> <PATCH> E03 L010 <OLD> Dave ke gig </OLD> <NEW> sone jaane ke liye tayyar hone </NEW> </PATCH>
PPL_5BAF62127482,<PATCH> E02 L025 <OLD> ek week ke liye </OLD> <NEW> thand </NEW> </PATCH> <PATCH> E04 L025 <OLD> August 28th ko 5 pm ko </OLD> <NEW> aaj raat </NEW> </PATCH>
PPL_682ADBE4D065,<PATCH> E01 L010 <OLD> groceries laane </OLD> <NEW> chore </NEW> </PATCH> <PATCH> E02 L025 <OLD> 2018 ke beginning me </OLD> <NEW> subah 9 baje se pehle </NEW> </PATCH> <PATCH> E03 L047 <OLD> poore </OLD> <NEW> sabhi </NEW> </PATCH>
PPL_B2FA3CD088F1,<PATCH> E01 L052 <OLD> Finland </OLD> <NEW> Piedmont Park </NEW> </PATCH> <PATCH> E02 L052 <OLD> Amazon forest </OLD> <NEW> Piedmont Park </NEW> </PATCH> <PATCH> E03 L025 <OLD> 7 A . M </OLD> <NEW> last year is time par </NEW> </PATCH> <PATCH> E04 L025 <OLD> 30 minutes pehle </OLD> <NEW> last year is time par </NEW> </PATCH>
PPL_7258B060E12A,<PATCH> E01 L047 <OLD> 4 </OLD> <NEW> sabhi </NEW> </PATCH> <PATCH> E02 L010 <OLD> neighbor ke cat ko feed </OLD> <NEW> audition dates </NEW> </PATCH> <PATCH> E03 L025 <OLD> Thursday 5 : 30 am ko </OLD> <NEW> October </NEW> </PATCH> <PATCH> E04 L010 <OLD> October dryer se clothes pickup karne </OLD> <NEW> October ke liye audition dates </NEW> </PATCH>
PPL_0AA7B23A1752,"<PATCH> E01 L025 <OLD> Fall me </OLD> <NEW> 15 minutes ke liye </NEW> </PATCH> <PATCH> E02 L048 <OLD> timer, </OLD> <NEW> timer </NEW> </PATCH> <PATCH> E03 L025 <OLD> 2 hours </OLD> <NEW> 15 minutes ke liye </NEW> </PATCH>"
PPL_C14085887270,<PATCH> E01 L052 <OLD> 60 freeway </OLD> <NEW> Houston </NEW> </PATCH> <PATCH> E02 L024 <OLD> the Native American Arts Festival </OLD> <NEW> Christmas plays </NEW> </PATCH> <PATCH> E03 L025 <OLD> Tuesday ko 6 am aur 6 pm ke liye </OLD> <NEW> Christmas </NEW> </PATCH> <PATCH> E04 L052 <OLD> Longview </OLD> <NEW> Houston </NEW> </PATCH>
PPL_015A4839F771,<PATCH> E01 L052 <OLD> Rochester </OLD> <NEW> Atlantic </NEW> </PATCH> <PATCH> E02 L052 <OLD> ICELAND </OLD> <NEW> Atlantic </NEW> </PATCH> <PATCH> E03 L052 <OLD> u . s . 23 </OLD> <NEW> Atlantic </NEW> </PATCH> <PATCH> E04 L045 <OLD> wet </OLD> <NEW> toofaan </NEW> </PATCH>
PPL_3C358ECDE661,<PATCH> E02 L048 <OLD> bread timeout </OLD> <NEW> timer </NEW> </PATCH> <PATCH> E04 L025 <OLD> August 25 se pehle </OLD> <NEW> 10 minutes </NEW> </PATCH>
PPL_7BD3E1503344,<PATCH> E01 L048 <OLD> countdown timer </OLD> <NEW> timer </NEW> </PATCH> <PATCH> E02 L025 <OLD> abhi se 8 minutes ke liye </OLD> <NEW> 15 minutes ke liye </NEW> </PATCH>
PPL_FCD952F0D963,<PATCH> E01 L025 <OLD> August 26th ko subah 6 baje ke liye </OLD> <NEW> 2 hours and 45 minutes </NEW> </PATCH> <PATCH> E02 L025 <OLD> January 4th ke liye </OLD> <NEW> 2 hours and 45 minutes </NEW> </PATCH> <PATCH> E03 L025 <OLD> resume me </OLD> <NEW> second </NEW> </PATCH> <PATCH> E04 L057 <OLD> Next </OLD> <NEW> second </NEW> </PATCH>
PPL_C97255725507,<PATCH> E01 L048 <OLD> stopwatch timer </OLD> <NEW> timer </NEW> </PATCH> <PATCH> E02 L048 <OLD> Timers </OLD> <NEW> timer </NEW> </PATCH> <PATCH> E03 L025 <OLD> walking ke liye </OLD> <NEW> 9 baje </NEW> </PATCH>
PPL_81C6AA3C6115,<PATCH> E01 L058 <OLD> kilometers </OLD> <NEW> miles </NEW> </PATCH> <PATCH> E02 L019 <OLD> Prescott </OLD> <NEW> Seattle </NEW> </PATCH> <PATCH> E04 L019 <OLD> newport </OLD> <NEW> New York </NEW> </PATCH>
PPL_E4AD548B1147,<PATCH> E02 L045 <OLD> 1st </OLD> <NEW> baarish </NEW> </PATCH> <PATCH> E03 L045 <OLD> 4:00 baje open shoes </OLD> <NEW> baarish </NEW> </PATCH> <PATCH> E04 L045 <OLD> winter jacket </OLD> <NEW> baarish </NEW> </PATCH>
PPL_A8A03B13A4B3,<PATCH> E01 L002 <OLD> Wade </OLD> <NEW> Jamie </NEW> </PATCH> <PATCH> E04 L032 <OLD> the new books have been shipped </OLD> <NEW> bacchhe aur me dopahar ke aas pass vaha honge. </NEW> </PATCH>
PPL_D5B874183A55,<PATCH> E03 L025 <OLD> bart 5 minuter aur me </OLD> <NEW> aj raat </NEW> </PATCH>
PPL_BEE9C92B466C,<PATCH> E01 L003 <OLD> class </OLD> <NEW> fish ko feed </NEW> </PATCH> <PATCH> E02 L010 <OLD> holiday parties </OLD> <NEW> fish ko feed </NEW> </PATCH> <PATCH> E04 L003 <OLD> horse club </OLD> <NEW> fish ko feed </NEW> </PATCH>
PPL_321204791943,<PATCH> E01 L010 <OLD> freezer me baaki cookies bake karne </OLD> <NEW> check my schedule at Dillards next week </NEW> </PATCH>
PPL_EAC9B0C1446F,<PATCH> E03 L002 <OLD> Bennett </OLD> <NEW> nanny </NEW> </PATCH> <PATCH> E04 L032 <OLD> please party ke liye apna potato salad </OLD> <NEW> she has to be here at seven pm </NEW> </PATCH>
PPL_B626CE421128,<PATCH> E03 L038 <OLD> leather </OLD> <NEW> garmi </NEW> </PATCH> <PATCH> E04 L052 <OLD> centennial hills </OLD> <NEW> Death Valley </NEW> </PATCH>
PPL_927A17834A31,<PATCH> E02 L010 <OLD> bike ride </OLD> <NEW> mere dogs ki grooming appointment </NEW> </PATCH> <PATCH> E04 L025 <OLD> 1 : 30 p . m ke liye </OLD> <NEW> Saturday ko </NEW> </PATCH>
PPL_134C3FFE15C8,<PATCH> E02 L045 <OLD> Lake effect snow </OLD> <NEW> winter hat </NEW> </PATCH> <PATCH> E04 L052 <OLD> Sandy </OLD> <NEW> Penfield </NEW> </PATCH>
PPL_1B6D82FD4625,<PATCH> E01 L048 <OLD> timer . </OLD> <NEW> timer </NEW> </PATCH> <PATCH> E02 L057 <OLD> 7 . </OLD> <NEW> 20 minute </NEW> </PATCH> <PATCH> E03 L048 <OLD> timing </OLD> <NEW> timer </NEW> </PATCH>
PPL_77851289891C,<PATCH> E01 L025 <OLD> Id el Fitr ke din </OLD> <NEW> is saal </NEW> </PATCH> <PATCH> E03 L025 <OLD> route 104 par </OLD> <NEW> is saal </NEW> </PATCH> <PATCH> E04 L038 <OLD> toboggan </OLD> <NEW> coldest </NEW> </PATCH>
PPL_8A9E0CAFFF08,<PATCH> E01 L045 <OLD> drizzle </OLD> <NEW> jacket </NEW> </PATCH> <PATCH> E02 L025 <OLD> Saturday 2 bajhe ke liye </OLD> <NEW> aaj </NEW> </PATCH> <PATCH> E03 L045 <OLD> wellies </OLD> <NEW> jacket </NEW> </PATCH> <PATCH> E04 L045 <OLD> chata </OLD> <NEW> jacket </NEW> </PATCH>
PPL_4A9DDDD2F1B5,<PATCH> E01 L025 <OLD> thursday sham 6 baje </OLD> <NEW> agle kuch dinon me </NEW> </PATCH> <PATCH> E02 L045 <OLD> percipiation </OLD> <NEW> barf </NEW> </PATCH> <PATCH> E03 L038 <OLD> upar </OLD> <NEW> barf </NEW> </PATCH> <PATCH> E04 L025 <OLD> august 30 ko </OLD> <NEW> agle kuch dinon me </NEW> </PATCH>
PPL_C272970DF09C,<PATCH> E01 L002 <OLD> Buddy </OLD> <NEW> Kim </NEW> </PATCH> <PATCH> E02 L002 <OLD> Chrissy </OLD> <NEW> Todd </NEW> </PATCH> <PATCH> E03 L002 <OLD> Dr . Reed </OLD> <NEW> Todd </NEW> </PATCH> <PATCH> E04 L032 <OLD> I need to cancel the meeting today </OLD> <NEW> aaj 4 baje hamari meeting hai </NEW> </PATCH>
PPL_C742CC48C63F,<PATCH> E02 L003 <OLD> Clients </OLD> <NEW> mujhe </NEW> </PATCH> <PATCH> E03 L010 <OLD> mailbox check karne </OLD> <NEW> pool ke liye chlorine tablets lene </NEW> </PATCH>
PPL_D083BF66590A,<PATCH> E01 L025 <OLD> paanch minutes me </OLD> <NEW> Is weekend </NEW> </PATCH> <PATCH> E03 L038 <OLD> TOR CON value </OLD> <NEW> highs </NEW> </PATCH> <PATCH> E04 L038 <OLD> Flagler beach </OLD> <NEW> Vegas </NEW> </PATCH>
PPL_DA27F0D79B46,<PATCH> E01 L025 <OLD> Wednesday ko 15th ko dopahar ke liye </OLD> <NEW> Aaj raat 8 pm ke baad </NEW> </PATCH> <PATCH> E02 L018 <OLD> committee </OLD> <NEW> mere </NEW> </PATCH> <PATCH> E03 L010 <OLD> high school friends </OLD> <NEW> mere </NEW> </PATCH> <PATCH> E04 L025 <OLD> July 4 se pehle </OLD> <NEW> Aaj raat 8 pm ke baad </NEW> </PATCH>
PPL_6267D5C09C11,<PATCH> E01 L002 <OLD> Identity Boutique </OLD> <NEW> Luis </NEW> </PATCH> <PATCH> E02 L032 <OLD> mai party se late hojaungi </OLD> <NEW> mujhe der horahi hai. </NEW> </PATCH>
PPL_479BA2A4EBAF,<PATCH> E01 L045 <OLD> foggiest </OLD> <NEW> baarish </NEW> </PATCH> <PATCH> E02 L025 <OLD> agle Monday 5 am ke liye </OLD> <NEW> aaj </NEW> </PATCH> <PATCH> E04 L025 <OLD> monday thru friday at 5 30 pm ko </OLD> <NEW> aaj </NEW> </PATCH>
PPL_4C1C4B46AAC1,<PATCH> E01 L010 <OLD> meri pilates class </OLD> <NEW> apna </NEW> </PATCH> <PATCH> E04 L023 <OLD> Friday ke lunchtime ke liye </OLD> <NEW> kal dopahar aaj raat 6 baje </NEW> </PATCH>
PPL_61778C88B10B,<PATCH> E02 L010 <OLD> baby wearing </OLD> <NEW> mujhe doctor ko pay karne ke liye </NEW> </PATCH> <PATCH> E03 L010 <OLD> get together </OLD> <NEW> mujhe doctor ko pay karne ke liye </NEW> </PATCH>
PPL_7F3BF69F2178,<PATCH> E01 L048 <OLD> 6 : 45 ke liye times </OLD> <NEW> timer </NEW> </PATCH>
PPL_514D595CF374,<PATCH> E01 L023 <OLD> doug </OLD> <NEW> mujhe </NEW> </PATCH> <PATCH> E03 L010 <OLD> bills friday ko 7 bajhe ke liye </OLD> <NEW> dinner friday ko 7 bajhe ke liye </NEW> </PATCH> <PATCH> E04 L025 <OLD> kal subah 8 bajhe ke liye </OLD> <NEW> friday ko 7 bajhe ke liye </NEW> </PATCH>
PPL_EE6CDCBB7321,<PATCH> E01 L045 <OLD> Snowfall </OLD> <NEW> dhoop </NEW> </PATCH> <PATCH> E03 L025 <OLD> agle hafte 8th september ko 9 pm ke liye </OLD> <NEW> is weekend </NEW> </PATCH>
PPL_4A4D4AA55468,<PATCH> E01 L010 <OLD> doctor appointments </OLD> <NEW> virtual assistant meeting </NEW> </PATCH> <PATCH> E02 L010 <OLD> psychology class ke liye mere books kharidne ke liye </OLD> <NEW> virtual assistant meeting </NEW> </PATCH> <PATCH> E04 L010 <OLD> baby gifts ke liye thank you notes bhejne ke liye </OLD> <NEW> virtual assistant meeting </NEW> </PATCH>
PPL_8F688AD4C27F,<PATCH> E01 L032 <OLD> my birthday is in 7 days </OLD> <NEW> I will call him tomorrow </NEW> </PATCH> <PATCH> E03 L002 <OLD> Juanna </OLD> <NEW> John </NEW> </PATCH>
PPL_B9836F865402,<PATCH> E01 L045 <OLD> clear skies </OLD> <NEW> tornado </NEW> </PATCH> <PATCH> E04 L025 <OLD> 20 - minute timer </OLD> <NEW> aj dopahar </NEW> </PATCH>
PPL_D85772F9F23E,<PATCH> E01 L010 <OLD> oven on karne ka </OLD> <NEW> organise meeting </NEW> </PATCH> <PATCH> E02 L003 <OLD> Phillip </OLD> <NEW> Muje </NEW> </PATCH> <PATCH> E03 L010 <OLD> sorority </OLD> <NEW> organise meeting </NEW> </PATCH>
PPL_C6C07EFAAB9B,<PATCH> E03 L048 <OLD> counter </OLD> <NEW> timer </NEW> </PATCH>
PPL_FC189957EA3B,<PATCH> E01 L025 <OLD> 18th August ko </OLD> <NEW> 35 minutes ke liye </NEW> </PATCH> <PATCH> E02 L048 <OLD> Timer countdown </OLD> <NEW> timer </NEW> </PATCH> <PATCH> E04 L025 <OLD> Wednesday subah 9 bajhe </OLD> <NEW> 35 minutes ke liye </NEW> </PATCH>
PPL_E094BACB3823,<PATCH> E01 L025 <OLD> for 7 pm on the 4th of august </OLD> <NEW> this evening </NEW> </PATCH> <PATCH> E04 L038 <OLD> mere kids </OLD> <NEW> tornadoes </NEW> </PATCH>
PPL_700D1B3BB38C,<PATCH> E02 L025 <OLD> 6th July ko </OLD> <NEW> aj </NEW> </PATCH> <PATCH> E03 L045 <OLD> summer clothing </OLD> <NEW> flooding </NEW> </PATCH>
PPL_01F8288BA677,"<PATCH> E01 L052 <OLD> North hollywood </OLD> <NEW> Buffalo, NY </NEW> </PATCH> <PATCH> E02 L024 <OLD> Christmas crafts activities </OLD> <NEW> concerts </NEW> </PATCH>"
PPL_AD4798B3A801,<PATCH> E01 L004 <OLD> jams </OLD> <NEW> music </NEW> </PATCH> <PATCH> E02 L007 <OLD> countries </OLD> <NEW> country </NEW> </PATCH>
PPL_FF783C3AF3A4,<PATCH> E02 L010 <OLD> subha 7 baje ortho appointment ko reschedule </OLD> <NEW> feed sparkly </NEW> </PATCH> <PATCH> E03 L013 <OLD> har 2 din 6 pm </OLD> <NEW> roz </NEW> </PATCH>
PPL_4BC5A76C24A8,<PATCH> E01 L025 <OLD> January mei weekends par </OLD> <NEW> sham 5 baje </NEW> </PATCH> <PATCH> E02 L025 <OLD> aaj raat baad </OLD> <NEW> sham 5 baje </NEW> </PATCH> <PATCH> E03 L003 <OLD> cheerleading </OLD> <NEW> mujhe </NEW> </PATCH>
PPL_D42F7FDB958F,<PATCH> E03 L052 <OLD> Golden </OLD> <NEW> Chicago </NEW> </PATCH> <PATCH> E04 L052 <OLD> Sellwood </OLD> <NEW> Chicago </NEW> </PATCH>
PPL_BCC85F873729,<PATCH> E01 L002 <OLD> Bryana </OLD> <NEW> Debbie </NEW> </PATCH> <PATCH> E03 L002 <OLD> sonal </OLD> <NEW> Debbie </NEW> </PATCH> <PATCH> E04 L032 <OLD> what happened in the meeting after I left </OLD> <NEW> Just checking in to see how you ' re coping </NEW> </PATCH>
PPL_9B3682843C38,<PATCH> E02 L045 <OLD> catastrophic </OLD> <NEW> hurricane mere area </NEW> </PATCH> <PATCH> E03 L045 <OLD> highway 78 </OLD> <NEW> hurricane </NEW> </PATCH>
PPL_E7A13C705697,<PATCH> E02 L025 <OLD> 19th ke liye dopahar 3 baje </OLD> <NEW> subah </NEW> </PATCH> <PATCH> E03 L010 <OLD> fish tank water ko badalne ke liye </OLD> <NEW> gas lene </NEW> </PATCH>
PPL_373E18BDA7A8,<PATCH> E01 L025 <OLD> 4 : 15 pm ke liye </OLD> <NEW> 30 seconds ke liye </NEW> </PATCH> <PATCH> E02 L025 <OLD> to 8 am </OLD> <NEW> 30 seconds ke liye </NEW> </PATCH> <PATCH> E03 L025 <OLD> Kal subha 8 baje Piano practice </OLD> <NEW> 30 seconds ke liye </NEW> </PATCH> <PATCH> E04 L048 <OLD> counter </OLD> <NEW> timer </NEW> </PATCH>
PPL_B4E7C06769D0,<PATCH> E03 L002 <OLD> Conor </OLD> <NEW> Anna </NEW> </PATCH> <PATCH> E04 L032 <OLD> I am on the way from my current location </OLD> <NEW> Not really </NEW> </PATCH>
PPL_45DBA62700B6,<PATCH> E03 L052 <OLD> Merritt Island </OLD> <NEW> boston </NEW> </PATCH> <PATCH> E04 L025 <OLD> 5 pm ko </OLD> <NEW> is weekend </NEW> </PATCH>
PPL_B2F6FB2ED929,<PATCH> E01 L003 <OLD> Pinky </OLD> <NEW> Mujhe </NEW> </PATCH> <PATCH> E04 L003 <OLD> kareye </OLD> <NEW> Mujhe </NEW> </PATCH>
PPL_87C93F5D46DD,<PATCH> E03 L010 <OLD> kitchen water filter ko badalne ke liye </OLD> <NEW> BBQ ke liye chicken aur hamburgers lene </NEW> </PATCH> <PATCH> E04 L025 <OLD> 7 : 35 p . m ke liye </OLD> <NEW> Is weekend </NEW> </PATCH>
PPL_742CD89FE0BE,<PATCH> E01 L023 <OLD> September 10 ko </OLD> <NEW> 10 pm </NEW> </PATCH> <PATCH> E03 L010 <OLD> office audit karne ke liye </OLD> <NEW> Kachara bahar nikalne ke liye 10 pm </NEW> </PATCH>
PPL_EA1FC0CC0332,<PATCH> E04 L052 <OLD> bronx </OLD> <NEW> york </NEW> </PATCH>
PPL_4B17EA363222,<PATCH> E02 L025 <OLD> Friday ko 10 pm aur 1 am ke liye </OLD> <NEW> Holiday </NEW> </PATCH> <PATCH> E03 L025 <OLD> Brevard me Wednesday sham 4 : 20 ke liye </OLD> <NEW> Escondido me Holiday </NEW> </PATCH> <PATCH> E04 L024 <OLD> Derby events </OLD> <NEW> parties </NEW> </PATCH>
PPL_717068065E52,<PATCH> E01 L003 <OLD> Xander </OLD> <NEW> mujhe </NEW> </PATCH> <PATCH> E02 L010 <OLD> 8 / 19 ko mere letters mail karne </OLD> <NEW> subah 7 baje class </NEW> </PATCH>
PPL_85593A81E2CB,<PATCH> E01 L052 <OLD> 75 S </OLD> <NEW> Portland </NEW> </PATCH> <PATCH> E03 L024 <OLD> musical </OLD> <NEW> book signings </NEW> </PATCH>
PPL_3A7F81C0AAC9,<PATCH> E01 L052 <OLD> Central florida </OLD> <NEW> Spain </NEW> </PATCH> <PATCH> E02 L052 <OLD> Madison Heights </OLD> <NEW> Spain </NEW> </PATCH> <PATCH> E03 L025 <OLD> for May 30th 6 am </OLD> <NEW> friday ko </NEW> </PATCH>
PPL_A17FF98F5482,<PATCH> E01 L003 <OLD> jr </OLD> <NEW> mere </NEW> </PATCH> <PATCH> E04 L025 <OLD> saturday se pehle </OLD> <NEW> Tuesday ke liye </NEW> </PATCH>
PPL_3AF38CFCD835,<PATCH> E01 L025 <OLD> 4 am and 5 am ke liye </OLD> <NEW> coat monday </NEW> </PATCH> <PATCH> E02 L045 <OLD> Rainfall </OLD> <NEW> coat </NEW> </PATCH> <PATCH> E04 L045 <OLD> pollen count </OLD> <NEW> coat monday </NEW> </PATCH>
PPL_277DBA748457,<PATCH> E01 L025 <OLD> pm </OLD> <NEW> is week </NEW> </PATCH> <PATCH> E02 L045 <OLD> 22 </OLD> <NEW> baarish </NEW> </PATCH> <PATCH> E03 L045 <OLD> shower </OLD> <NEW> baarish </NEW> </PATCH>
PPL_1769451CE1D9,<PATCH> E02 L002 <OLD> Kelly Carter </OLD> <NEW> Kale </NEW> </PATCH> <PATCH> E03 L032 <OLD> aaj raat library me event shuru hota hai </OLD> <NEW> women groups ke meetup ke liye travel ki arrangements </NEW> </PATCH> <PATCH> E04 L002 <OLD> Steven </OLD> <NEW> Kale </NEW> </PATCH>
PPL_8C3981336D50,<PATCH> E01 L024 <OLD> murder mystery dinner theatre productions </OLD> <NEW> Comedy shows </NEW> </PATCH> <PATCH> E02 L024 <OLD> hiking trip </OLD> <NEW> Comedy shows </NEW> </PATCH> <PATCH> E03 L024 <OLD> Indie bands playing </OLD> <NEW> Comedy shows </NEW> </PATCH> <PATCH> E04 L025 <OLD> 6 : 00 am </OLD> <NEW> is hafte </NEW> </PATCH>
PPL_A2920C596133,<PATCH> E02 L055 <OLD> Flying </OLD> <NEW> driving </NEW> </PATCH> <PATCH> E03 L019 <OLD> Bastrop </OLD> <NEW> Moreno Valley </NEW> </PATCH> <PATCH> E04 L049 <OLD> colorado springs </OLD> <NEW> Los Angeles </NEW> </PATCH>
PPL_66694905453E,<PATCH> E01 L052 <OLD> Stevens </OLD> <NEW> New York </NEW> </PATCH> <PATCH> E02 L025 <OLD> 7 : 00 pm ko </OLD> <NEW> is weekend </NEW> </PATCH>
PPL_75A3917363E8,<PATCH> E02 L018 <OLD> pardhe </OLD> <NEW> dikhaye </NEW> </PATCH> <PATCH> E03 L057 <OLD> current track </OLD> <NEW> last </NEW> </PATCH> <PATCH> E04 L057 <OLD> 20 minute pehle maid </OLD> <NEW> last </NEW> </PATCH>
PPL_0E3360384D6F,<PATCH> E01 L010 <OLD> Kris ko ek birthday gift khareedne </OLD> <NEW> work tasks </NEW> </PATCH> <PATCH> E02 L010 <OLD> running club </OLD> <NEW> mujhe </NEW> </PATCH> <PATCH> E03 L010 <OLD> jim ko milne </OLD> <NEW> work tasks </NEW> </PATCH> <PATCH> E04 L010 <OLD> Shalini ke Wedding Reception </OLD> <NEW> work tasks </NEW> </PATCH>
PPL_EC6E1913CEE1,<PATCH> E01 L025 <OLD> 7 : 15 pm ko </OLD> <NEW> adhe ghante pehle </NEW> </PATCH> <PATCH> E02 L003 <OLD> meri bowling team </OLD> <NEW> maine </NEW> </PATCH> <PATCH> E03 L025 <OLD> 7 A . M </OLD> <NEW> adhe ghante pehle </NEW> </PATCH>
PPL_611D4CCD055A,<PATCH> E01 L010 <OLD> har chiz khubsurat hai </OLD> <NEW> har chiz khubsurat hai </NEW> </PATCH> <PATCH> E02 L010 <OLD> psychology class ke liye mere books kharidne ke liye </OLD> <NEW> har chiz khubsurat hai </NEW> </PATCH> <PATCH> E03 L010 <OLD> Lisa har chiz khubsurat hai </OLD> <NEW> mujhe har chiz khubsurat hai </NEW> </PATCH> <PATCH> E04 L010 <OLD> mere dog ko vet me le jane ke liye </OLD> <NEW> mujhe har chiz khubsurat hai </NEW> </PATCH>
PPL_D8865B8F5A30,<PATCH> E02 L045 <OLD> WINDY </OLD> <NEW> baarish </NEW> </PATCH> <PATCH> E03 L025 <OLD> abhi se 40 minutes ke liye </OLD> <NEW> aaj 4 hours </NEW> </PATCH> <PATCH> E04 L025 <OLD> Thursday ko subha 8 baje ke liye </OLD> <NEW> aaj 4 hours </NEW> </PATCH>
PPL_4E04F91089AE,"<PATCH> E03 L025 <OLD> 3 ghante aur 3 seconds ke liye </OLD> <NEW> November </NEW> </PATCH> <PATCH> E04 L052 <OLD> Waterbury , CT </OLD> <NEW> New York </NEW> </PATCH>"
PPL_018A9AD5CE00,<PATCH> E01 L049 <OLD> Santa Monica </OLD> <NEW> Southampton </NEW> </PATCH> <PATCH> E02 L030 <OLD> 3 : 30 </OLD> <NEW> subah 11 baje </NEW> </PATCH> <PATCH> E03 L019 <OLD> hollywood </OLD> <NEW> drive karu to Wigan </NEW> </PATCH>
PPL_CD2B9EA8ACB4,<PATCH> E02 L038 <OLD> Thunderstorms </OLD> <NEW> sunshine </NEW> </PATCH> <PATCH> E04 L052 <OLD> PHilly </OLD> <NEW> beach </NEW> </PATCH>
PPL_BF13B2C02F41,<PATCH> E02 L025 <OLD> 6 am and 6 : 20 am ke liye </OLD> <NEW> Agle Thursday </NEW> </PATCH> <PATCH> E03 L052 <OLD> Death Valley </OLD> <NEW> Provo </NEW> </PATCH>
PPL_4C2F0EEF9491,<PATCH> E01 L010 <OLD> donuts kharidne ke liye </OLD> <NEW> dinner reservations book karne </NEW> </PATCH> <PATCH> E02 L003 <OLD> family reunion </OLD> <NEW> mujhe </NEW> </PATCH> <PATCH> E03 L010 <OLD> vendor aaj sham 5 baje ke liye </OLD> <NEW> aaj sham 5 baje ke liye </NEW> </PATCH> <PATCH> E04 L025 <OLD> June the 28th at 6 am ke liye </OLD> <NEW> aaj sham 5 baje ke liye </NEW> </PATCH>
PPL_A429DD246337,<PATCH> E02 L032 <OLD> why don ' t you want to go ke liye </OLD> <NEW> mera birthday yad rakhne ke liye </NEW> </PATCH> <PATCH> E03 L032 <OLD> she can make cupcakes for my daughters party </OLD> <NEW> mera birthday yad rakhne ke liye </NEW> </PATCH>
PPL_869A8326E92F,<PATCH> E01 L010 <OLD> feed dog </OLD> <NEW> is event </NEW> </PATCH> <PATCH> E02 L010 <OLD> BZB </OLD> <NEW> is event </NEW> </PATCH>
PPL_B29A16FF26B4,<PATCH> E02 L007 <OLD> 6 : 00 pm ko </OLD> <NEW> hip hop </NEW> </PATCH> <PATCH> E03 L004 <OLD> ALBUM </OLD> <NEW> hip hop music </NEW> </PATCH>
PPL_C35CFFFDEB36,<PATCH> E03 L025 <OLD> 4 : 00 AM ke liye </OLD> <NEW> aaj </NEW> </PATCH> <PATCH> E04 L052 <OLD> I 53 </OLD> <NEW> Atlanta </NEW> </PATCH>
PPL_BD0FC0085FDD,<PATCH> E02 L045 <OLD> winter jacket </OLD> <NEW> baarish </NEW> </PATCH> <PATCH> E04 L025 <OLD> agley haftey ko Monday Wednesday aur Friday ko </OLD> <NEW> Is week </NEW> </PATCH>
PPL_FA88640884FA,<PATCH> E01 L010 <OLD> Susie ke wedding se pehle mere baal cut karne </OLD> <NEW> mujhe apna credit card pay karne </NEW> </PATCH> <PATCH> E02 L010 <OLD> luncheon guests liye har mahine eye doctor ke pas jane </OLD> <NEW> mujhe har mahine mujhe apna credit card pay karne </NEW> </PATCH> <PATCH> E04 L013 <OLD> har Monday </OLD> <NEW> har mahine </NEW> </PATCH>
PPL_664BC9733E67,<PATCH> E01 L025 <OLD> Friday subah </OLD> <NEW> Saturday dopahar ko </NEW> </PATCH>
PPL_9C9E4138BF55,<PATCH> E02 L025 <OLD> Wednesday ke din 3 pm ke liye </OLD> <NEW> 17 ko late nahi hone wala hu ; kya ap mujhe do din pehle </NEW> </PATCH> <PATCH> E04 L003 <OLD> Chris </OLD> <NEW> Muje </NEW> </PATCH>
PPL_BF0E19B76108,<PATCH> E02 L010 <OLD> Bruce is arriving </OLD> <NEW> dinner ke liye cooking start </NEW> </PATCH> <PATCH> E03 L010 <OLD> apne baccho </OLD> <NEW> dinner ke liye cooking start </NEW> </PATCH> <PATCH> E04 L025 <OLD> 6th November ko </OLD> <NEW> 30 minutes me </NEW> </PATCH>
PPL_D13AA35489DC,<PATCH> E01 L025 <OLD> shaam 7 baje </OLD> <NEW> aj </NEW> </PATCH> <PATCH> E03 L045 <OLD> har din thanda </OLD> <NEW> windy </NEW> </PATCH>
PPL_8A6AAA432F0C,<PATCH> E01 L024 <OLD> speed dating events </OLD> <NEW> exhibits is weekend </NEW> </PATCH> <PATCH> E02 L025 <OLD> aaj sham 5 bajhe ke baad </OLD> <NEW> is weekend </NEW> </PATCH>
PPL_550EC4B21E8B,<PATCH> E01 L025 <OLD> aaj ke baaki din ke liye </OLD> <NEW> 15 minute </NEW> </PATCH> <PATCH> E02 L048 <OLD> Timer countdown </OLD> <NEW> timer </NEW> </PATCH> <PATCH> E03 L025 <OLD> kal sham 4 bajhe ke liye </OLD> <NEW> 15 minute </NEW> </PATCH> <PATCH> E04 L025 <OLD> poore saal ke liye </OLD> <NEW> 15 minute </NEW> </PATCH>
PPL_23E66D7693CF,<PATCH> E01 L025 <OLD> subah 4 baje ke liye </OLD> <NEW> saturday </NEW> </PATCH> <PATCH> E02 L025 <OLD> 3 hour and 30 minute </OLD> <NEW> saturday </NEW> </PATCH> <PATCH> E03 L045 <OLD> snow </OLD> <NEW> barish </NEW> </PATCH>
PPL_4143988C68A7,<PATCH> E01 L019 <OLD> Charlotte north Carolina </OLD> <NEW> Salem </NEW> </PATCH> <PATCH> E02 L049 <OLD> Ypsilanti </OLD> <NEW> Portland </NEW> </PATCH>
PPL_6AD17AB25372,<PATCH> E01 L010 <OLD> Randy </OLD> <NEW> bachchon ko lene ke liye </NEW> </PATCH> <PATCH> E02 L023 <OLD> on Tuesday nights at 7 : 30 pm bachchon ko </OLD> <NEW> 4 baje par </NEW> </PATCH> <PATCH> E03 L010 <OLD> party guests </OLD> <NEW> mujhe </NEW> </PATCH>
PPL_15F4C6575178,<PATCH> E01 L025 <OLD> monday 2 bajhe </OLD> <NEW> Aaj </NEW> </PATCH> <PATCH> E04 L045 <OLD> short </OLD> <NEW> hot </NEW> </PATCH>
PPL_46CEA504BB73,<PATCH> E01 L010 <OLD> Taco Night </OLD> <NEW> mere appointments </NEW> </PATCH> <PATCH> E02 L003 <OLD> Jake </OLD> <NEW> mujhe </NEW> </PATCH>
PPL_C404F342A93A,<PATCH> E02 L045 <OLD> record breaking </OLD> <NEW> barish </NEW> </PATCH> <PATCH> E03 L025 <OLD> sunday subha 9 baje ke liye </OLD> <NEW> kal </NEW> </PATCH> <PATCH> E04 L045 <OLD> 93 </OLD> <NEW> barish </NEW> </PATCH>
PPL_1D29F4F15E02,<PATCH> E01 L008 <OLD> Portland oregon </OLD> <NEW> Beavercreek </NEW> </PATCH> <PATCH> E02 L024 <OLD> Dance club </OLD> <NEW> Beavercreek me hone wale Concerts </NEW> </PATCH> <PATCH> E03 L008 <OLD> the Renn Faire </OLD> <NEW> Concerts </NEW> </PATCH> <PATCH> E04 L025 <OLD> november 22 through 27 ke liye </OLD> <NEW> is weekend </NEW> </PATCH>
PPL_28384A733F82,<PATCH> E01 L025 <OLD> 530 pm ko </OLD> <NEW> aaj </NEW> </PATCH> <PATCH> E03 L045 <OLD> cold front </OLD> <NEW> windy </NEW> </PATCH> <PATCH> E04 L025 <OLD> saturday subah 10 baje </OLD> <NEW> aaj </NEW> </PATCH>
PPL_0ADF44973216,<PATCH> E01 L010 <OLD> stairs ko sweeping </OLD> <NEW> don ' t forget the W </NEW> </PATCH> <PATCH> E02 L010 <OLD> jo personal trainer sessions </OLD> <NEW> Mere taxes </NEW> </PATCH> <PATCH> E04 L023 <OLD> from </OLD> <NEW> taxes </NEW> </PATCH>
PPL_C35D6CDF24EC,<PATCH> E02 L025 <OLD> 7th June ko subah 6 baje ke liye </OLD> <NEW> Is hafte </NEW> </PATCH> <PATCH> E04 L052 <OLD> i 202 south bound </OLD> <NEW> New York </NEW> </PATCH>
PPL_1F214E0018A1,<PATCH> E01 L035 <OLD> belinda </OLD> <NEW> sabko </NEW> </PATCH> <PATCH> E02 L025 <OLD> is coming weekend </OLD> <NEW> aaj raat </NEW> </PATCH> <PATCH> E04 L003 <OLD> Linda </OLD> <NEW> mujhe </NEW> </PATCH>
PPL_541F788A494D,<PATCH> E03 L025 <OLD> Fridays ko subah 6 baje </OLD> <NEW> New Year ' s Eve </NEW> </PATCH> <PATCH> E04 L025 <OLD> redmond mei 3 dino ke liye </OLD> <NEW> NYC me New Year ' s Eve </NEW> </PATCH>
PPL_9F4B91C7B0FE,<PATCH> E01 L010 <OLD> store meeting ke liye subah 6 baje tak </OLD> <NEW> meri dentist ki appointment </NEW> </PATCH> <PATCH> E03 L003 <OLD> Marc </OLD> <NEW> Muje </NEW> </PATCH> <PATCH> E04 L003 <OLD> Janice </OLD> <NEW> Muje </NEW> </PATCH>
PPL_5BDCDE03B26D,<PATCH> E01 L025 <OLD> 7 . 30pm aur 8 pm </OLD> <NEW> agle Tuesday </NEW> </PATCH> <PATCH> E03 L010 <OLD> showing of The Avengers </OLD> <NEW> mere yoga class </NEW> </PATCH>
PPL_129AF6AD33F5,<PATCH> E01 L032 <OLD> I ’ ve passed my exam </OLD> <NEW> wo apne Mexico trip se kab laut te hai </NEW> </PATCH> <PATCH> E04 L002 <OLD> gina </OLD> <NEW> Jackie </NEW> </PATCH>
PPL_2086FAEC0E85,"<PATCH> E01 L008 <OLD> Motorcycle rallies </OLD> <NEW> Games final </NEW> </PATCH> <PATCH> E03 L008 <OLD> Harrisburg </OLD> <NEW> Gelora Bung Karno , Jakarta </NEW> </PATCH>"
PPL_7197338BD305,<PATCH> E01 L010 <OLD> extra pageant practice </OLD> <NEW> Tahini ko cupboard me use karne ke liye </NEW> </PATCH> <PATCH> E02 L025 <OLD> 12th September ko </OLD> <NEW> hafte pehle </NEW> </PATCH>
PPL_DF99CAEE41EE,<PATCH> E01 L025 <OLD> wednesday dopahar ke liye </OLD> <NEW> weekend ke liye </NEW> </PATCH>
PPL_39F737BDEBB4,<PATCH> E03 L025 <OLD> monday thru friday at 5 30 pm </OLD> <NEW> October 5th par </NEW> </PATCH> <PATCH> E04 L010 <OLD> Lindsay ko baby shower ke baare me batane </OLD> <NEW> Bobby ki visit </NEW> </PATCH>
PPL_ECB3FF975A45,<PATCH> E01 L025 <OLD> august ke liye </OLD> <NEW> aaj raat </NEW> </PATCH> <PATCH> E02 L025 <OLD> at 7 am tomorrow </OLD> <NEW> aaj raat </NEW> </PATCH> <PATCH> E03 L008 <OLD> open air theater </OLD> <NEW> Tampa </NEW> </PATCH> <PATCH> E04 L024 <OLD> French Bulldog events </OLD> <NEW> concert </NEW> </PATCH>
PPL_FE897D0F2356,<PATCH> E01 L045 <OLD> sun - screen </OLD> <NEW> jacket </NEW> </PATCH> <PATCH> E02 L025 <OLD> Kal sham 4 : 30 bajhe </OLD> <NEW> aj dopahar </NEW> </PATCH> <PATCH> E04 L025 <OLD> tomorrow at 5 30 pm </OLD> <NEW> aj dopahar </NEW> </PATCH>
PPL_E2EB298DF319,<PATCH> E01 L010 <OLD> Lamaze ko unke Laser show ke liye </OLD> <NEW> Mo ko home work </NEW> </PATCH> <PATCH> E02 L025 <OLD> friday raat </OLD> <NEW> shaam 6 baje </NEW> </PATCH>
PPL_DE49CAA69791,<PATCH> E01 L025 <OLD> 17th ko subah 8 baje ke liye </OLD> <NEW> Sat . Sept . 2 ko dopahar 3 baje se </NEW> </PATCH> <PATCH> E02 L010 <OLD> Lucy ke recital </OLD> <NEW> club meeting </NEW> </PATCH> <PATCH> E04 L025 <OLD> agley 24 ghante </OLD> <NEW> Sat . Sept . 2 ko dopahar 3 baje se </NEW> </PATCH>
PPL_83D33C0605EE,<PATCH> E01 L045 <OLD> sneakers </OLD> <NEW> cold </NEW> </PATCH> <PATCH> E02 L052 <OLD> louisianna </OLD> <NEW> Beijing </NEW> </PATCH>
PPL_133677B3E6FC,<PATCH> E02 L004 <OLD> song list </OLD> <NEW> songs </NEW> </PATCH> <PATCH> E03 L044 <OLD> retro cocktail lounge </OLD> <NEW> Pitch Perfect </NEW> </PATCH> <PATCH> E04 L004 <OLD> soundtrack </OLD> <NEW> songs </NEW> </PATCH>
PPL_65466BB4B3EC,<PATCH> E01 L010 <OLD> mere personal trainer </OLD> <NEW> grocery shopping jane ke </NEW> </PATCH> <PATCH> E02 L010 <OLD> weight loss </OLD> <NEW> mere </NEW> </PATCH> <PATCH> E03 L010 <OLD> mere cars ko change </OLD> <NEW> grocery shopping jane ke </NEW> </PATCH> <PATCH> E04 L010 <OLD> pool hours </OLD> <NEW> grocery shopping jane ke </NEW> </PATCH>
PPL_9DC11A7154EA,<PATCH> E02 L010 <OLD> grocery shopping ke liye list banaye </OLD> <NEW> mujhe pick up Kharma on my way home from work </NEW> </PATCH> <PATCH> E03 L003 <OLD> Tannis </OLD> <NEW> mujhe </NEW> </PATCH> <PATCH> E04 L003 <OLD> Dave </OLD> <NEW> mujhe </NEW> </PATCH>
PPL_C59F577CA729,<PATCH> E02 L003 <OLD> Oct 18 </OLD> <NEW> Cole 5 baje </NEW> </PATCH> <PATCH> E03 L010 <OLD> first meeting is </OLD> <NEW> soccer ke liye rawana hone </NEW> </PATCH> <PATCH> E04 L003 <OLD> Kate </OLD> <NEW> Cole </NEW> </PATCH>
PPL_FF22487E7853,<PATCH> E02 L002 <OLD> BOB </OLD> <NEW> Max </NEW> </PATCH> <PATCH> E03 L032 <OLD> He passed the exam . Congratulation </OLD> <NEW> freezer se chicken baahar nikalne ke liye </NEW> </PATCH> <PATCH> E04 L002 <OLD> carol </OLD> <NEW> Max </NEW> </PATCH>
PPL_613151BEA23E,<PATCH> E01 L010 <OLD> Kardashians dekhna chahta hoon lekin mujhe card bhejne ke liye </OLD> <NEW> phone bill pay karne ke liye </NEW> </PATCH> <PATCH> E02 L010 <OLD> healthy meal lene ke liye </OLD> <NEW> phone bill pay karne ke liye </NEW> </PATCH> <PATCH> E03 L010 <OLD> luggage pack karne </OLD> <NEW> phone bill pay karne ke liye </NEW> </PATCH> <PATCH> E04 L010 <OLD> MY Boyz phone bill pay karne ke liye </OLD> <NEW> mujhe healthy meal lene ke liye </NEW> </PATCH>
PPL_16CA31738658,<PATCH> E01 L032 <OLD> construction ki wajah se blocked hai </OLD> <NEW> Working hours </NEW> </PATCH> <PATCH> E02 L002 <OLD> Caliopi </OLD> <NEW> hours </NEW> </PATCH> <PATCH> E03 L002 <OLD> Jerry </OLD> <NEW> hours </NEW> </PATCH> <PATCH> E04 L032 <OLD> mere Gabriel </OLD> <NEW> Working hours </NEW> </PATCH>
PPL_132F212DBAAB,<PATCH> E01 L010 <OLD> baby shower dene </OLD> <NEW> Mere allergy prescription ko refill ke liye </NEW> </PATCH> <PATCH> E02 L023 <OLD> 30 minute ke liye </OLD> <NEW> kal </NEW> </PATCH>
PPL_3FC9F8C6A8DE,<PATCH> E01 L003 <OLD> Jade </OLD> <NEW> MY Boyz </NEW> </PATCH> <PATCH> E03 L023 <OLD> agle hafte rent </OLD> <NEW> swimsuits lane ke liye </NEW> </PATCH> <PATCH> E04 L023 <OLD> 12 pm me </OLD> <NEW> at 6 : 00 pm ko </NEW> </PATCH>
PPL_E072CC6EF33F,<PATCH> E02 L025 <OLD> from the 10th of the month </OLD> <NEW> aj </NEW> </PATCH> <PATCH> E03 L025 <OLD> 9th September ko </OLD> <NEW> aj </NEW> </PATCH>
PPL_9542D763DAA1,<PATCH> E01 L025 <OLD> 9 : 30 ko wine and painting class </OLD> <NEW> 2018 ke liye </NEW> </PATCH> <PATCH> E03 L025 <OLD> aaj raat 5 baje </OLD> <NEW> 2018 ke liye </NEW> </PATCH>
PPL_968BA4ABC568,<PATCH> E02 L045 <OLD> 8 ghante ke liye mein humko pehla tropical storms </OLD> <NEW> baarish </NEW> </PATCH>
PPL_AA0AB54B7809,<PATCH> E01 L025 <OLD> Is shaam ke baad baje </OLD> <NEW> Kal </NEW> </PATCH> <PATCH> E02 L003 <OLD> warehouse </OLD> <NEW> Muje </NEW> </PATCH> <PATCH> E04 L010 <OLD> meri oil changed karne ke liye </OLD> <NEW> letter post karne karne ke liye </NEW> </PATCH>
PPL_E14BB16E6F65,<PATCH> E01 L049 <OLD> Salmon Idaho </OLD> <NEW> San Antonio </NEW> </PATCH> <PATCH> E02 L019 <OLD> Mauldin </OLD> <NEW> Galveston </NEW> </PATCH> <PATCH> E04 L049 <OLD> charolette </OLD> <NEW> San Antonio </NEW> </PATCH>
PPL_BADE9DE9868C,<PATCH> E01 L038 <OLD> voggy </OLD> <NEW> lows </NEW> </PATCH> <PATCH> E04 L025 <OLD> Australia day ke liye </OLD> <NEW> week </NEW> </PATCH>
PPL_ED1B2781962F,<PATCH> E01 L025 <OLD> 1 ghante aur 30 minutes ke liye Lloyd </OLD> <NEW> is weekend </NEW> </PATCH>
PPL_8DB5380C89BE,<PATCH> E01 L025 <OLD> Monday subha 4 : 00 baje ke liye </OLD> <NEW> is weekend </NEW> </PATCH> <PATCH> E02 L008 <OLD> golden globe awards </OLD> <NEW> art walks </NEW> </PATCH> <PATCH> E03 L008 <OLD> Nashville TN </OLD> <NEW> Alachua </NEW> </PATCH>
PPL_EC7EFF5E8B15,<PATCH> E02 L018 <OLD> list </OLD> <NEW> dikhao </NEW> </PATCH> <PATCH> E03 L025 <OLD> October ke shuruaat me </OLD> <NEW> Kal 5 pm ke liye </NEW> </PATCH> <PATCH> E04 L047 <OLD> do </OLD> <NEW> sabhi </NEW> </PATCH>
PPL_33C160D906DE,<PATCH> E01 L025 <OLD> 11 PM me </OLD> <NEW> aaj raat </NEW> </PATCH> <PATCH> E03 L024 <OLD> horror conventions </OLD> <NEW> concerts </NEW> </PATCH>
PPL_421D5330A1EA,<PATCH> E03 L025 <OLD> 20 mins pehle </OLD> <NEW> for september of 2024 </NEW> </PATCH> <PATCH> E04 L048 <OLD> timer suspend ke liye </OLD> <NEW> timer </NEW> </PATCH>
PPL_7F5C2D851C1E,<PATCH> E01 L025 <OLD> 1st August ko </OLD> <NEW> Aaj raat </NEW> </PATCH> <PATCH> E02 L059 <OLD> cleaning the house </OLD> <NEW> update kare to say apne khud ke drinks </NEW> </PATCH>
PPL_5337EA7F1AB0,<PATCH> E01 L013 <OLD> Har 2 </OLD> <NEW> har 4 </NEW> </PATCH> <PATCH> E02 L010 <OLD> Skype talk </OLD> <NEW> prescription lene karne </NEW> </PATCH> <PATCH> E04 L003 <OLD> soccer team </OLD> <NEW> mujhe </NEW> </PATCH>
PPL_44A025909959,<PATCH> E02 L025 <OLD> 6 am and 4 pm ke liye </OLD> <NEW> thursday shaam 4 baje </NEW> </PATCH> <PATCH> E04 L025 <OLD> Bob ko </OLD> <NEW> thursday shaam 4 baje </NEW> </PATCH>
PPL_933A564A1A26,"<PATCH> E03 L025 <OLD> September 10 Hamptons jaate hue Dublin , Ireland </OLD> <NEW> Aaj raat </NEW> </PATCH> <PATCH> E04 L019 <OLD> Raeford </OLD> <NEW> Long Island </NEW> </PATCH>"
PPL_1195D3893C69,<PATCH> E01 L025 <OLD> SUNDAY 2 PM ke liye </OLD> <NEW> aaj dopahar 3 baje ko </NEW> </PATCH> <PATCH> E02 L025 <OLD> Bobby </OLD> <NEW> aaj dopahar 3 baje ko </NEW> </PATCH> <PATCH> E03 L010 <OLD> feed </OLD> <NEW> meri dog ko uski appointment ke liye vet lejaane </NEW> </PATCH> <PATCH> E04 L010 <OLD> mera schedule check karne </OLD> <NEW> meri dog ko uski appointment ke liye vet lejaane </NEW> </PATCH>
PPL_1BD58B159F8B,<PATCH> E01 L026 <OLD> moutains </OLD> <NEW> reno </NEW> </PATCH> <PATCH> E04 L033 <OLD> a jazz </OLD> <NEW> burning man </NEW> </PATCH>
PPL_D50B832B0E9D,<PATCH> E01 L025 <OLD> 3 . 45 aur 3 . 55pm ke liye </OLD> <NEW> aaj </NEW> </PATCH> <PATCH> E02 L052 <OLD> WA </OLD> <NEW> south side </NEW> </PATCH> <PATCH> E03 L025 <OLD> 6:13 </OLD> <NEW> aaj </NEW> </PATCH> <PATCH> E04 L025 <OLD> aaj raat 10 p . m se pehle </OLD> <NEW> aaj </NEW> </PATCH>
PPL_64F7AC726957,<PATCH> E01 L013 <OLD> har Wednesday evening </OLD> <NEW> annually March me </NEW> </PATCH> <PATCH> E02 L023 <OLD> Valentines day weekend par </OLD> <NEW> March me </NEW> </PATCH> <PATCH> E04 L010 <OLD> do Fred ko congratulations bhejne ke liye </OLD> <NEW> gynecologist ke pas jane </NEW> </PATCH>
PPL_E3A2B50839F2,<PATCH> E01 L010 <OLD> the library books are due </OLD> <NEW> Brad ke birthday ke liye present laane ke liye </NEW> </PATCH> <PATCH> E02 L010 <OLD> jane se pehle Goodwill items gather karne </OLD> <NEW> Brad ke birthday ke liye present laane ke liye </NEW> </PATCH> <PATCH> E04 L023 <OLD> kal 11 am ke liye </OLD> <NEW> ek hafta pehle </NEW> </PATCH>
PPL_30D3F2324DDA,<PATCH> E02 L025 <OLD> 1 ghante aur 15 minutes ke liye </OLD> <NEW> june mei </NEW> </PATCH> <PATCH> E04 L025 <OLD> seattle me subah 545 baje ke liye </OLD> <NEW> sacramento ka june mei </NEW> </PATCH>
PPL_3C5B3D1BD8BD,<PATCH> E01 L004 <OLD> trackko </OLD> <NEW> bands </NEW> </PATCH> <PATCH> E04 L044 <OLD> Sons of Anarchy </OLD> <NEW> rock </NEW> </PATCH>
PPL_D4ECF0F00590,<PATCH> E01 L003 <OLD> muje </OLD> <NEW> Mujhe </NEW> </PATCH> <PATCH> E02 L010 <OLD> Prozac lene </OLD> <NEW> I am gorgeous </NEW> </PATCH>
PPL_BD50AB17C8B0,<PATCH> E01 L032 <OLD> wo abhi thik hai </OLD> <NEW> please food khareedo </NEW> </PATCH> <PATCH> E02 L002 <OLD> Elisa </OLD> <NEW> Mary </NEW> </PATCH>
PPL_D7AC116B1100,<PATCH> E01 L048 <OLD> Coutndown </OLD> <NEW> timer </NEW> </PATCH> <PATCH> E02 L048 <OLD> 同 じ time </OLD> <NEW> timer </NEW> </PATCH> <PATCH> E03 L048 <OLD> Coutndown </OLD> <NEW> timer </NEW> </PATCH>
PPL_7433F9EEA8B3,"<PATCH> E03 L025 <OLD> Monday to Friday , 1 pm me </OLD> <NEW> Thursday ko </NEW> </PATCH> <PATCH> E04 L010 <OLD> grocery shopping ke liye list banaye </OLD> <NEW> job application chalu karne ke liye </NEW> </PATCH>"
PPL_1BD089ACAEFC,<PATCH> E02 L025 <OLD> is friday sham </OLD> <NEW> this spring </NEW> </PATCH> <PATCH> E03 L024 <OLD> Holiday activities </OLD> <NEW> christian music </NEW> </PATCH> <PATCH> E04 L052 <OLD> greeneville tn </OLD> <NEW> Delaware </NEW> </PATCH>
PPL_27D5F13639FD,<PATCH> E02 L045 <OLD> 25th March ko ko sunnies </OLD> <NEW> freeze </NEW> </PATCH> <PATCH> E03 L025 <OLD> Wednesday ko 15th ko dopahar ke liye </OLD> <NEW> aaj </NEW> </PATCH> <PATCH> E04 L025 <OLD> Friday ko 3 PM ko </OLD> <NEW> aaj </NEW> </PATCH>
PPL_C4A4D153350C,<PATCH> E01 L045 <OLD> tropical depressions </OLD> <NEW> hot </NEW> </PATCH> <PATCH> E02 L025 <OLD> 530 pm ko </OLD> <NEW> aaj </NEW> </PATCH> <PATCH> E04 L045 <OLD> monsoon </OLD> <NEW> hot </NEW> </PATCH>
PPL_EBB43B4883BA,<PATCH> E01 L024 <OLD> baby shower </OLD> <NEW> The Nutcracker </NEW> </PATCH> <PATCH> E02 L025 <OLD> Teusday ke baad </OLD> <NEW> Christmas se pehle </NEW> </PATCH> <PATCH> E03 L025 <OLD> May ki 15th ke liye </OLD> <NEW> Christmas se pehle </NEW> </PATCH>
PPL_DE40E47110C7,<PATCH> E01 L052 <OLD> Westlake </OLD> <NEW> Elm street </NEW> </PATCH> <PATCH> E02 L052 <OLD> Harlem </OLD> <NEW> Elm street </NEW> </PATCH> <PATCH> E03 L025 <OLD> kal subah </OLD> <NEW> Aaj raat ke liye </NEW> </PATCH>
PPL_5DEFDC8AC742,<PATCH> E01 L019 <OLD> Northern Ireland </OLD> <NEW> Richmond </NEW> </PATCH> <PATCH> E03 L019 <OLD> Missouri </OLD> <NEW> Richmond </NEW> </PATCH> <PATCH> E04 L049 <OLD> belington </OLD> <NEW> Charlotte </NEW> </PATCH>
PPL_7EB5075137C0,<PATCH> E01 L025 <OLD> 7 minute timer mujhe Jason </OLD> <NEW> aaj ke liye </NEW> </PATCH> <PATCH> E02 L018 <OLD> laiye </OLD> <NEW> dikhaye? </NEW> </PATCH> <PATCH> E03 L018 <OLD> dikhaye? </OLD> <NEW> dikhaye? </NEW> </PATCH>
PPL_77D5EA36397F,<PATCH> E03 L025 <OLD> Is weekends </OLD> <NEW> is weekend </NEW> </PATCH> <PATCH> E04 L008 <OLD> 99 Freeway </OLD> <NEW> Pensacola </NEW> </PATCH>
PPL_793FA856E890,<PATCH> E01 L010 <OLD> clay guild Daddy ko bolo </OLD> <NEW> mere Pay the mortgage </NEW> </PATCH> <PATCH> E03 L010 <OLD> mere granddaughter ki birthday party </OLD> <NEW> mere Pay the mortgage </NEW> </PATCH>
PPL_D165F62CCEDA,<PATCH> E02 L045 <OLD> short sleeved </OLD> <NEW> barf </NEW> </PATCH> <PATCH> E03 L025 <OLD> 5 June ko 7 : 00 pm ke liye </OLD> <NEW> pichli raat </NEW> </PATCH>
PPL_7A43414D7FC5,<PATCH> E03 L025 <OLD> Sunday ko 5 am ko </OLD> <NEW> Ek ghante ke liye </NEW> </PATCH> <PATCH> E04 L048 <OLD> timer suspend </OLD> <NEW> timer </NEW> </PATCH>
PPL_85238FB8312A,<PATCH> E01 L049 <OLD> BELLINGHAM </OLD> <NEW> Chicago </NEW> </PATCH> <PATCH> E03 L058 <OLD> ka miles </OLD> <NEW> miles </NEW> </PATCH> <PATCH> E04 L019 <OLD> sweden </OLD> <NEW> New York city </NEW> </PATCH>
PPL_F73AABD0AE0A,<PATCH> E02 L025 <OLD> five minutes ke liye </OLD> <NEW> kal </NEW> </PATCH> <PATCH> E03 L045 <OLD> catastrophic </OLD> <NEW> toofan </NEW> </PATCH>
PPL_C173F5A4C5BF,<PATCH> E02 L044 <OLD> Christmas </OLD> <NEW> Pandora </NEW> </PATCH> <PATCH> E03 L004 <OLD> sountrack </OLD> <NEW> music </NEW> </PATCH> <PATCH> E04 L012 <OLD> google music </OLD> <NEW> Pandora </NEW> </PATCH>
PPL_5BAEA448E0BA,<PATCH> E01 L023 <OLD> agle long weekend </OLD> <NEW> 30 minutes pehle </NEW> </PATCH> <PATCH> E04 L010 <OLD> bank deposit ko drop off karne ke liye </OLD> <NEW> meri dentist appointment </NEW> </PATCH>
PPL_DBF3D0F80AA8,<PATCH> E03 L032 <OLD> ghar ke raaste me milk khareedne </OLD> <NEW> mere khidki ke baahar baby birds paida huwe hai </NEW> </PATCH> <PATCH> E04 L002 <OLD> Marsha Johnson </OLD> <NEW> Delilah </NEW> </PATCH>
PPL_C295FF36EC4F,<PATCH> E02 L025 <OLD> 140 seconds ke liye </OLD> <NEW> Aaj </NEW> </PATCH>
PPL_F47E9C5144B4,<PATCH> E02 L025 <OLD> Friday subha 8 a . m ke liye </OLD> <NEW> thand raat </NEW> </PATCH> <PATCH> E03 L025 <OLD> winter thand next Monday ke liye </OLD> <NEW> thand raat </NEW> </PATCH> <PATCH> E04 L052 <OLD> lightening </OLD> <NEW> thand </NEW> </PATCH>
PPL_7A4FE3153862,<PATCH> E03 L002 <OLD> Holland Bakery </OLD> <NEW> Nathan </NEW> </PATCH> <PATCH> E04 L002 <OLD> Joey Nicholson </OLD> <NEW> Nathan </NEW> </PATCH>
PPL_74058D43E271,<PATCH> E01 L025 <OLD> on Wednesday at 3 PM </OLD> <NEW> is weekend </NEW> </PATCH> <PATCH> E02 L025 <OLD> Easter long weekend ke liye </OLD> <NEW> is weekend </NEW> </PATCH> <PATCH> E04 L045 <OLD> pollen index </OLD> <NEW> barish </NEW> </PATCH>
PPL_F000731FF939,<PATCH> E01 L052 <OLD> Lake Charles </OLD> <NEW> Chicago </NEW> </PATCH> <PATCH> E04 L024 <OLD> songwriters festival </OLD> <NEW> beer festivals </NEW> </PATCH>
PPL_08EA29735614,<PATCH> E01 L025 <OLD> Friday subah 7 am aur 9 am ke liye </OLD> <NEW> is evening </NEW> </PATCH>
PPL_F0869D1235AF,<PATCH> E01 L052 <OLD> Okemo </OLD> <NEW> Melbourne </NEW> </PATCH> <PATCH> E03 L025 <OLD> aj shaam 8 bajhe </OLD> <NEW> kal </NEW> </PATCH> <PATCH> E04 L025 <OLD> twenty seconds </OLD> <NEW> kal </NEW> </PATCH>
PPL_B0D32A15FB7B,"<PATCH> E01 L049 <OLD> Dayton , Ohio </OLD> <NEW> Northeast Milwaukee </NEW> </PATCH> <PATCH> E03 L019 <OLD> NY , NY </OLD> <NEW> Alberta Arts District </NEW> </PATCH>"
PPL_4DEB0DE55D94,<PATCH> E01 L052 <OLD> Campbell </OLD> <NEW> Houston </NEW> </PATCH> <PATCH> E02 L025 <OLD> 15 may ke liye dopahar 2 bajhe ke liye </OLD> <NEW> This weekend </NEW> </PATCH> <PATCH> E03 L052 <OLD> 202 </OLD> <NEW> Houston </NEW> </PATCH>
PPL_DEE495FCF700,<PATCH> E01 L010 <OLD> TRC se Birthday </OLD> <NEW> kuttau ke liye vet appointment lene ke liye </NEW> </PATCH> <PATCH> E02 L010 <OLD> mere coworkers </OLD> <NEW> mujhe kuttau ke liye vet appointment lene ke liye </NEW> </PATCH>
PPL_338E182E5726,"<PATCH> E02 L024 <OLD> Grims Fall fest </OLD> <NEW> Fashion shows </NEW> </PATCH> <PATCH> E03 L033 <OLD> dallas , tx </OLD> <NEW> New York </NEW> </PATCH> <PATCH> E04 L025 <OLD> Saturday afternoon </OLD> <NEW> next month </NEW> </PATCH>"
PPL_47289E20D721,<PATCH> E03 L019 <OLD> Gilbert se africa </OLD> <NEW> San Juan Puerto Rico </NEW> </PATCH>
PPL_1A6868168044,<PATCH> E03 L032 <OLD> pick up some beers on the way home </OLD> <NEW> where are his whereabouts </NEW> </PATCH> <PATCH> E04 L002 <OLD> Adriane </OLD> <NEW> Bob </NEW> </PATCH>
PPL_EF0CCB16481F,<PATCH> E02 L044 <OLD> 90 ke slow jams </OLD> <NEW> rap </NEW> </PATCH> <PATCH> E04 L004 <OLD> channel </OLD> <NEW> music </NEW> </PATCH>
PPL_F8E0B2197A9D,<PATCH> E01 L032 <OLD> highway is </OLD> <NEW> wo sundar lagrahi hai </NEW> </PATCH> <PATCH> E02 L002 <OLD> Carolyn </OLD> <NEW> Suzie </NEW> </PATCH>
PPL_770501B2AB15,<PATCH> E02 L025 <OLD> ek minute mein 5 minutes ke liye </OLD> <NEW> summer me </NEW> </PATCH> <PATCH> E03 L052 <OLD> Ft . lauderdale </OLD> <NEW> Las Vegas </NEW> </PATCH> <PATCH> E04 L024 <OLD> ballroom dance </OLD> <NEW> bikini competitions </NEW> </PATCH>
PPL_A949DC8BBED9,<PATCH> E01 L010 <OLD> mera tax bill pay karne </OLD> <NEW> mere agle meeting </NEW> </PATCH> <PATCH> E03 L003 <OLD> Chris </OLD> <NEW> mere </NEW> </PATCH>
PPL_432A68B1A313,<PATCH> E03 L025 <OLD> Wednesday subah 7 : 30 bajhe ke liye </OLD> <NEW> Christmas </NEW> </PATCH> <PATCH> E04 L052 <OLD> Ohio </OLD> <NEW> Charleston </NEW> </PATCH>
PPL_2DDCB9F0A366,<PATCH> E01 L010 <OLD> cooking spaghetti </OLD> <NEW> dad ka cash withdraw </NEW> </PATCH> <PATCH> E02 L010 <OLD> mere film crew </OLD> <NEW> cash withdraw </NEW> </PATCH> <PATCH> E03 L010 <OLD> swimming practice </OLD> <NEW> dad ka cash withdraw </NEW> </PATCH>
PPL_A29F1482FB95,<PATCH> E01 L010 <OLD> ek glass water peene ke liye </OLD> <NEW> shower </NEW> </PATCH> <PATCH> E02 L003 <OLD> Miya </OLD> <NEW> Muje </NEW> </PATCH> <PATCH> E03 L010 <OLD> record karne </OLD> <NEW> shower </NEW> </PATCH>
PPL_5631F70EB80C,<PATCH> E01 L058 <OLD> nautical miles </OLD> <NEW> miles </NEW> </PATCH> <PATCH> E02 L019 <OLD> Kiawah island </OLD> <NEW> New York se California </NEW> </PATCH> <PATCH> E03 L049 <OLD> Columbia </OLD> <NEW> New York </NEW> </PATCH>
PPL_F230218B4191,<PATCH> E01 L025 <OLD> Subha 5 baje ke liye </OLD> <NEW> 15 minutes ke liye </NEW> </PATCH> <PATCH> E02 L048 <OLD> buzzer </OLD> <NEW> timer </NEW> </PATCH> <PATCH> E03 L025 <OLD> 2 : 00 pm ke liye </OLD> <NEW> 15 minutes ke liye </NEW> </PATCH> <PATCH> E04 L048 <OLD> timeout timer </OLD> <NEW> timer </NEW> </PATCH>
PPL_2EDDB6B64CA0,<PATCH> E01 L002 <OLD> Alan </OLD> <NEW> Tiago </NEW> </PATCH> <PATCH> E03 L032 <OLD> sorry can ' t make it </OLD> <NEW> tests December eight ko hai </NEW> </PATCH>
PPL_5A321CC144E4,<PATCH> E02 L025 <OLD> Saturday aur Sunday ko </OLD> <NEW> september 3rd ke week ke liye </NEW> </PATCH> <PATCH> E04 L003 <OLD> Rutledge Lake employees </OLD> <NEW> mera </NEW> </PATCH>
PPL_D964F3296949,<PATCH> E01 L024 <OLD> the trolls </OLD> <NEW> Anthony Hamilton ke concert </NEW> </PATCH> <PATCH> E02 L033 <OLD> miguel </OLD> <NEW> Anthony Hamilton </NEW> </PATCH> <PATCH> E03 L033 <OLD> Shorty Howell </OLD> <NEW> Orlando </NEW> </PATCH>
PPL_4B48916483F3,<PATCH> E01 L032 <OLD> get together mei jana chahta hai </OLD> <NEW> beach par extra flip flops laane </NEW> </PATCH> <PATCH> E02 L032 <OLD> jaraha hai </OLD> <NEW> extra flip flops laane </NEW> </PATCH> <PATCH> E03 L032 <OLD> mere ROSA </OLD> <NEW> extra flip flops laane ke liye Carol </NEW> </PATCH>
PPL_60D576026E3F,<PATCH> E01 L025 <OLD> Pacific time 10 AM ko </OLD> <NEW> aj raat </NEW> </PATCH> <PATCH> E04 L025 <OLD> friday ko 22nd september ko </OLD> <NEW> aj raat </NEW> </PATCH>
PPL_804130D0ED51,<PATCH> E01 L025 <OLD> aaj raat 6 PM ko </OLD> <NEW> sham 5 baje </NEW> </PATCH> <PATCH> E02 L025 <OLD> Tuesday nights </OLD> <NEW> sham 5 baje </NEW> </PATCH> <PATCH> E03 L025 <OLD> to 7 : 30 am </OLD> <NEW> sham 5 baje </NEW> </PATCH> <PATCH> E04 L052 <OLD> Opdyke </OLD> <NEW> Dallas </NEW> </PATCH>
PPL_F8BE5359BF16,<PATCH> E01 L010 <OLD> mom ki shopping trip </OLD> <NEW> Floor </NEW> </PATCH> <PATCH> E02 L010 <OLD> dog walk </OLD> <NEW> Floor </NEW> </PATCH> <PATCH> E03 L010 <OLD> eFax subscription ka trial period almost up hai </OLD> <NEW> Floor ko clean karne ka yad rakhne ke liye </NEW> </PATCH> <PATCH> E04 L023 <OLD> 4 hours tak ke liye </OLD> <NEW> friday ko 2 : 00 baje </NEW> </PATCH>
PPL_31F68D18F8DD,<PATCH> E01 L010 <OLD> housekeeper ke liye monthly schedule set karne ke liye </OLD> <NEW> meri appointment </NEW> </PATCH>
PPL_5C7174180979,"<PATCH> E02 L025 <OLD> Friday 6 pm ko </OLD> <NEW> aaj </NEW> </PATCH> <PATCH> E03 L025 <OLD> Wednesday , subha </OLD> <NEW> aaj </NEW> </PATCH>"
PPL_1418F650EB0C,<PATCH> E02 L019 <OLD> athens se Illinois </OLD> <NEW> Greyhound karu to mujhe Key West </NEW> </PATCH> <PATCH> E03 L055 <OLD> PLANE </OLD> <NEW> Greyhound </NEW> </PATCH> <PATCH> E04 L019 <OLD> 65 mph ki speed </OLD> <NEW> Greyhound par Key West </NEW> </PATCH>
PPL_0ADEB3A614FE,<PATCH> E01 L025 <OLD> 1 hour ke liye </OLD> <NEW> har 10 minutes ke liye </NEW> </PATCH> <PATCH> E02 L048 <OLD> time out </OLD> <NEW> timer </NEW> </PATCH> <PATCH> E03 L048 <OLD> 6 consecutive Christmas 2005 </OLD> <NEW> har 10 minutes </NEW> </PATCH>
PPL_7D85B3F48204,<PATCH> E01 L004 <OLD> alBUM </OLD> <NEW> sangeet </NEW> </PATCH> <PATCH> E02 L004 <OLD> sangeet </OLD> <NEW> sangeet </NEW> </PATCH> <PATCH> E03 L007 <OLD> 90 ' s hit </OLD> <NEW> blues </NEW> </PATCH>
PPL_7C9D35CC2C98,<PATCH> E01 L004 <OLD> gaaney </OLD> <NEW> music </NEW> </PATCH> <PATCH> E03 L004 <OLD> singers </OLD> <NEW> music </NEW> </PATCH> <PATCH> E04 L044 <OLD> pop </OLD> <NEW> easy listening </NEW> </PATCH>
PPL_8158C5AC02E4,<PATCH> E01 L023 <OLD> agle Thursday </OLD> <NEW> to 4 am </NEW> </PATCH> <PATCH> E03 L010 <OLD> trash nikalne ke liye reminder set karne </OLD> <NEW> pickup ke liye </NEW> </PATCH> <PATCH> E04 L025 <OLD> ek pm ke liye </OLD> <NEW> monday ke liye </NEW> </PATCH>
PPL_2FCC0B6DA160,<PATCH> E01 L002 <OLD> Rivera </OLD> <NEW> mike </NEW> </PATCH> <PATCH> E03 L002 <OLD> Marissa </OLD> <NEW> mike </NEW> </PATCH> <PATCH> E04 L032 <OLD> mai kal church me rahunga </OLD> <NEW> wo kis restraunt me jaraha hai </NEW> </PATCH>
PPL_68EABC1D27A8,<PATCH> E03 L045 <OLD> August ke pehle hafte 95 </OLD> <NEW> shorts </NEW> </PATCH>
PPL_601C8A4509EB,<PATCH> E01 L052 <OLD> Oklahoma </OLD> <NEW> Salem </NEW> </PATCH> <PATCH> E02 L024 <OLD> Dog meet ups </OLD> <NEW> New Year Eve party </NEW> </PATCH> <PATCH> E03 L025 <OLD> Aaj sham 6 baje ke liye </OLD> <NEW> New Year Eve </NEW> </PATCH> <PATCH> E04 L024 <OLD> the Gong Show </OLD> <NEW> New Year Eve party </NEW> </PATCH>
PPL_7D973B2A26AC,<PATCH> E02 L025 <OLD> 5th ko subha 8 baje </OLD> <NEW> is week ke liye </NEW> </PATCH> <PATCH> E03 L003 <OLD> Cody </OLD> <NEW> mere </NEW> </PATCH> <PATCH> E04 L003 <OLD> Koz </OLD> <NEW> mere </NEW> </PATCH>
PPL_B32E7094AC8C,<PATCH> E02 L025 <OLD> 3 : 30 pm ko </OLD> <NEW> thand </NEW> </PATCH> <PATCH> E04 L052 <OLD> Ames IA </OLD> <NEW> dallas </NEW> </PATCH>
PPL_D1B95DA574D0,<PATCH> E01 L024 <OLD> Frozen On Ice </OLD> <NEW> parties </NEW> </PATCH> <PATCH> E03 L025 <OLD> Tuesday subha </OLD> <NEW> Christmas </NEW> </PATCH>
PPL_CC555E0646EE,<PATCH> E01 L002 <OLD> Jerrod </OLD> <NEW> John </NEW> </PATCH> <PATCH> E03 L032 <OLD> meri flight </OLD> <NEW> mai use apni car udhar dunga </NEW> </PATCH> <PATCH> E04 L032 <OLD> the game is on filed 4 at Miller Park </OLD> <NEW> mai use apni car udhar dunga </NEW> </PATCH>
PPL_2EF33E29A61A,<PATCH> E01 L025 <OLD> thursday ko 3 baje ke liye </OLD> <NEW> shaam 7 baje </NEW> </PATCH> <PATCH> E02 L003 <OLD> Diane </OLD> <NEW> Mujhe </NEW> </PATCH> <PATCH> E03 L010 <OLD> oven me roast ko rakhne </OLD> <NEW> mail check karne karne </NEW> </PATCH>
PPL_48639E3D7C8C,<PATCH> E01 L003 <OLD> book club </OLD> <NEW> mere </NEW> </PATCH> <PATCH> E03 L025 <OLD> dopahar 2 00 baje </OLD> <NEW> agle mahine ke liye </NEW> </PATCH>
PPL_B99953D70E72,<PATCH> E01 L010 <OLD> uske Uber pickup </OLD> <NEW> meri work ki meeting </NEW> </PATCH> <PATCH> E02 L023 <OLD> 1600 hours ke liye </OLD> <NEW> 1 p . m ko </NEW> </PATCH> <PATCH> E04 L003 <OLD> Belamy </OLD> <NEW> Muje </NEW> </PATCH>
PPL_97F02CBB1A0A,<PATCH> E01 L025 <OLD> January mei first weekend par raat ko </OLD> <NEW> agle hafte </NEW> </PATCH>
PPL_646838C43BB5,<PATCH> E02 L052 <OLD> Nashville TN </OLD> <NEW> wilkes barre </NEW> </PATCH>
PPL_CB22CA6DA966,<PATCH> E01 L003 <OLD> Jake </OLD> <NEW> mere </NEW> </PATCH> <PATCH> E02 L025 <OLD> Friday ko 3 : 30 baje </OLD> <NEW> Is Thursday ke liye </NEW> </PATCH> <PATCH> E04 L003 <OLD> Marie </OLD> <NEW> mere </NEW> </PATCH>
PPL_0FC103ED19FE,<PATCH> E01 L002 <OLD> Kris </OLD> <NEW> Ben </NEW> </PATCH> <PATCH> E04 L032 <OLD> she received the spreadsheet I just emailed </OLD> <NEW> what the traffic is like </NEW> </PATCH>
PPL_96BC1F76C8B4,<PATCH> E01 L002 <OLD> Lilith </OLD> <NEW> Neal </NEW> </PATCH> <PATCH> E02 L032 <OLD> meri chocolate pie recipe </OLD> <NEW> Washington DC mei traffic kaisa hai </NEW> </PATCH> <PATCH> E03 L002 <OLD> Floyd </OLD> <NEW> Neal </NEW> </PATCH> <PATCH> E04 L032 <OLD> aj mere office </OLD> <NEW> Washington DC mei traffic kaisa hai </NEW> </PATCH>
PPL_AF5C79DC2737,<PATCH> E03 L045 <OLD> pollen COUNT </OLD> <NEW> chhaata </NEW> </PATCH> <PATCH> E04 L025 <OLD> 57 minutes ke liye </OLD> <NEW> aaj </NEW> </PATCH>
PPL_329C2E79B502,<PATCH> E02 L025 <OLD> tutors May 8 ko 2 PM ko </OLD> <NEW> aj ke </NEW> </PATCH> <PATCH> E03 L018 <OLD> khoje </OLD> <NEW> list </NEW> </PATCH> <PATCH> E04 L047 <OLD> bachne wale </OLD> <NEW> sarey </NEW> </PATCH>
PPL_843554861607,<PATCH> E01 L025 <OLD> 3 dino ke liye </OLD> <NEW> 5 minutes </NEW> </PATCH> <PATCH> E02 L048 <OLD> Countdown </OLD> <NEW> timer </NEW> </PATCH>
PPL_A90151592901,<PATCH> E01 L025 <OLD> St . Patrick ' s day ke liye </OLD> <NEW> Aaj </NEW> </PATCH> <PATCH> E04 L045 <OLD> Temperate </OLD> <NEW> thanda </NEW> </PATCH>
PPL_C1548F8242EF,<PATCH> E01 L024 <OLD> bachcho festival </OLD> <NEW> Music events </NEW> </PATCH> <PATCH> E02 L025 <OLD> 50 mins ke liye </OLD> <NEW> Friday </NEW> </PATCH> <PATCH> E04 L052 <OLD> Goodyear </OLD> <NEW> NYC </NEW> </PATCH>
PPL_5D21098D1873,<PATCH> E02 L052 <OLD> Puerto Rico </OLD> <NEW> Green Bay </NEW> </PATCH> <PATCH> E03 L025 <OLD> Saturday subah 7 ; 15 ke liye </OLD> <NEW> Christmas </NEW> </PATCH>
PPL_D2969D82FABA,<PATCH> E02 L002 <OLD> Marlene </OLD> <NEW> sam </NEW> </PATCH> <PATCH> E04 L002 <OLD> Celeste </OLD> <NEW> sam </NEW> </PATCH>
PPL_0A584DE2C74E,<PATCH> E01 L032 <OLD> Saturday Dave ko dekhne ke liye intazar nahi kar sakta </OLD> <NEW> we ' re having spaghetti tomorrow night </NEW> </PATCH> <PATCH> E03 L002 <OLD> client </OLD> <NEW> john </NEW> </PATCH> <PATCH> E04 L002 <OLD> Muriel </OLD> <NEW> john </NEW> </PATCH>
PPL_68F008947B4C,<PATCH> E02 L036 <OLD> banana bread </OLD> <NEW> dryer </NEW> </PATCH> <PATCH> E03 L048 <OLD> resume </OLD> <NEW> timer </NEW> </PATCH>
PPL_B5D2B723D418,<PATCH> E01 L048 <OLD> timer suspend </OLD> <NEW> timer </NEW> </PATCH> <PATCH> E04 L025 <OLD> 19 may 2000 ko </OLD> <NEW> 60 seconds ke baad </NEW> </PATCH>
PPL_8778B05C2304,<PATCH> E02 L045 <OLD> nicest </OLD> <NEW> baarish </NEW> </PATCH> <PATCH> E03 L025 <OLD> May 5th ko subah 9 bajhe ke liye </OLD> <NEW> aaj </NEW> </PATCH>
PPL_5597B6CEA025,"<PATCH> E02 L038 <OLD> breeze </OLD> <NEW> snow </NEW> </PATCH> <PATCH> E03 L052 <OLD> Yarmouth , ns </OLD> <NEW> mt . hood </NEW> </PATCH>"
PPL_BDA616F8D8C8,<PATCH> E01 L008 <OLD> san bernadino </OLD> <NEW> Biloxi </NEW> </PATCH>
PPL_8DCB2B5D573E,<PATCH> E02 L035 <OLD> Marti </OLD> <NEW> mere </NEW> </PATCH> <PATCH> E03 L025 <OLD> kal 3 : 30 pm ko </OLD> <NEW> Wednesday par ko </NEW> </PATCH>
PPL_0CB13C5C72F3,<PATCH> E02 L025 <OLD> Tuesday sham 5 bajhe ke liye </OLD> <NEW> chaar dinon me </NEW> </PATCH> <PATCH> E03 L003 <OLD> Xander </OLD> <NEW> mujhe </NEW> </PATCH> <PATCH> E04 L010 <OLD> dad se milne </OLD> <NEW> ande khareedne </NEW> </PATCH>
PPL_31CE3E76E2F7,<PATCH> E02 L032 <OLD> sabhi Presidents </OLD> <NEW> i will be running a bit late </NEW> </PATCH> <PATCH> E03 L002 <OLD> Dean </OLD> <NEW> Loki </NEW> </PATCH>
PPL_48D736982846,<PATCH> E02 L047 <OLD> ek </OLD> <NEW> sabhi </NEW> </PATCH> <PATCH> E03 L003 <OLD> reading </OLD> <NEW> mere </NEW> </PATCH> <PATCH> E04 L003 <OLD> MC </OLD> <NEW> mere </NEW> </PATCH>
PPL_AB9B470A66E0,<PATCH> E02 L024 <OLD> plane show </OLD> <NEW> Music </NEW> </PATCH> <PATCH> E03 L020 <OLD> Jackie Robinson Parkway </OLD> <NEW> Helsinki </NEW> </PATCH> <PATCH> E04 L025 <OLD> 5 minutes aur 30 seconds ke liye </OLD> <NEW> Aaj raat </NEW> </PATCH>
PPL_F59483C257A9,"<PATCH> E01 L049 <OLD> temecula </OLD> <NEW> augusta </NEW> </PATCH> <PATCH> E03 L019 <OLD> Springfield , TN </OLD> <NEW> atlanta </NEW> </PATCH>"
PPL_3CC13B7E18E5,<PATCH> E01 L045 <OLD> dry </OLD> <NEW> garmi </NEW> </PATCH> <PATCH> E03 L025 <OLD> 17th June ko 5 pm ko </OLD> <NEW> Thursday ko </NEW> </PATCH>
PPL_D280BA65CCA4,<PATCH> E02 L003 <OLD> Derek </OLD> <NEW> mera </NEW> </PATCH> <PATCH> E04 L023 <OLD> April 9th ke liye </OLD> <NEW> is week </NEW> </PATCH>
PPL_0180F49C5E18,<PATCH> E01 L025 <OLD> October 10th se pehle </OLD> <NEW> ek ghante </NEW> </PATCH> <PATCH> E03 L048 <OLD> time out </OLD> <NEW> timer </NEW> </PATCH> <PATCH> E04 L048 <OLD> snooze </OLD> <NEW> timer </NEW> </PATCH>
PPL_39B7663DA05D,<PATCH> E01 L010 <OLD> Norm </OLD> <NEW> Muje lisa ko pick up </NEW> </PATCH> <PATCH> E02 L010 <OLD> Sons of Anarchy reruns dekhne ke liye </OLD> <NEW> lisa ko pick up </NEW> </PATCH> <PATCH> E03 L010 <OLD> meri sleep medication lene </OLD> <NEW> lisa ko pick up </NEW> </PATCH>
PPL_A79FC14C5FA9,"<PATCH> E01 L060 <OLD> clecius </OLD> <NEW> Celsius </NEW> </PATCH> <PATCH> E04 L052 <OLD> September me saturdays ko Youngstown , Ohio </OLD> <NEW> agle hafte Manila </NEW> </PATCH>"
PPL_DB6C323E1679,<PATCH> E01 L025 <OLD> 10 - minute </OLD> <NEW> 5 minutes </NEW> </PATCH> <PATCH> E04 L048 <OLD> timer countdown </OLD> <NEW> timer </NEW> </PATCH>
PPL_A1FD253912D1,<PATCH> E01 L025 <OLD> Wednesday ko 4 am aur 3 pm ke liye </OLD> <NEW> Halloween </NEW> </PATCH> <PATCH> E02 L025 <OLD> 3 pm aur 4 pm ke liye </OLD> <NEW> Halloween </NEW> </PATCH> <PATCH> E03 L025 <OLD> thursday se </OLD> <NEW> Halloween </NEW> </PATCH> <PATCH> E04 L052 <OLD> Oxford </OLD> <NEW> Dallas </NEW> </PATCH>
PPL_27EC889FCFCA,<PATCH> E03 L025 <OLD> 2 . 30pm Lallana </OLD> <NEW> August 20th ke baad </NEW> </PATCH>
PPL_C3F19645B4DF,<PATCH> E01 L045 <OLD> UV index </OLD> <NEW> barf </NEW> </PATCH> <PATCH> E02 L045 <OLD> water boots </OLD> <NEW> barf </NEW> </PATCH> <PATCH> E03 L025 <OLD> monday 6 pm ko </OLD> <NEW> aaj raat </NEW> </PATCH> <PATCH> E04 L025 <OLD> mornings par </OLD> <NEW> aaj raat </NEW> </PATCH>
PPL_C2DC53D81081,<PATCH> E01 L030 <OLD> 11 am ko </OLD> <NEW> dopahar </NEW> </PATCH> <PATCH> E02 L019 <OLD> Oceanside </OLD> <NEW> Kentucky </NEW> </PATCH> <PATCH> E03 L019 <OLD> pueblo </OLD> <NEW> Kentucky </NEW> </PATCH> <PATCH> E04 L019 <OLD> greece </OLD> <NEW> Tennessee </NEW> </PATCH>
PPL_B2B3947024B1,<PATCH> E01 L010 <OLD> Us ke reminders me tacos ke liye ingredients lene </OLD> <NEW> mujhe tacos ke liye ingredients lene </NEW> </PATCH> <PATCH> E04 L010 <OLD> Beth </OLD> <NEW> mujhe tacos ke liye ingredients lene </NEW> </PATCH>
PPL_D569D1FA2E6E,<PATCH> E01 L025 <OLD> February dopahar ko </OLD> <NEW> July 4 ko </NEW> </PATCH> <PATCH> E02 L010 <OLD> mere morning vitamins lene ke liye karne ke liye </OLD> <NEW> 2:00 baje party </NEW> </PATCH>
PPL_0343C695A18A,<PATCH> E01 L038 <OLD> softball game </OLD> <NEW> jacket </NEW> </PATCH> <PATCH> E02 L052 <OLD> Savannah Georgia </OLD> <NEW> seattle </NEW> </PATCH> <PATCH> E03 L025 <OLD> 57 minutes ke liye </OLD> <NEW> kal </NEW> </PATCH>
PPL_479CDE9D3881,<PATCH> E01 L025 <OLD> 12 : 38p ke liye </OLD> <NEW> 5 minutes </NEW> </PATCH> <PATCH> E02 L048 <OLD> resume </OLD> <NEW> timer </NEW> </PATCH>
PPL_AF211C51B404,<PATCH> E01 L003 <OLD> group </OLD> <NEW> mujhe </NEW> </PATCH> <PATCH> E03 L003 <OLD> team </OLD> <NEW> mujhe </NEW> </PATCH>
PPL_DC74B787ED72,"<PATCH> E01 L052 <OLD> norman </OLD> <NEW> Barcelona </NEW> </PATCH> <PATCH> E03 L052 <OLD> crown heights , Brooklyn </OLD> <NEW> Barcelona </NEW> </PATCH> <PATCH> E04 L052 <OLD> russia </OLD> <NEW> Barcelona </NEW> </PATCH>"
PPL_6CD0F2BBD0D3,<PATCH> E01 L045 <OLD> tropical storms </OLD> <NEW> baarish </NEW> </PATCH> <PATCH> E02 L045 <OLD> 86 </OLD> <NEW> baarish </NEW> </PATCH> <PATCH> E03 L025 <OLD> 10 seconds me </OLD> <NEW> aaj raat </NEW> </PATCH> <PATCH> E04 L045 <OLD> Shorts </OLD> <NEW> baarish </NEW> </PATCH>
PPL_EB681A6EE6CB,<PATCH> E01 L004 <OLD> MIX </OLD> <NEW> music </NEW> </PATCH> <PATCH> E02 L044 <OLD> jazz classics </OLD> <NEW> classical </NEW> </PATCH> <PATCH> E03 L004 <OLD> hits </OLD> <NEW> music </NEW> </PATCH>
PPL_51473DB61C5B,<PATCH> E01 L024 <OLD> agle do hafton me Winery events </OLD> <NEW> christmas tree lighting </NEW> </PATCH>
PPL_D5AC802DB440,<PATCH> E01 L010 <OLD> Redhill moms </OLD> <NEW> mujhe aj raat andey laane </NEW> </PATCH> <PATCH> E02 L025 <OLD> Thursday ke ko </OLD> <NEW> aj raat </NEW> </PATCH> <PATCH> E03 L010 <OLD> chairs pickup karne </OLD> <NEW> andey laane ke liye </NEW> </PATCH>
PPL_9C87A51FECF0,<PATCH> E01 L025 <OLD> har hafte subha 8 am ke liye </OLD> <NEW> next month </NEW> </PATCH> <PATCH> E02 L010 <OLD> mammogram lene </OLD> <NEW> basketball game </NEW> </PATCH> <PATCH> E03 L010 <OLD> baat </OLD> <NEW> basketball game </NEW> </PATCH> <PATCH> E04 L025 <OLD> for the noon </OLD> <NEW> next month </NEW> </PATCH>
PPL_06DBBFFAD135,<PATCH> E01 L010 <OLD> return books </OLD> <NEW> mujhe upcoming credit card payment </NEW> </PATCH> <PATCH> E02 L010 <OLD> John ko milne ke liye </OLD> <NEW> mujhe upcoming credit card payment </NEW> </PATCH> <PATCH> E03 L003 <OLD> BRIDGETT </OLD> <NEW> mujhe </NEW> </PATCH>
PPL_2F05BDE23C7B,<PATCH> E02 L010 <OLD> Andrew ko report bhejne ke liye </OLD> <NEW> project submit </NEW> </PATCH> <PATCH> E03 L025 <OLD> kal 8 : 45 ke liye </OLD> <NEW> 4 pm ko </NEW> </PATCH> <PATCH> E04 L003 <OLD> JULIE </OLD> <NEW> muje </NEW> </PATCH>
PPL_8F957D40EC85,<PATCH> E01 L025 <OLD> february 14th ki midnight ke liye </OLD> <NEW> kal </NEW> </PATCH> <PATCH> E02 L010 <OLD> child ko pick karne ke liye </OLD> <NEW> haircut ke liye </NEW> </PATCH> <PATCH> E03 L003 <OLD> alex </OLD> <NEW> mujhe </NEW> </PATCH>
PPL_9CC177D43DE4,<PATCH> E01 L002 <OLD> sean </OLD> <NEW> William </NEW> </PATCH> <PATCH> E02 L032 <OLD> mujhe naya purse pasand </OLD> <NEW> dushman aa raha hai </NEW> </PATCH> <PATCH> E04 L002 <OLD> Marcus </OLD> <NEW> William </NEW> </PATCH>
PPL_7BF9694F7B9A,<PATCH> E02 L003 <OLD> Ashley </OLD> <NEW> mere </NEW> </PATCH> <PATCH> E03 L010 <OLD> balance check book </OLD> <NEW> mere agle vacation </NEW> </PATCH>
PPL_0DB50FE10A3E,<PATCH> E01 L010 <OLD> team </OLD> <NEW> meri dry cleaning pick up krne ke liye </NEW> </PATCH> <PATCH> E02 L010 <OLD> test lene </OLD> <NEW> meri dry cleaning pick up krne ke liye </NEW> </PATCH>
PPL_06711E7D0306,<PATCH> E01 L048 <OLD> times </OLD> <NEW> timer </NEW> </PATCH> <PATCH> E02 L025 <OLD> August 26th ko subah 6 baje </OLD> <NEW> 34 seconds </NEW> </PATCH>
PPL_5740F1545BB9,<PATCH> E02 L052 <OLD> Sweden </OLD> <NEW> Melbourne </NEW> </PATCH> <PATCH> E03 L025 <OLD> three days </OLD> <NEW> tuesday ko </NEW> </PATCH> <PATCH> E04 L052 <OLD> Third Street </OLD> <NEW> Melbourne </NEW> </PATCH>
PPL_9D8EA4163544,<PATCH> E01 L052 <OLD> Heliopolis </OLD> <NEW> chandler </NEW> </PATCH> <PATCH> E02 L025 <OLD> kal subah </OLD> <NEW> aaj </NEW> </PATCH>
PPL_A7F0B4047806,<PATCH> E01 L048 <OLD> count </OLD> <NEW> timer </NEW> </PATCH> <PATCH> E03 L048 <OLD> clock </OLD> <NEW> timer </NEW> </PATCH> <PATCH> E04 L025 <OLD> kal subah 8 bajhe </OLD> <NEW> 10 minute </NEW> </PATCH>
PPL_2F232BEB3E18,<PATCH> E01 L023 <OLD> din pehle </OLD> <NEW> agle maheene ke liye </NEW> </PATCH> <PATCH> E03 L025 <OLD> Is thursday sham 9 bajhe </OLD> <NEW> agle maheene ke liye </NEW> </PATCH> <PATCH> E04 L010 <OLD> dentist appointment schedule karne </OLD> <NEW> library meetings </NEW> </PATCH>
PPL_60AA1427AE92,<PATCH> E01 L010 <OLD> aria se milne </OLD> <NEW> Nina ko card bhejne ke liye </NEW> </PATCH> <PATCH> E02 L003 <OLD> cary </OLD> <NEW> mujhe </NEW> </PATCH> <PATCH> E03 L003 <OLD> Joseph </OLD> <NEW> mujhe </NEW> </PATCH>
PPL_7831AD3B9379,<PATCH> E01 L010 <OLD> steps ko sweep karne ke liye </OLD> <NEW> car me gas dalane </NEW> </PATCH> <PATCH> E03 L025 <OLD> aj sham 5 : 30 ke liye </OLD> <NEW> aaj </NEW> </PATCH>
PPL_2DAE8D7AA662,<PATCH> E03 L025 <OLD> 5 min ke liye </OLD> <NEW> aj raat </NEW> </PATCH> <PATCH> E04 L025 <OLD> December 27th ko 2018 </OLD> <NEW> aj raat </NEW> </PATCH>
PPL_A82E4105838E,<PATCH> E01 L046 <OLD> garage sales </OLD> <NEW> christmas caroling </NEW> </PATCH> <PATCH> E02 L025 <OLD> 3 : 30 aur 4 : 15 </OLD> <NEW> is weekend </NEW> </PATCH> <PATCH> E03 L033 <OLD> Parma Cleveland </OLD> <NEW> milwaukee </NEW> </PATCH> <PATCH> E04 L025 <OLD> kal raat 7 : 00 baje ke baad </OLD> <NEW> is weekend </NEW> </PATCH>
PPL_133718F664B9,<PATCH> E01 L023 <OLD> mon 4 pm ko </OLD> <NEW> Thursday </NEW> </PATCH> <PATCH> E02 L003 <OLD> Joao </OLD> <NEW> mujhe </NEW> </PATCH> <PATCH> E04 L013 <OLD> har maheene ko second Thursday ki shaam ko hai </OLD> <NEW> Master Gardener meeting </NEW> </PATCH>
PPL_D34F74E9B805,<PATCH> E01 L025 <OLD> 9 pm aur 11 pm ke liye </OLD> <NEW> THURSDAY RAAT KO </NEW> </PATCH> <PATCH> E03 L010 <OLD> Laser show </OLD> <NEW> MERA TIMECARD COMPLETE KARNE KE LIYE </NEW> </PATCH> <PATCH> E04 L013 <OLD> EVERY FRIDAY </OLD> <NEW> WEEKLY </NEW> </PATCH>
PPL_DFA9805C113D,"<PATCH> E01 L008 <OLD> Grand Forks , ND </OLD> <NEW> New York City </NEW> </PATCH> <PATCH> E03 L025 <OLD> 12 minutes </OLD> <NEW> Is weekend </NEW> </PATCH>"
PPL_74A77E832406,<PATCH> E01 L010 <OLD> Lily ko milne </OLD> <NEW> Nicky ki birthday party </NEW> </PATCH> <PATCH> E02 L003 <OLD> paul </OLD> <NEW> Mujhe </NEW> </PATCH> <PATCH> E03 L010 <OLD> Tim Stacey band hai </OLD> <NEW> Mujhe Nicky ki birthday party </NEW> </PATCH>
PPL_7F3B7B40BFE1,<PATCH> E01 L042 <OLD> Telegram </OLD> <NEW> iMessage </NEW> </PATCH> <PATCH> E04 L032 <OLD> get some drinks for our trip tomorrow </OLD> <NEW> I can bring cups to the party </NEW> </PATCH>
PPL_4A44813D68B8,<PATCH> E01 L025 <OLD> 5 mins </OLD> <NEW> 15 minutes ke liye </NEW> </PATCH>
PPL_A2BF8362E763,<PATCH> E01 L048 <OLD> Stopwatch </OLD> <NEW> timer </NEW> </PATCH> <PATCH> E02 L048 <OLD> STOPWATCH </OLD> <NEW> timer </NEW> </PATCH>
PPL_BD318F37FEF8,<PATCH> E01 L006 <OLD> Conlan </OLD> <NEW> Mujhe </NEW> </PATCH> <PATCH> E04 L032 <OLD> beer laane ke liye </OLD> <NEW> buy shorts for my daughter Friday and Saturday </NEW> </PATCH>
PPL_5AE094880F80,<PATCH> E03 L025 <OLD> subha 8 : 30 baje me </OLD> <NEW> aaj </NEW> </PATCH> <PATCH> E04 L025 <OLD> subha 6 : 45 baje me </OLD> <NEW> aaj </NEW> </PATCH>
PPL_F84010AC9A76,<PATCH> E02 L025 <OLD> Kevin </OLD> <NEW> mere sunday </NEW> </PATCH> <PATCH> E03 L025 <OLD> kal dopahar 3 : 30 bajhe </OLD> <NEW> sunday </NEW> </PATCH>
PPL_A09822C466F9,<PATCH> E01 L010 <OLD> Orthodontic appointments </OLD> <NEW> meri car ko fix </NEW> </PATCH> <PATCH> E03 L010 <OLD> Riley ke medicines refill karne ke liye </OLD> <NEW> meri car ko fix </NEW> </PATCH> <PATCH> E04 L025 <OLD> seven minutes ko </OLD> <NEW> aaj raat </NEW> </PATCH>
PPL_83491CA352C1,<PATCH> E02 L025 <OLD> three days </OLD> <NEW> five minutes me </NEW> </PATCH> <PATCH> E03 L048 <OLD> timer . </OLD> <NEW> timer </NEW> </PATCH>
PPL_CA1FC111A0FE,<PATCH> E04 L010 <OLD> beach trip ke liye pack karne </OLD> <NEW> humari meeting </NEW> </PATCH>
PPL_C155BF5566CE,<PATCH> E02 L004 <OLD> playlist </OLD> <NEW> music </NEW> </PATCH> <PATCH> E03 L044 <OLD> Chitty bangbang score </OLD> <NEW> 90 </NEW> </PATCH> <PATCH> E04 L007 <OLD> the hit </OLD> <NEW> 90 </NEW> </PATCH>
PPL_1A109877FC59,<PATCH> E01 L048 <OLD> buzzer </OLD> <NEW> timer </NEW> </PATCH> <PATCH> E02 L048 <OLD> Stopwatch </OLD> <NEW> timer </NEW> </PATCH> <PATCH> E03 L025 <OLD> tomorrow at 5 30 pm </OLD> <NEW> 7 minutes </NEW> </PATCH> <PATCH> E04 L025 <OLD> Aaj shaam 6 baje </OLD> <NEW> 7 minutes </NEW> </PATCH>
PPL_8B04287DF89C,<PATCH> E01 L019 <OLD> Moorhead </OLD> <NEW> Tucson </NEW> </PATCH> <PATCH> E04 L049 <OLD> Hazlet </OLD> <NEW> Phoenix </NEW> </PATCH>
PPL_C20F08D4E080,<PATCH> E01 L025 <OLD> agle SATURDAY </OLD> <NEW> 8 pm ko </NEW> </PATCH> <PATCH> E02 L025 <OLD> 7 : 00 se </OLD> <NEW> 8 pm ko </NEW> </PATCH> <PATCH> E04 L010 <OLD> big elm ko shoot karne ke liye </OLD> <NEW> cell phone bill pay karne ka </NEW> </PATCH>
PPL_DB2084AEAE07,<PATCH> E01 L025 <OLD> 30 min ke liye </OLD> <NEW> 15 minutes ke liye </NEW> </PATCH> <PATCH> E02 L048 <OLD> Timers </OLD> <NEW> timer </NEW> </PATCH> <PATCH> E03 L048 <OLD> countdown </OLD> <NEW> timer </NEW> </PATCH> <PATCH> E04 L025 <OLD> is friday subah 9 bajhe ke liye </OLD> <NEW> 15 minutes ke liye </NEW> </PATCH>
PPL_8FD6F730A206,<PATCH> E03 L025 <OLD> 10 : 00 A . M ko </OLD> <NEW> kal subah ke liye </NEW> </PATCH> <PATCH> E04 L025 <OLD> Friday 12 : 55 pm ke liye </OLD> <NEW> kal subah ke liye </NEW> </PATCH>
PPL_CBC3D2D56764,<PATCH> E02 L019 <OLD> hidalgo </OLD> <NEW> Tampa </NEW> </PATCH> <PATCH> E04 L049 <OLD> Hollywood </OLD> <NEW> San Francisco </NEW> </PATCH>
PPL_99C2AEAF0ACE,<PATCH> E01 L025 <OLD> Tuesday ko 2nd par </OLD> <NEW> agley haftey </NEW> </PATCH> <PATCH> E02 L025 <OLD> for Friday morning at 10 </OLD> <NEW> agley haftey </NEW> </PATCH> <PATCH> E03 L003 <OLD> TS </OLD> <NEW> mere </NEW> </PATCH> <PATCH> E04 L025 <OLD> is aane waale Tuesday dopahar ke liye </OLD> <NEW> agley haftey </NEW> </PATCH>
PPL_68ED1A519625,<PATCH> E01 L025 <OLD> agle tuesday ke liye </OLD> <NEW> minutes </NEW> </PATCH> <PATCH> E02 L048 <OLD> Timer countdown </OLD> <NEW> timer </NEW> </PATCH> <PATCH> E03 L048 <OLD> thirty minute </OLD> <NEW> timer </NEW> </PATCH> <PATCH> E04 L048 <OLD> timer countdown </OLD> <NEW> timer </NEW> </PATCH>
PPL_BB3A6892479C,<PATCH> E01 L032 <OLD> I got your new phone number </OLD> <NEW> mai usse pyar karta </NEW> </PATCH> <PATCH> E02 L002 <OLD> fire service </OLD> <NEW> Laura </NEW> </PATCH> <PATCH> E03 L032 <OLD> I miss her terribly </OLD> <NEW> mai usse pyar karta </NEW> </PATCH> <PATCH> E04 L002 <OLD> IT guy </OLD> <NEW> Laura </NEW> </PATCH>
PPL_CD109030D602,<PATCH> E02 L025 <OLD> August 25 se pehle </OLD> <NEW> 10 minutes ke liye </NEW> </PATCH>
PPL_655E7266C544,<PATCH> E01 L010 <OLD> Do ghante mei andey kharidne ka </OLD> <NEW> work ke baad andey kharidne ka </NEW> </PATCH> <PATCH> E02 L010 <OLD> math test </OLD> <NEW> andey kharidne ka </NEW> </PATCH> <PATCH> E03 L010 <OLD> Merlin ki vet visit </OLD> <NEW> andey kharidne ka </NEW> </PATCH>
PPL_4A6C4C07165A,<PATCH> E02 L025 <OLD> 6 : 45 minutes ke liye </OLD> <NEW> ek ghante ke liye </NEW> </PATCH> <PATCH> E04 L048 <OLD> samay </OLD> <NEW> timer </NEW> </PATCH>
PPL_9BFFAAC85E61,<PATCH> E02 L010 <OLD> dining car insurance pay karne ke liye </OLD> <NEW> mujhe meeting ke liye tayyar hone </NEW> </PATCH>
PPL_7DC9530D750C,<PATCH> E02 L003 <OLD> band </OLD> <NEW> Mujhe </NEW> </PATCH> <PATCH> E04 L010 <OLD> Emma ki party </OLD> <NEW> Mujhe groceries khareedne </NEW> </PATCH>
PPL_A75472A42B1E,<PATCH> E01 L025 <OLD> aaj raat 5 : 00 baje clock </OLD> <NEW> 30 minute </NEW> </PATCH> <PATCH> E04 L048 <OLD> thirty minute </OLD> <NEW> timer </NEW> </PATCH>
PPL_A39B6E296B70,<PATCH> E01 L049 <OLD> Minneapolis Minnesota </OLD> <NEW> lansing </NEW> </PATCH> <PATCH> E03 L019 <OLD> Stanford </OLD> <NEW> detroit </NEW> </PATCH>
PPL_E1C4DEED40A1,<PATCH> E03 L019 <OLD> South beach </OLD> <NEW> New York </NEW> </PATCH> <PATCH> E04 L019 <OLD> Penfield </OLD> <NEW> New York aur Chicago </NEW> </PATCH>
PPL_EE208A5A6044,<PATCH> E01 L045 <OLD> three hours </OLD> <NEW> dhoop </NEW> </PATCH> <PATCH> E02 L045 <OLD> Hurricane </OLD> <NEW> dhoop </NEW> </PATCH> <PATCH> E03 L045 <OLD> snow storm </OLD> <NEW> dhoop </NEW> </PATCH> <PATCH> E04 L025 <OLD> Monday 6 : 30 pm ko </OLD> <NEW> aaj dopahar </NEW> </PATCH>
PPL_CCCB9575D199,<PATCH> E02 L010 <OLD> balance check book </OLD> <NEW> meri AA meetings </NEW> </PATCH> <PATCH> E03 L003 <OLD> maid </OLD> <NEW> mere </NEW> </PATCH> <PATCH> E04 L018 <OLD> padiye </OLD> <NEW> dikhao </NEW> </PATCH>
PPL_4BD16A5ACB2F,<PATCH> E02 L049 <OLD> Kent </OLD> <NEW> Vegas </NEW> </PATCH> <PATCH> E04 L019 <OLD> south Korea </OLD> <NEW> Mesquite </NEW> </PATCH>
PPL_0436A94784C3,<PATCH> E02 L024 <OLD> the Country Music Awards </OLD> <NEW> Workshops </NEW> </PATCH> <PATCH> E03 L025 <OLD> july 20th ke liye </OLD> <NEW> is weekend </NEW> </PATCH>
PPL_3332AB6BAC03,<PATCH> E03 L010 <OLD> Asia pasta ko defrost karne ke liye </OLD> <NEW> Mere tv show </NEW> </PATCH>
PPL_C910A3A057DA,<PATCH> E02 L010 <OLD> appraisal </OLD> <NEW> project work review karne </NEW> </PATCH> <PATCH> E03 L025 <OLD> agley 5 din tak ke liye </OLD> <NEW> dopahar 2 baje </NEW> </PATCH> <PATCH> E04 L003 <OLD> neal </OLD> <NEW> Mujhe </NEW> </PATCH>
PPL_6863DFFEF71C,<PATCH> E01 L010 <OLD> light on rakhne </OLD> <NEW> make vet appointment </NEW> </PATCH> <PATCH> E04 L003 <OLD> JULIE </OLD> <NEW> mujhe </NEW> </PATCH>
PPL_57D5E3B121BE,<PATCH> E01 L037 <OLD> current location </OLD> <NEW> yaha </NEW> </PATCH> <PATCH> E03 L024 <OLD> Broadway plays </OLD> <NEW> tree lighting ceremonies </NEW> </PATCH> <PATCH> E04 L025 <OLD> Thanksgiving Day </OLD> <NEW> is weekend </NEW> </PATCH>
PPL_C4F99B922567,"<PATCH> E01 L010 <OLD> one bag of coffee </OLD> <NEW> college ke liye apply karne </NEW> </PATCH> <PATCH> E02 L025 <OLD> Wednesday , subha </OLD> <NEW> Monday ko </NEW> </PATCH> <PATCH> E03 L010 <OLD> meri flight online check karne </OLD> <NEW> college ke liye apply karne </NEW> </PATCH> <PATCH> E04 L003 <OLD> Brody </OLD> <NEW> mujhe </NEW> </PATCH>"
PPL_0F1486276BEC,<PATCH> E01 L013 <OLD> har saturday morning 5 baje </OLD> <NEW> har raat </NEW> </PATCH> <PATCH> E03 L010 <OLD> sale shuru hone ke liye </OLD> <NEW> dog ko khilane </NEW> </PATCH>
PPL_8A641F0DAA9C,<PATCH> E03 L025 <OLD> July 19 ke liye </OLD> <NEW> next week </NEW> </PATCH> <PATCH> E04 L045 <OLD> humidex rating </OLD> <NEW> winter coat next week </NEW> </PATCH>
PPL_C02EDC4C8477,<PATCH> E01 L025 <OLD> Saturday raat 8 baje </OLD> <NEW> agley weekend </NEW> </PATCH> <PATCH> E03 L052 <OLD> beech mountain </OLD> <NEW> Houston </NEW> </PATCH>
PPL_7D3CAEB9A238,<PATCH> E01 L025 <OLD> 12th ki 3 baje </OLD> <NEW> subah 10 ka </NEW> </PATCH> <PATCH> E02 L052 <OLD> Floyd </OLD> <NEW> New York </NEW> </PATCH> <PATCH> E04 L025 <OLD> 9 baje se </OLD> <NEW> subah 10 ka </NEW> </PATCH>
PPL_A7F471DF14D6,<PATCH> E04 L025 <OLD> 120 seconds tak </OLD> <NEW> wednesday </NEW> </PATCH>
PPL_E4485381AB70,<PATCH> E01 L019 <OLD> Summerlin aur seatlle </OLD> <NEW> australia </NEW> </PATCH>
PPL_537617D62733,"<PATCH> E02 L025 <OLD> New year ' s Eve ke liye </OLD> <NEW> Is weekend </NEW> </PATCH> <PATCH> E03 L052 <OLD> providence road </OLD> <NEW> Los Angeles </NEW> </PATCH> <PATCH> E04 L008 <OLD> Rai laffan , Qatar </OLD> <NEW> Los Angeles </NEW> </PATCH>"
PPL_99573133D4F6,<PATCH> E02 L008 <OLD> walker </OLD> <NEW> austin </NEW> </PATCH> <PATCH> E04 L025 <OLD> Wednesday subah 9 baje </OLD> <NEW> is weekend </NEW> </PATCH>
PPL_B8A5E1552F6B,<PATCH> E01 L041 <OLD> UCLA </OLD> <NEW> meri </NEW> </PATCH> <PATCH> E02 L025 <OLD> adhe minute ke liye </OLD> <NEW> 11 am </NEW> </PATCH> <PATCH> E03 L024 <OLD> Beer events </OLD> <NEW> meeting </NEW> </PATCH> <PATCH> E04 L053 <OLD> kal 3 kal ke liye </OLD> <NEW> 11 am </NEW> </PATCH>
PPL_60E8D6F8FCA6,<PATCH> E01 L013 <OLD> aj sham 5 bajhe </OLD> <NEW> Saturday 400 PM ko </NEW> </PATCH> <PATCH> E02 L010 <OLD> Tom ke liye speadsheet create ke liye </OLD> <NEW> mujhe Amazon se mera online food order check karne </NEW> </PATCH> <PATCH> E03 L013 <OLD> every 3 weeks </OLD> <NEW> Har Saturday </NEW> </PATCH> <PATCH> E04 L013 <OLD> PTO </OLD> <NEW> Amazon </NEW> </PATCH>
PPL_B4B08B9C7A83,<PATCH> E01 L010 <OLD> mascara khareedne </OLD> <NEW> school se ghar aane par crockpot ko check kare. ke liye </NEW> </PATCH> <PATCH> E02 L003 <OLD> myself </OLD> <NEW> Laura </NEW> </PATCH>
PPL_98DA0A55702E,<PATCH> E02 L048 <OLD> Count down </OLD> <NEW> timer </NEW> </PATCH> <PATCH> E03 L025 <OLD> is friday ke liye </OLD> <NEW> 35 minutes ke liye </NEW> </PATCH>
PPL_2053A3B6E8D9,"<PATCH> E01 L019 <OLD> Langhorne PA </OLD> <NEW> Texas </NEW> </PATCH> <PATCH> E02 L049 <OLD> Utica , NY </OLD> <NEW> Quebec </NEW> </PATCH> <PATCH> E03 L049 <OLD> dewey ave </OLD> <NEW> Quebec </NEW> </PATCH>"
PPL_C799A1FC3839,<PATCH> E02 L024 <OLD> Festival of Lights </OLD> <NEW> the Jazz game </NEW> </PATCH> <PATCH> E03 L025 <OLD> 2nd of July ke liye </OLD> <NEW> 8 PM </NEW> </PATCH>
PPL_E0C126C958B3,<PATCH> E03 L025 <OLD> 20th may ke liye </OLD> <NEW> aaj shaam </NEW> </PATCH> <PATCH> E04 L025 <OLD> April 30th tak </OLD> <NEW> aaj shaam </NEW> </PATCH>
PPL_2E4CBD23B055,<PATCH> E03 L045 <OLD> good </OLD> <NEW> tan is afternoon </NEW> </PATCH> <PATCH> E04 L025 <OLD> february mei </OLD> <NEW> is afternoon </NEW> </PATCH>
PPL_E917716F1644,<PATCH> E01 L025 <OLD> Saturday par subha 10 baje ke liye </OLD> <NEW> 30 minutes ke liye </NEW> </PATCH> <PATCH> E02 L048 <OLD> timing </OLD> <NEW> timer </NEW> </PATCH> <PATCH> E03 L048 <OLD> time out timer </OLD> <NEW> timer </NEW> </PATCH> <PATCH> E04 L025 <OLD> Friday raat 6 : 30 pm ko </OLD> <NEW> 30 minutes ke liye </NEW> </PATCH>
PPL_253B39EFEB70,<PATCH> E04 L025 <OLD> monday ko 9 baje </OLD> <NEW> suraj 3 pm ko </NEW> </PATCH>
PPL_FC9F5EBA5C3A,<PATCH> E02 L025 <OLD> is saal Christmas Eve ke liye </OLD> <NEW> Agle hafte </NEW> </PATCH> <PATCH> E03 L052 <OLD> Here </OLD> <NEW> Orlando </NEW> </PATCH> <PATCH> E04 L052 <OLD> shaam 6:45 me southern Texas Mexico border </OLD> <NEW> Agle hafte Orlando </NEW> </PATCH>
PPL_AE41D4D24BCF,<PATCH> E02 L052 <OLD> redmond </OLD> <NEW> boston </NEW> </PATCH> <PATCH> E03 L025 <OLD> 3 dino ke liye </OLD> <NEW> next week </NEW> </PATCH> <PATCH> E04 L025 <OLD> dopahar 1 baje aur 4 baje ke liye </OLD> <NEW> next week </NEW> </PATCH>
PPL_27CE2341D0BD,<PATCH> E01 L025 <OLD> October 14th ko </OLD> <NEW> weekend </NEW> </PATCH> <PATCH> E03 L052 <OLD> central new jersey </OLD> <NEW> Juneau </NEW> </PATCH>
PPL_F9C27A8A2078,<PATCH> E04 L003 <OLD> work team </OLD> <NEW> Mujhe </NEW> </PATCH>
PPL_FAF052E64103,<PATCH> E01 L010 <OLD> baseball game ko tv par record karne </OLD> <NEW> deliveries are to be here </NEW> </PATCH> <PATCH> E02 L010 <OLD> dinner ke baad </OLD> <NEW> wednesday </NEW> </PATCH> <PATCH> E03 L010 <OLD> flag football team </OLD> <NEW> Mujhe </NEW> </PATCH> <PATCH> E04 L003 <OLD> Susan </OLD> <NEW> Mujhe </NEW> </PATCH>
PPL_C0040FE1FF96,"<PATCH> E01 L045 <OLD> harsh winter </OLD> <NEW> acha </NEW> </PATCH> <PATCH> E03 L025 <OLD> 7 , 8 aur 9 am ko </OLD> <NEW> kal </NEW> </PATCH>"
PPL_B21FA87F417C,<PATCH> E01 L048 <OLD> thirty minute </OLD> <NEW> timer </NEW> </PATCH> <PATCH> E02 L025 <OLD> is weekend </OLD> <NEW> twenty minute </NEW> </PATCH> <PATCH> E03 L048 <OLD> Countdown </OLD> <NEW> timer </NEW> </PATCH> <PATCH> E04 L025 <OLD> 2 : 00 pm ke liye </OLD> <NEW> twenty minute </NEW> </PATCH>
PPL_4AB6ED422686,<PATCH> E01 L002 <OLD> debbie </OLD> <NEW> Mandy </NEW> </PATCH> <PATCH> E03 L002 <OLD> Walt </OLD> <NEW> Mandy </NEW> </PATCH> <PATCH> E04 L032 <OLD> I will be at the casino event this evening </OLD> <NEW> muje aaj late kaam karna he. </NEW> </PATCH>
PPL_057FADB81BDC,<PATCH> E02 L025 <OLD> 7 minutes ka </OLD> <NEW> September 1 ko </NEW> </PATCH> <PATCH> E03 L010 <OLD> clean the windows </OLD> <NEW> mere best friend ka birthday he ke liye </NEW> </PATCH> <PATCH> E04 L010 <OLD> mere coworkers </OLD> <NEW> muje mere best friend ka birthday he </NEW> </PATCH>
PPL_AC9CB184EAAE,<PATCH> E02 L019 <OLD> Saint Cloud se kansas city </OLD> <NEW> Burlington </NEW> </PATCH> <PATCH> E03 L019 <OLD> 118th Avenue </OLD> <NEW> Boston </NEW> </PATCH>
PPL_3A352984F33C,<PATCH> E01 L025 <OLD> October 3rd </OLD> <NEW> aaj raat 8 baje ko </NEW> </PATCH> <PATCH> E02 L003 <OLD> Dustin </OLD> <NEW> Muje </NEW> </PATCH> <PATCH> E03 L025 <OLD> evening me </OLD> <NEW> aaj raat 8 baje ko </NEW> </PATCH> <PATCH> E04 L010 <OLD> personal trainer sessions ke liye </OLD> <NEW> show record </NEW> </PATCH>
PPL_10F3ED155E75,<PATCH> E01 L025 <OLD> rest of this week ke liye subah 5 : 30 plumber ke aane ke liye </OLD> <NEW> agle Wednesday </NEW> </PATCH> <PATCH> E02 L025 <OLD> Saturday aur Sunday ke ko Elena ke sleepover ke liye </OLD> <NEW> agle Wednesday </NEW> </PATCH> <PATCH> E04 L010 <OLD> mere parents anniversary party </OLD> <NEW> plumber ke aane ke liye </NEW> </PATCH>
PPL_F8406AFB17BF,<PATCH> E01 L010 <OLD> abhi se do hafte baad coffee laani ke liye </OLD> <NEW> coffee laani </NEW> </PATCH> <PATCH> E03 L018 <OLD> repeating </OLD> <NEW> coffee </NEW> </PATCH> <PATCH> E04 L010 <OLD> neighbors paas mere dog ki operation </OLD> <NEW> mujhe paas coffee laani </NEW> </PATCH>
PPL_2A8F8E6FFD05,<PATCH> E01 L013 <OLD> kal subah </OLD> <NEW> Tuesday mornings 7 am tak </NEW> </PATCH> <PATCH> E02 L010 <OLD> kaam ke baad car wash </OLD> <NEW> kachra baahar lejaane ke liye </NEW> </PATCH> <PATCH> E03 L010 <OLD> Diane </OLD> <NEW> kachra baahar lejaane ke liye </NEW> </PATCH> <PATCH> E04 L013 <OLD> every other week </OLD> <NEW> Har hafte </NEW> </PATCH>
PPL_283E809E100B,<PATCH> E01 L025 <OLD> agle Monday morning ke liye </OLD> <NEW> 8 minutes ke liye </NEW> </PATCH> <PATCH> E02 L048 <OLD> clock </OLD> <NEW> timer </NEW> </PATCH> <PATCH> E03 L048 <OLD> stopwatch timer </OLD> <NEW> timer </NEW> </PATCH>
PPL_505451AE3902,<PATCH> E01 L045 <OLD> dewpoint </OLD> <NEW> jacket </NEW> </PATCH> <PATCH> E04 L025 <OLD> on the 20th of May </OLD> <NEW> aaj </NEW> </PATCH>
PPL_A89E322A3681,<PATCH> E01 L025 <OLD> Sunday 8 baje ke liye </OLD> <NEW> 3 pm ko </NEW> </PATCH> <PATCH> E02 L010 <OLD> Dog grooming </OLD> <NEW> dr phil </NEW> </PATCH> <PATCH> E04 L023 <OLD> hamara </OLD> <NEW> dr phil </NEW> </PATCH>
PPL_32968214F450,<PATCH> E02 L002 <OLD> Delores </OLD> <NEW> Belinda </NEW> </PATCH> <PATCH> E03 L002 <OLD> Terrence </OLD> <NEW> Belinda </NEW> </PATCH>
PPL_2B42683D8041,<PATCH> E01 L023 <OLD> monday at 9 : 45 </OLD> <NEW> for August 20th at 5 am </NEW> </PATCH> <PATCH> E02 L023 <OLD> is due alert me </OLD> <NEW> for August 20th at 5 am </NEW> </PATCH> <PATCH> E03 L010 <OLD> bean supper </OLD> <NEW> work out </NEW> </PATCH>
PPL_7758DEC0D496,<PATCH> E01 L010 <OLD> Alice in Wonderland is on </OLD> <NEW> new job dekhne ke liye </NEW> </PATCH> <PATCH> E04 L025 <OLD> july 26 </OLD> <NEW> Kal </NEW> </PATCH>
PPL_61FFBCB3B397,<PATCH> E01 L002 <OLD> Tatiana </OLD> <NEW> Lisa </NEW> </PATCH> <PATCH> E02 L032 <OLD> the event is Tuesday </OLD> <NEW> mai downtown ke paas library me milna chahta hu </NEW> </PATCH>
PPL_A5AFAAA84410,<PATCH> E01 L003 <OLD> art camp </OLD> <NEW> maine </NEW> </PATCH> <PATCH> E02 L025 <OLD> St . Patrick ' s day ke liye </OLD> <NEW> last week </NEW> </PATCH> <PATCH> E04 L025 <OLD> Monday subha 5 baje </OLD> <NEW> last week </NEW> </PATCH>
PPL_A5F1A0982259,<PATCH> E01 L033 <OLD> Chicago </OLD> <NEW> NYE </NEW> </PATCH> <PATCH> E02 L025 <OLD> 11th ke liye </OLD> <NEW> NYE </NEW> </PATCH> <PATCH> E03 L025 <OLD> agley Thursday </OLD> <NEW> NYE </NEW> </PATCH> <PATCH> E04 L052 <OLD> Kalamazoo </OLD> <NEW> Hollywood </NEW> </PATCH>
PPL_FDF49E3FED16,<PATCH> E02 L004 <OLD> station </OLD> <NEW> music </NEW> </PATCH> <PATCH> E04 L044 <OLD> Big Band Jazz </OLD> <NEW> 90 </NEW> </PATCH>
PPL_91C17A65B033,<PATCH> E01 L022 <OLD> 100 miles ke andar </OLD> <NEW> aas paas </NEW> </PATCH> <PATCH> E02 L024 <OLD> wine or beer tasting </OLD> <NEW> concerts </NEW> </PATCH> <PATCH> E04 L025 <OLD> fifteen minutes tak </OLD> <NEW> kal </NEW> </PATCH>
PPL_8BC2B2951565,<PATCH> E02 L025 <OLD> Is Groundhog day ke liye music playing </OLD> <NEW> 6 pm </NEW> </PATCH>
PPL_394BC3491188,<PATCH> E02 L004 <OLD> mix </OLD> <NEW> songs </NEW> </PATCH>
PPL_B76347757532,<PATCH> E01 L025 <OLD> monday ko shaam 4 baje ke liye </OLD> <NEW> kal dopahar </NEW> </PATCH> <PATCH> E02 L003 <OLD> condo association board </OLD> <NEW> mere </NEW> </PATCH> <PATCH> E03 L023 <OLD> subah 6 baje </OLD> <NEW> to 2 pm </NEW> </PATCH>
PPL_C68EC4824CBE,<PATCH> E01 L018 <OLD> dikhao. </OLD> <NEW> dikhaye </NEW> </PATCH> <PATCH> E03 L003 <OLD> Jane </OLD> <NEW> Mere </NEW> </PATCH> <PATCH> E04 L003 <OLD> Mere group workout </OLD> <NEW> Mere gardening </NEW> </PATCH>
PPL_D4E6F9491B2A,<PATCH> E01 L025 <OLD> five minutes pehle </OLD> <NEW> agley ghante tak </NEW> </PATCH> <PATCH> E02 L048 <OLD> Timers </OLD> <NEW> timer </NEW> </PATCH> <PATCH> E04 L048 <OLD> timer . </OLD> <NEW> timer </NEW> </PATCH>
PPL_2F5A12EBDEC8,<PATCH> E01 L003 <OLD> Ghost Hunters </OLD> <NEW> Muje </NEW> </PATCH> <PATCH> E04 L010 <OLD> Big Brother ko record karne </OLD> <NEW> give the dog his heartworm medication ke liye </NEW> </PATCH>
PPL_2FF7B62007AF,<PATCH> E01 L025 <OLD> Monday subah 8 : 00 baje </OLD> <NEW> aaj </NEW> </PATCH> <PATCH> E03 L052 <OLD> Watford </OLD> <NEW> 95 </NEW> </PATCH>
PPL_EC535287CA9B,<PATCH> E01 L010 <OLD> meet up </OLD> <NEW> Mujhe Wednesday ke bajaye Friday ko oil change karne </NEW> </PATCH> <PATCH> E02 L023 <OLD> to Wednesday night </OLD> <NEW> Friday </NEW> </PATCH> <PATCH> E04 L025 <OLD> for 12 pm today </OLD> <NEW> Wednesday </NEW> </PATCH>
PPL_41D82B795DF6,<PATCH> E03 L010 <OLD> Dr harris </OLD> <NEW> gift bhejne ka </NEW> </PATCH> <PATCH> E04 L010 <OLD> Derik ke liye work karne </OLD> <NEW> Brent ko gift bhejne ka </NEW> </PATCH>
PPL_C673A91D25C4,<PATCH> E02 L052 <OLD> Kahului </OLD> <NEW> Charlottesville </NEW> </PATCH> <PATCH> E04 L025 <OLD> twenty five minutes ke liye </OLD> <NEW> Agle mahine </NEW> </PATCH>
PPL_FED1373D7646,<PATCH> E02 L044 <OLD> waltz </OLD> <NEW> soft </NEW> </PATCH> <PATCH> E03 L044 <OLD> 90 ' s Alternative </OLD> <NEW> soft </NEW> </PATCH> <PATCH> E04 L004 <OLD> Song </OLD> <NEW> music </NEW> </PATCH>
PPL_323D26B9623E,<PATCH> E02 L013 <OLD> workouts </OLD> <NEW> mere Kohl's credit </NEW> </PATCH> <PATCH> E03 L025 <OLD> Kal evening 4 o ' clock </OLD> <NEW> mujhe har mahine ki 30 tareekh tak </NEW> </PATCH> <PATCH> E04 L003 <OLD> Karoline </OLD> <NEW> mujhe </NEW> </PATCH>
PPL_5E76567A996B,<PATCH> E03 L025 <OLD> subha 9 : 00 baje ke liye </OLD> <NEW> is hafte </NEW> </PATCH> <PATCH> E04 L045 <OLD> thunder storms </OLD> <NEW> baarish </NEW> </PATCH>
PPL_DFB9271E142E,<PATCH> E01 L045 <OLD> snowboots </OLD> <NEW> sunglasses </NEW> </PATCH> <PATCH> E02 L045 <OLD> snow fall </OLD> <NEW> sunglasses </NEW> </PATCH> <PATCH> E04 L025 <OLD> three days kitni der tak </OLD> <NEW> aaj </NEW> </PATCH>
PPL_0CC81A714583,"<PATCH> E01 L019 <OLD> Niagara Falls </OLD> <NEW> Gatlinburg </NEW> </PATCH> <PATCH> E02 L049 <OLD> Laughlin </OLD> <NEW> Jacksonville , NC </NEW> </PATCH>"
PPL_3AD6F2865F30,<PATCH> E03 L025 <OLD> Coty paas 3 pm aur 4 pm ke liye </OLD> <NEW> aaj ke liye </NEW> </PATCH>
PPL_AF0DB46D7E1C,<PATCH> E01 L047 <OLD> bachne wale </OLD> <NEW> sare </NEW> </PATCH> <PATCH> E02 L003 <OLD> my </OLD> <NEW> mujhe </NEW> </PATCH> <PATCH> E03 L010 <OLD> mera favorite show TV par record karne </OLD> <NEW> mujhe upcoming baby shower </NEW> </PATCH> <PATCH> E04 L018 <OLD> view </OLD> <NEW> bheje </NEW> </PATCH>
PPL_699FB2E14E7C,<PATCH> E01 L048 <OLD> counter </OLD> <NEW> timer </NEW> </PATCH> <PATCH> E04 L025 <OLD> midnight 12 pm ke liye </OLD> <NEW> ek ghanta </NEW> </PATCH>
PPL_7B43613AB5C0,<PATCH> E04 L048 <OLD> ek ghanta lambe countdown </OLD> <NEW> 20 seconds </NEW> </PATCH>
PPL_3B3E367936D9,<PATCH> E02 L048 <OLD> timer suspend </OLD> <NEW> timer </NEW> </PATCH> <PATCH> E03 L025 <OLD> Tuesday ko 9th ko 4 baje ke liye </OLD> <NEW> 2 min </NEW> </PATCH>
PPL_DFFF15DA668A,<PATCH> E01 L010 <OLD> kris </OLD> <NEW> appointment </NEW> </PATCH> <PATCH> E03 L010 <OLD> mere sheets badalne </OLD> <NEW> mere doctor ke appointment </NEW> </PATCH>
PPL_63AD93BC15C1,<PATCH> E01 L025 <OLD> 8 / 27 at 11a . m </OLD> <NEW> Tuesday raat 6 pm par </NEW> </PATCH> <PATCH> E02 L003 <OLD> soccer players </OLD> <NEW> Muje </NEW> </PATCH> <PATCH> E03 L010 <OLD> I am Eva aur Liz ko lunch ke liye </OLD> <NEW> Eva aur Liz ko lunch </NEW> </PATCH> <PATCH> E04 L010 <OLD> cat food khareedne </OLD> <NEW> Eva aur Liz ko lunch </NEW> </PATCH>
PPL_F7BE9A4E75BF,<PATCH> E01 L045 <OLD> aandhi aur thunderstorms </OLD> <NEW> barf </NEW> </PATCH> <PATCH> E02 L045 <OLD> weekly </OLD> <NEW> barf </NEW> </PATCH> <PATCH> E04 L025 <OLD> aaj subha 9 : 00 baje </OLD> <NEW> aj </NEW> </PATCH>
PPL_3AA73A6E6FC3,<PATCH> E01 L004 <OLD> gaana </OLD> <NEW> music </NEW> </PATCH> <PATCH> E03 L044 <OLD> christian rock </OLD> <NEW> 90s </NEW> </PATCH>
PPL_119CADC31B4E,<PATCH> E01 L048 <OLD> stopwatch </OLD> <NEW> Timer </NEW> </PATCH> <PATCH> E02 L048 <OLD> 00pm </OLD> <NEW> Timer </NEW> </PATCH>
PPL_18DF5DA4C996,<PATCH> E01 L052 <OLD> Samoa </OLD> <NEW> NYC </NEW> </PATCH> <PATCH> E02 L025 <OLD> kal subah 9 bajhe ka </OLD> <NEW> Agle teen dinon ke liye </NEW> </PATCH> <PATCH> E04 L025 <OLD> route 81 </OLD> <NEW> NYC </NEW> </PATCH>
PPL_0075CC4F744C,<PATCH> E01 L003 <OLD> Sharon </OLD> <NEW> Mujhe </NEW> </PATCH> <PATCH> E02 L003 <OLD> Jake </OLD> <NEW> Mujhe </NEW> </PATCH> <PATCH> E03 L010 <OLD> dog ko vet ke paas le jane </OLD> <NEW> Mujhe aur contact lens solution khareedne </NEW> </PATCH>
PPL_A2AFAC119FD1,"<PATCH> E01 L025 <OLD> aaj 3 p . m ko </OLD> <NEW> aj raat </NEW> </PATCH> <PATCH> E03 L060 <OLD> celcius </OLD> <NEW> F </NEW> </PATCH> <PATCH> E04 L052 <OLD> Newcastle , Australia </OLD> <NEW> andar </NEW> </PATCH>"
PPL_4E18FFE7A379,<PATCH> E01 L048 <OLD> timing </OLD> <NEW> timer </NEW> </PATCH> <PATCH> E03 L025 <OLD> kal sham 4 : 45 ke liye </OLD> <NEW> 44 minutes me </NEW> </PATCH>
PPL_5E2DA6BBD4A8,<PATCH> E01 L045 <OLD> earthquake </OLD> <NEW> dhoop </NEW> </PATCH> <PATCH> E02 L045 <OLD> layer </OLD> <NEW> dhoop </NEW> </PATCH> <PATCH> E03 L045 <OLD> thicker clothing </OLD> <NEW> dhoop </NEW> </PATCH> <PATCH> E04 L025 <OLD> har ghante ke liye </OLD> <NEW> aaj </NEW> </PATCH>
PPL_3E1DCE5E008E,<PATCH> E01 L032 <OLD> Bruno Mars ke 2 tickets milgaye hai </OLD> <NEW> mujhe bad me call kare jab mai ghar jaoon </NEW> </PATCH> <PATCH> E02 L002 <OLD> Cullen </OLD> <NEW> Lan </NEW> </PATCH> <PATCH> E03 L032 <OLD> uske paas mera cell phone hai </OLD> <NEW> mujhe bad me call kare jab mai ghar jaoon </NEW> </PATCH> <PATCH> E04 L002 <OLD> Ichabod </OLD> <NEW> Lan </NEW> </PATCH>
PPL_867381AE7ABB,<PATCH> E04 L010 <OLD> Carl vacation book karne </OLD> <NEW> mujhe shopping jaane karne </NEW> </PATCH>
PPL_7F66572F4018,<PATCH> E01 L024 <OLD> Comedy Events </OLD> <NEW> the nutcracker </NEW> </PATCH> <PATCH> E02 L025 <OLD> kal subha 7 : 30 AM ke liye </OLD> <NEW> is weekend </NEW> </PATCH> <PATCH> E03 L025 <OLD> aaj raat tak </OLD> <NEW> is weekend </NEW> </PATCH> <PATCH> E04 L024 <OLD> tea parties </OLD> <NEW> the nutcracker </NEW> </PATCH>
PPL_9470C68C5D48,<PATCH> E01 L019 <OLD> San Juan Islands </OLD> <NEW> DC </NEW> </PATCH> <PATCH> E04 L049 <OLD> 94 </OLD> <NEW> baltimore </NEW> </PATCH>
PPL_CD1FB6C70C39,<PATCH> E01 L025 <OLD> Thursdays ko subah 5 baje ke liye </OLD> <NEW> aj ke liye </NEW> </PATCH> <PATCH> E04 L003 <OLD> Liz </OLD> <NEW> mere </NEW> </PATCH>
PPL_5414B29EDDE1,<PATCH> E01 L032 <OLD> when he will have steak night at the Brickbat bar </OLD> <NEW> call me </NEW> </PATCH> <PATCH> E04 L002 <OLD> camille </OLD> <NEW> Sara </NEW> </PATCH>
PPL_650F7F81F050,"<PATCH> E01 L025 <OLD> aj dopahar aur kal dopaher ke liye </OLD> <NEW> Aaj </NEW> </PATCH> <PATCH> E02 L025 <OLD> March , 2018 me </OLD> <NEW> Aaj </NEW> </PATCH> <PATCH> E03 L052 <OLD> Zhuhai , China </OLD> <NEW> chicago </NEW> </PATCH> <PATCH> E04 L025 <OLD> fifteen minutes tak </OLD> <NEW> Aaj </NEW> </PATCH>"
PPL_5C825DC0173F,<PATCH> E01 L045 <OLD> rain ponchos </OLD> <NEW> barish </NEW> </PATCH> <PATCH> E03 L025 <OLD> 7 : 35 p . m ke liye </OLD> <NEW> aj shaam </NEW> </PATCH> <PATCH> E04 L045 <OLD> lighter clothing </OLD> <NEW> barish </NEW> </PATCH>
PPL_4575D2369682,<PATCH> E02 L025 <OLD> Thursdays ko subah 5 baje ke liye </OLD> <NEW> March 17th ko </NEW> </PATCH> <PATCH> E03 L025 <OLD> wednesday ki midnight ke liye </OLD> <NEW> March 17th ko </NEW> </PATCH> <PATCH> E04 L052 <OLD> 12 street </OLD> <NEW> Ica </NEW> </PATCH>
PPL_553B94CC4E2F,<PATCH> E02 L003 <OLD> baby wearing </OLD> <NEW> mujhe </NEW> </PATCH> <PATCH> E04 L025 <OLD> Kal subah 7 baje ke liye </OLD> <NEW> sham 4 bajhe </NEW> </PATCH>
PPL_09273F5FB91D,<PATCH> E02 L008 <OLD> annual sale </OLD> <NEW> safety check </NEW> </PATCH> <PATCH> E03 L008 <OLD> 23N </OLD> <NEW> Omaha </NEW> </PATCH> <PATCH> E04 L025 <OLD> aaj shaam 6 baje ke liye </OLD> <NEW> agle maheene </NEW> </PATCH>
PPL_FE1D60C8ACB8,"<PATCH> E01 L019 <OLD> Longwood </OLD> <NEW> Sweetwater </NEW> </PATCH> <PATCH> E03 L049 <OLD> Tillamook </OLD> <NEW> Sweetwater </NEW> </PATCH> <PATCH> E04 L019 <OLD> Cleveland , Tx </OLD> <NEW> Lenoir City </NEW> </PATCH>"
PPL_B048A8F43F7F,<PATCH> E02 L010 <OLD> Lydia ko visit karne ke liye </OLD> <NEW> news dekhne ke liye </NEW> </PATCH> <PATCH> E03 L023 <OLD> 3 baje </OLD> <NEW> 5 minutes pehle </NEW> </PATCH> <PATCH> E04 L003 <OLD> Olga </OLD> <NEW> muje </NEW> </PATCH>
PPL_4D525020DF2F,<PATCH> E01 L010 <OLD> wax karne ke liye </OLD> <NEW> kachra baahar nikaalne karne ke liye </NEW> </PATCH> <PATCH> E02 L013 <OLD> Monday 5 : 00 PM ko </OLD> <NEW> Har week monday ko </NEW> </PATCH>
PPL_51135FE99CD0,<PATCH> E01 L010 <OLD> date </OLD> <NEW> girl scout meeting </NEW> </PATCH> <PATCH> E02 L025 <OLD> tuesday ko dopahar 2 baje ko </OLD> <NEW> dopahar 3 baje </NEW> </PATCH> <PATCH> E03 L025 <OLD> entire weekend </OLD> <NEW> dopahar 3 baje </NEW> </PATCH>
PPL_B1206016B1AC,<PATCH> E02 L025 <OLD> Friday ko 9 baje aur Monday subah 8 baje ko </OLD> <NEW> is afternoon </NEW> </PATCH> <PATCH> E04 L025 <OLD> 7 : 00 am ke liye after - hours parties </OLD> <NEW> is afternoon </NEW> </PATCH>
PPL_CAFDE4EF2869,<PATCH> E03 L003 <OLD> kris </OLD> <NEW> mujhe </NEW> </PATCH> <PATCH> E04 L010 <OLD> Lamaze sabhi doctor ke appointments </OLD> <NEW> meri behan ko birthday card bhejne ke liye </NEW> </PATCH>
PPL_49BA97459137,<PATCH> E01 L025 <OLD> Tuesday 11 am </OLD> <NEW> thursday ki subha </NEW> </PATCH> <PATCH> E04 L025 <OLD> volunteer thursday ki subha ko </OLD> <NEW> thursday ki subha </NEW> </PATCH>
PPL_1F31AA665EC2,"<PATCH> E01 L019 <OLD> 200 sw market street </OLD> <NEW> Mallorca Spain </NEW> </PATCH> <PATCH> E03 L055 <OLD> train </OLD> <NEW> flight </NEW> </PATCH> <PATCH> E04 L049 <OLD> Bernard , Vermont </OLD> <NEW> NYC </NEW> </PATCH>"
PPL_7F730E5A56A9,<PATCH> E01 L025 <OLD> on August 6th ke liye </OLD> <NEW> next Wednesday </NEW> </PATCH> <PATCH> E03 L038 <OLD> 46 </OLD> <NEW> baarish </NEW> </PATCH> <PATCH> E04 L025 <OLD> sunday 6 pm aur 7 pm ke liye </OLD> <NEW> next Wednesday </NEW> </PATCH>
PPL_0707D53EAF02,<PATCH> E01 L024 <OLD> Bresilian Carnaval </OLD> <NEW> concerts </NEW> </PATCH> <PATCH> E02 L046 <OLD> Family - friendly </OLD> <NEW> concerts </NEW> </PATCH> <PATCH> E03 L046 <OLD> Indoor </OLD> <NEW> outdoor </NEW> </PATCH> <PATCH> E04 L025 <OLD> May 20 ke liye </OLD> <NEW> Is summer </NEW> </PATCH>
PPL_50806215A3C9,<PATCH> E01 L023 <OLD> ek week pehle </OLD> <NEW> aaj ke kal me </NEW> </PATCH>
PPL_9C002C420FFA,<PATCH> E02 L010 <OLD> John ko milne ke liye </OLD> <NEW> baseball game </NEW> </PATCH> <PATCH> E03 L025 <OLD> aaj raat 11 : 30 baje se pehle </OLD> <NEW> Aaj raat </NEW> </PATCH> <PATCH> E04 L025 <OLD> Boxing Day ke liye </OLD> <NEW> Aaj raat </NEW> </PATCH>
PPL_45532929FF14,<PATCH> E01 L025 <OLD> agle Tuesday 5 PM ko </OLD> <NEW> aaj </NEW> </PATCH> <PATCH> E02 L010 <OLD> dad ko lunch ke liye milne ke liye </OLD> <NEW> meeting </NEW> </PATCH> <PATCH> E04 L010 <OLD> ek glass water peene ke liye </OLD> <NEW> meeting </NEW> </PATCH>
PPL_F80D44963663,<PATCH> E01 L049 <OLD> phoenix </OLD> <NEW> Miami </NEW> </PATCH> <PATCH> E04 L019 <OLD> Watseka </OLD> <NEW> West palm </NEW> </PATCH>
PPL_8299CE1962A1,<PATCH> E02 L019 <OLD> Tennessee </OLD> <NEW> topeka </NEW> </PATCH> <PATCH> E03 L049 <OLD> Tijuana </OLD> <NEW> Manhattan ks </NEW> </PATCH>
PPL_BE3EA2D89770,<PATCH> E01 L045 <OLD> cold </OLD> <NEW> jacket </NEW> </PATCH> <PATCH> E02 L025 <OLD> 21 september ko </OLD> <NEW> aj </NEW> </PATCH>
PPL_F07DECD0A875,<PATCH> E01 L010 <OLD> Pinterest par craft ideas dekhne ke liye </OLD> <NEW> storage room visit </NEW> </PATCH> <PATCH> E03 L025 <OLD> 7 . 30 </OLD> <NEW> saturday 11 am ko </NEW> </PATCH> <PATCH> E04 L010 <OLD> yoga </OLD> <NEW> storage room visit karne ke liye </NEW> </PATCH>
PPL_3569A44067EC,<PATCH> E01 L048 <OLD> count down </OLD> <NEW> timer </NEW> </PATCH> <PATCH> E02 L025 <OLD> 8 : 15 am ko </OLD> <NEW> 30 seconds ke liye </NEW> </PATCH>
PPL_2B87083EFE2F,<PATCH> E02 L045 <OLD> 89 </OLD> <NEW> barf </NEW> </PATCH> <PATCH> E03 L052 <OLD> highway 603 </OLD> <NEW> Chicago </NEW> </PATCH> <PATCH> E04 L038 <OLD> rainfall </OLD> <NEW> barf </NEW> </PATCH>
PPL_91D0F419FDDC,<PATCH> E01 L032 <OLD> mai aaj boys ko ek ghante pehle lene aaunga </OLD> <NEW> come over on my birthday </NEW> </PATCH> <PATCH> E04 L002 <OLD> Shruthi K Vijayan </OLD> <NEW> Jordan </NEW> </PATCH>
PPL_A6317D9AA714,<PATCH> E01 L038 <OLD> temperate </OLD> <NEW> severe thunderstorm </NEW> </PATCH> <PATCH> E02 L052 <OLD> Chiang Mai kitna severe thunderstorm </OLD> <NEW> wake country </NEW> </PATCH> <PATCH> E04 L038 <OLD> gloomy </OLD> <NEW> severe thunderstorm </NEW> </PATCH>
PPL_85966A021607,<PATCH> E01 L045 <OLD> clouds </OLD> <NEW> baadal </NEW> </PATCH> <PATCH> E02 L025 <OLD> 10 baje ke liye </OLD> <NEW> Friday ko </NEW> </PATCH>
PPL_579297E8BD8D,<PATCH> E02 L019 <OLD> Ventnor </OLD> <NEW> Dallas </NEW> </PATCH> <PATCH> E04 L049 <OLD> Japan </OLD> <NEW> Waco </NEW> </PATCH>
PPL_1362CFF98956,<PATCH> E03 L032 <OLD> SHE ' D LIKE TO HAVE LUNCH ON HER BIRTHDAY </OLD> <NEW> I need help </NEW> </PATCH>
PPL_BB4406F4CE46,<PATCH> E01 L004 <OLD> SONG : </OLD> <NEW> music </NEW> </PATCH> <PATCH> E03 L044 <OLD> mediation Albums </OLD> <NEW> upbeat </NEW> </PATCH> <PATCH> E04 L044 <OLD> Birthday </OLD> <NEW> upbeat </NEW> </PATCH>
PPL_2ECBBFA9CE8F,<PATCH> E02 L025 <OLD> Is friday sham 4 : 00 bajhe se pehle </OLD> <NEW> kal </NEW> </PATCH>
PPL_1970DE566312,<PATCH> E02 L035 <OLD> Koz </OLD> <NEW> church </NEW> </PATCH> <PATCH> E04 L025 <OLD> sunday night </OLD> <NEW> Agle Sunday </NEW> </PATCH>
PPL_F3AB037231D4,<PATCH> E01 L025 <OLD> June 1st ko </OLD> <NEW> aaj </NEW> </PATCH> <PATCH> E03 L052 <OLD> aaj Tahoe </OLD> <NEW> barf </NEW> </PATCH> <PATCH> E04 L025 <OLD> meri car ko 55 down karne ke liye </OLD> <NEW> barf </NEW> </PATCH>
PPL_1F92AF6428A3,<PATCH> E01 L045 <OLD> fast </OLD> <NEW> precipitation percentage </NEW> </PATCH> <PATCH> E02 L025 <OLD> aaj 2 pm aur 5 pm ke liye </OLD> <NEW> Kal ke liye </NEW> </PATCH> <PATCH> E04 L025 <OLD> pehle </OLD> <NEW> Kal ke liye </NEW> </PATCH>
PPL_5D8E1FDC691D,<PATCH> E01 L025 <OLD> 3 : 33 p ke liye </OLD> <NEW> holiday </NEW> </PATCH> <PATCH> E02 L024 <OLD> hawak </OLD> <NEW> fairs </NEW> </PATCH> <PATCH> E03 L024 <OLD> ballet </OLD> <NEW> fairs </NEW> </PATCH>
PPL_6067B3DEB6E6,<PATCH> E02 L010 <OLD> work retreat </OLD> <NEW> PTA meeting </NEW> </PATCH> <PATCH> E04 L023 <OLD> kal subha 4 : 45 ke liye </OLD> <NEW> 1 ghante me </NEW> </PATCH>
PPL_48B34B47D81A,<PATCH> E01 L010 <OLD> Chicky ke brithday </OLD> <NEW> mere dog ko walk par le jaane </NEW> </PATCH> <PATCH> E02 L010 <OLD> jaane ke business </OLD> <NEW> mera </NEW> </PATCH>
PPL_9566599A41BC,<PATCH> E02 L019 <OLD> Fort Myers se North Portland </OLD> <NEW> LA aur San Diego </NEW> </PATCH>
PPL_8B0D9F612CDF,"<PATCH> E01 L052 <OLD> London , England </OLD> <NEW> Fann street </NEW> </PATCH> <PATCH> E03 L025 <OLD> pichle 30 dino ke </OLD> <NEW> Aaj afternoon </NEW> </PATCH> <PATCH> E04 L052 <OLD> Gainesville </OLD> <NEW> Fann street </NEW> </PATCH>"
PPL_7824191AC810,<PATCH> E01 L046 <OLD> bibb </OLD> <NEW> Oregon Coast </NEW> </PATCH> <PATCH> E02 L025 <OLD> Aaj 4 pm aur 5 pm ke liye </OLD> <NEW> is weekend </NEW> </PATCH> <PATCH> E04 L025 <OLD> St . Patrick ' s day ke liye </OLD> <NEW> is weekend </NEW> </PATCH>
PPL_A9599B17E555,<PATCH> E01 L010 <OLD> vet ' s appointments ke liye </OLD> <NEW> groceries kharidne ke liye </NEW> </PATCH> <PATCH> E03 L025 <OLD> Tuesday ko subha 8 : 30 baje </OLD> <NEW> Kal dopahar 2 bajhe ke liye </NEW> </PATCH> <PATCH> E04 L025 <OLD> das minute ke intervals mei </OLD> <NEW> Kal dopahar 2 bajhe ke liye </NEW> </PATCH>
PPL_F30420A1D463,<PATCH> E01 L025 <OLD> 2 AM ke liye </OLD> <NEW> sunday </NEW> </PATCH> <PATCH> E03 L025 <OLD> 1230 pm </OLD> <NEW> sunday </NEW> </PATCH> <PATCH> E04 L010 <OLD> Tom ke liye birthday present kharidne ke liye </OLD> <NEW> event </NEW> </PATCH>
PPL_46251965720A,<PATCH> E02 L025 <OLD> Tuesday subha 20 </OLD> <NEW> Saturday ko </NEW> </PATCH>
PPL_122129ECFEB6,"<PATCH> E01 L019 <OLD> magnolia , texas </OLD> <NEW> Orlando </NEW> </PATCH> <PATCH> E02 L025 <OLD> 30 minutes pehle </OLD> <NEW> December 14 ko </NEW> </PATCH> <PATCH> E03 L022 <OLD> 20 miles ke andar </OLD> <NEW> aas paas </NEW> </PATCH>"
PPL_1A68C38F5C96,<PATCH> E01 L048 <OLD> timer suspend </OLD> <NEW> timer </NEW> </PATCH> <PATCH> E02 L025 <OLD> agle Wednesday ke dopahar ke liye </OLD> <NEW> 10 minutes </NEW> </PATCH> <PATCH> E03 L048 <OLD> timers </OLD> <NEW> timer </NEW> </PATCH> <PATCH> E04 L025 <OLD> Friday shaam </OLD> <NEW> 10 minutes </NEW> </PATCH>
PPL_39C927D41984,<PATCH> E01 L024 <OLD> rap concert </OLD> <NEW> Music festivals </NEW> </PATCH> <PATCH> E02 L025 <OLD> 930 pm ke liye </OLD> <NEW> is month </NEW> </PATCH> <PATCH> E03 L046 <OLD> north of koi Music </OLD> <NEW> Music </NEW> </PATCH> <PATCH> E04 L037 <OLD> hear </OLD> <NEW> mere </NEW> </PATCH>
PPL_EA08E303AB52,<PATCH> E01 L025 <OLD> 6 : 10 am ke liye </OLD> <NEW> kal subah 10 baje tak </NEW> </PATCH> <PATCH> E02 L025 <OLD> Tommy </OLD> <NEW> kal subah 10 baje tak </NEW> </PATCH> <PATCH> E04 L010 <OLD> new art exhibit visit karne </OLD> <NEW> electric bill pay </NEW> </PATCH>
PPL_9FE703554F29,<PATCH> E01 L010 <OLD> Delali </OLD> <NEW> ant appointment </NEW> </PATCH> <PATCH> E03 L010 <OLD> hum lessons dene wale hai </OLD> <NEW> ant appointment </NEW> </PATCH>
PPL_89A903D28F4C,<PATCH> E02 L025 <OLD> after 6 PM </OLD> <NEW> din ke </NEW> </PATCH> <PATCH> E03 L003 <OLD> Brandon </OLD> <NEW> mujhe </NEW> </PATCH> <PATCH> E04 L018 <OLD> view </OLD> <NEW> dikhao </NEW> </PATCH>
PPL_93F85444EB28,<PATCH> E01 L004 <OLD> Sound Track </OLD> <NEW> music </NEW> </PATCH> <PATCH> E02 L007 <OLD> ' 90s </OLD> <NEW> jazz </NEW> </PATCH> <PATCH> E04 L004 <OLD> playlist </OLD> <NEW> music </NEW> </PATCH>
PPL_F2FBAF6A1FA4,<PATCH> E04 L025 <OLD> Is subha 11 am ke liye </OLD> <NEW> Aaj </NEW> </PATCH>
PPL_B22739083492,<PATCH> E01 L010 <OLD> shpoing </OLD> <NEW> interview questions ko finish </NEW> </PATCH> <PATCH> E02 L010 <OLD> mere me group </OLD> <NEW> finish </NEW> </PATCH> <PATCH> E03 L059 <OLD> Tammy </OLD> <NEW> finish </NEW> </PATCH>
PPL_3A10AD2E789F,<PATCH> E02 L025 <OLD> from 7 pm </OLD> <NEW> next Friday Evening </NEW> </PATCH> <PATCH> E03 L052 <OLD> Epcot </OLD> <NEW> Atlanta </NEW> </PATCH>
PPL_00D7505BB53E,<PATCH> E01 L024 <OLD> Drag Shows </OLD> <NEW> festivals </NEW> </PATCH> <PATCH> E04 L025 <OLD> midday se </OLD> <NEW> agley haftey </NEW> </PATCH>
PPL_23A95A52A046,<PATCH> E01 L025 <OLD> december ke mahine me </OLD> <NEW> 2 minutes ke liye </NEW> </PATCH> <PATCH> E02 L048 <OLD> timers </OLD> <NEW> timer </NEW> </PATCH> <PATCH> E03 L048 <OLD> count down </OLD> <NEW> timer </NEW> </PATCH> <PATCH> E04 L048 <OLD> 2 hours </OLD> <NEW> timer </NEW> </PATCH>
PPL_99BD4E064EB3,<PATCH> E03 L052 <OLD> chicago city </OLD> <NEW> havasu </NEW> </PATCH> <PATCH> E04 L033 <OLD> Mermaids </OLD> <NEW> holiday celebrations </NEW> </PATCH>
PPL_5E7549199A5A,<PATCH> E02 L032 <OLD> Mark ko office group me add karne </OLD> <NEW> laundry detergent kharidne ka </NEW> </PATCH> <PATCH> E03 L002 <OLD> zara </OLD> <NEW> Andrew </NEW> </PATCH>
PPL_E9CBE140143B,"<PATCH> E01 L025 <OLD> is friday sham ko </OLD> <NEW> holiday </NEW> </PATCH> <PATCH> E04 L052 <OLD> jhapa , nepal </OLD> <NEW> Beaumont </NEW> </PATCH>"
PPL_9FE0274DB071,<PATCH> E03 L024 <OLD> that same day 4 a . m . koi celebration </OLD> <NEW> christmas parades </NEW> </PATCH>
PPL_BBE7F8FB9B21,<PATCH> E01 L032 <OLD> church me 2 PM ko rahne ke liye </OLD> <NEW> thats ok </NEW> </PATCH> <PATCH> E02 L002 <OLD> Liam Howlett </OLD> <NEW> Silvia </NEW> </PATCH> <PATCH> E03 L032 <OLD> uska dog okay hai </OLD> <NEW> thats ok </NEW> </PATCH> <PATCH> E04 L032 <OLD> the party is still on </OLD> <NEW> thats ok </NEW> </PATCH>
PPL_F4822A512D54,<PATCH> E01 L025 <OLD> weekend par subha 10 baje ke liye </OLD> <NEW> 15 minutes aur 30 seconds </NEW> </PATCH> <PATCH> E02 L048 <OLD> stopwatch timer </OLD> <NEW> timer </NEW> </PATCH> <PATCH> E03 L025 <OLD> aj dopaher ke liye </OLD> <NEW> 15 minutes aur 30 seconds </NEW> </PATCH>
PPL_2DB69168D193,<PATCH> E01 L003 <OLD> mandy </OLD> <NEW> Muje </NEW> </PATCH> <PATCH> E04 L025 <OLD> June 10th ko 3 30 pm ke liye </OLD> <NEW> is coming Saturday </NEW> </PATCH>
PPL_EC69B7340FEF,<PATCH> E01 L010 <OLD> meri mother ke nursing home </OLD> <NEW> Sat night </NEW> </PATCH> <PATCH> E02 L018 <OLD> open </OLD> <NEW> padhen </NEW> </PATCH> <PATCH> E03 L025 <OLD> Christmas 2005 ko </OLD> <NEW> Sat night ke liye </NEW> </PATCH>
PPL_34302DDAEA29,<PATCH> E01 L025 <OLD> 9 pm aur 11 pm ke liye </OLD> <NEW> kal </NEW> </PATCH> <PATCH> E02 L045 <OLD> gumboots </OLD> <NEW> thand </NEW> </PATCH> <PATCH> E03 L025 <OLD> aaj raat 8 : 00 baje </OLD> <NEW> kal </NEW> </PATCH> <PATCH> E04 L025 <OLD> Joplin </OLD> <NEW> montana </NEW> </PATCH>
PPL_CBD5A944CF9F,<PATCH> E01 L024 <OLD> Polar Express viewing party </OLD> <NEW> concerts </NEW> </PATCH> <PATCH> E02 L025 <OLD> sunday 3 am ke liye </OLD> <NEW> aaj raat </NEW> </PATCH> <PATCH> E04 L024 <OLD> cornmazes </OLD> <NEW> concerts </NEW> </PATCH>
PPL_360BD33C59D0,<PATCH> E01 L010 <OLD> there is no class </OLD> <NEW> Mere co-worker ko store band karne dene ke liye </NEW> </PATCH> <PATCH> E03 L023 <OLD> at 6 </OLD> <NEW> next Thursday yaad dilane ke liye </NEW> </PATCH> <PATCH> E04 L010 <OLD> cade next Thursday yaad dilane ke liye </OLD> <NEW> store band karne dene ke liye </NEW> </PATCH>
PPL_CD444C01ED15,<PATCH> E01 L025 <OLD> is maheena </OLD> <NEW> kal </NEW> </PATCH> <PATCH> E03 L010 <OLD> work ke liye alarm set karne </OLD> <NEW> cat ko vet ke paas le jane ke liye </NEW> </PATCH> <PATCH> E04 L025 <OLD> Nick </OLD> <NEW> kal </NEW> </PATCH>
PPL_D6E1B4A1A999,<PATCH> E01 L055 <OLD> walking </OLD> <NEW> drive </NEW> </PATCH> <PATCH> E02 L049 <OLD> VANCOUVER BC </OLD> <NEW> holland michigan </NEW> </PATCH> <PATCH> E03 L055 <OLD> Airplane </OLD> <NEW> drive </NEW> </PATCH>
PPL_7E01AF9FB409,<PATCH> E01 L025 <OLD> aaj subha 6 baje ke liye </OLD> <NEW> Is weekend </NEW> </PATCH> <PATCH> E03 L010 <OLD> grass ko water karne ka </OLD> <NEW> maine koi groceries laane </NEW> </PATCH>
PPL_C00A810D4520,<PATCH> E03 L025 <OLD> Saturday ke din </OLD> <NEW> dopahar </NEW> </PATCH> <PATCH> E04 L010 <OLD> sister ko dancing me le jane ke liye </OLD> <NEW> ebay listing ko check karne ke liye </NEW> </PATCH>
PPL_33D849F52167,<PATCH> E01 L003 <OLD> film crew </OLD> <NEW> mujhe </NEW> </PATCH> <PATCH> E02 L010 <OLD> wedding attend karne </OLD> <NEW> mujhe gas lene </NEW> </PATCH> <PATCH> E03 L003 <OLD> Aiden </OLD> <NEW> mujhe </NEW> </PATCH>
PPL_69D9928A7062,"<PATCH> E01 L049 <OLD> Newark , OH </OLD> <NEW> Boston </NEW> </PATCH> <PATCH> E03 L055 <OLD> taxi </OLD> <NEW> drive </NEW> </PATCH> <PATCH> E04 L019 <OLD> china </OLD> <NEW> Maine </NEW> </PATCH>"
PPL_84ABEF75BF47,<PATCH> E01 L010 <OLD> Dana Oswald </OLD> <NEW> kaam ko email karne ke liye </NEW> </PATCH> <PATCH> E02 L025 <OLD> July 2nd at 4 . 00 pm ke liye </OLD> <NEW> 2 ghante me </NEW> </PATCH> <PATCH> E03 L003 <OLD> Megan </OLD> <NEW> mujhe </NEW> </PATCH> <PATCH> E04 L010 <OLD> Zane </OLD> <NEW> kaam ko email karne ke liye </NEW> </PATCH>
PPL_4CCEA7348B0C,<PATCH> E01 L025 <OLD> Agle Sunday ko dhup </OLD> <NEW> aaj ke liye </NEW> </PATCH>
PPL_338DD9C2DB7D,<PATCH> E02 L010 <OLD> Girlfriend </OLD> <NEW> Mom ko crochet class </NEW> </PATCH> <PATCH> E04 L010 <OLD> dog food pick karne ke liye </OLD> <NEW> Mom ko crochet class </NEW> </PATCH>
PPL_5C3A2F212C9A,<PATCH> E01 L032 <OLD> I got his email </OLD> <NEW> mujhe party ke liye der hojayegi. </NEW> </PATCH> <PATCH> E04 L002 <OLD> Rosie </OLD> <NEW> Peter </NEW> </PATCH>
PPL_A6658EDF1160,<PATCH> E01 L002 <OLD> Zane </OLD> <NEW> Jane </NEW> </PATCH> <PATCH> E02 L032 <OLD> mai shamil hoon </OLD> <NEW> Okay then </NEW> </PATCH> <PATCH> E04 L002 <OLD> mere doctor </OLD> <NEW> Jane </NEW> </PATCH>
PPL_F699BC05AE91,<PATCH> E03 L045 <OLD> 11 : 45 a . m . kitni t shirt </OLD> <NEW> baarish </NEW> </PATCH>
PPL_124FCC355223,<PATCH> E02 L008 <OLD> at 5 am kya Kent </OLD> <NEW> napa </NEW> </PATCH> <PATCH> E04 L024 <OLD> Jazz concerts </OLD> <NEW> wine tasting events </NEW> </PATCH>
PPL_7D5452B66B6A,<PATCH> E02 L025 <OLD> Wednesday ke din 6 pm ke liye </OLD> <NEW> is hafte Tuesday ko </NEW> </PATCH> <PATCH> E03 L052 <OLD> highway 124 </OLD> <NEW> Toronto </NEW> </PATCH>
PPL_DF65D2FE2370,<PATCH> E01 L007 <OLD> icelandic </OLD> <NEW> country </NEW> </PATCH> <PATCH> E02 L007 <OLD> frozen </OLD> <NEW> country </NEW> </PATCH> <PATCH> E03 L004 <OLD> mix </OLD> <NEW> channel </NEW> </PATCH>
PPL_8E95677A1F1A,<PATCH> E02 L047 <OLD> poore </OLD> <NEW> sabhi </NEW> </PATCH> <PATCH> E04 L025 <OLD> July 10 Marvel DVD deals ke liye </OLD> <NEW> Is mahine </NEW> </PATCH>
PPL_A7841662E8D1,<PATCH> E01 L025 <OLD> Monday par </OLD> <NEW> aaj </NEW> </PATCH> <PATCH> E02 L038 <OLD> cold front </OLD> <NEW> sweater </NEW> </PATCH> <PATCH> E04 L052 <OLD> Yonkers </OLD> <NEW> Cannon Beach </NEW> </PATCH>
PPL_972513CA2D0E,<PATCH> E01 L008 <OLD> Jackie Robinson Parkway </OLD> <NEW> Inland Empire </NEW> </PATCH> <PATCH> E02 L025 <OLD> kal subah 11 baje ka </OLD> <NEW> is month </NEW> </PATCH> <PATCH> E03 L024 <OLD> wine and cheese </OLD> <NEW> Nightlife </NEW> </PATCH>
PPL_A68C6F992B3C,<PATCH> E01 L010 <OLD> Anthony ke soccer game </OLD> <NEW> meri sister - in law ki dinner party </NEW> </PATCH> <PATCH> E02 L025 <OLD> 6 . 30pm ke liye </OLD> <NEW> Aaj raat </NEW> </PATCH> <PATCH> E03 L010 <OLD> Antonio </OLD> <NEW> dinner party </NEW> </PATCH>
PPL_2035488A45F3,<PATCH> E03 L004 <OLD> TRACK </OLD> <NEW> sad music </NEW> </PATCH>
PPL_72432BBD5874,<PATCH> E01 L010 <OLD> daycare me bacchon ko yaad dilane ke liye </OLD> <NEW> movie </NEW> </PATCH> <PATCH> E04 L010 <OLD> in October Pose dekhne ke liye </OLD> <NEW> is weekend daycare me bacchon ko yaad dilane ke liye </NEW> </PATCH>
PPL_6942655DB9D1,<PATCH> E02 L010 <OLD> meri run </OLD> <NEW> nikalne ke liye </NEW> </PATCH> <PATCH> E03 L025 <OLD> agle hafte 6 pm ke liye </OLD> <NEW> 30 mins pehle </NEW> </PATCH>
PPL_777E0A5DAA5A,<PATCH> E02 L049 <OLD> Hammond </OLD> <NEW> Orlando </NEW> </PATCH> <PATCH> E03 L049 <OLD> Ft Riley </OLD> <NEW> Orlando </NEW> </PATCH> <PATCH> E04 L019 <OLD> oklahoma city </OLD> <NEW> Louisville </NEW> </PATCH>
PPL_57BCF21A43C2,<PATCH> E01 L003 <OLD> boys </OLD> <NEW> Muje </NEW> </PATCH> <PATCH> E02 L010 <OLD> sewing club meeting </OLD> <NEW> Pokemon GO khelne bhulna nahi </NEW> </PATCH> <PATCH> E03 L010 <OLD> mere kaam kiye huwe ghante lan ko submit karne </OLD> <NEW> Pokemon GO khelne bhulna nahi </NEW> </PATCH> <PATCH> E04 L010 <OLD> mera book report bhejne </OLD> <NEW> Pokemon GO khelne bhulna nahi </NEW> </PATCH>
PPL_7685A950B483,<PATCH> E01 L022 <OLD> west of </OLD> <NEW> aas paas </NEW> </PATCH> <PATCH> E02 L025 <OLD> Friday 4 pm </OLD> <NEW> is summer </NEW> </PATCH> <PATCH> E03 L037 <OLD> meri location </OLD> <NEW> mere </NEW> </PATCH>
PPL_57F84008D8EF,"<PATCH> E01 L046 <OLD> Astoria mei </OLD> <NEW> vancouver , British Columbia </NEW> </PATCH> <PATCH> E03 L024 <OLD> dying </OLD> <NEW> concert </NEW> </PATCH> <PATCH> E04 L025 <OLD> 5 minutes me </OLD> <NEW> is weekend </NEW> </PATCH>"
PPL_AB4A5997DAC8,<PATCH> E01 L052 <OLD> Alaexandria </OLD> <NEW> New Hampshire </NEW> </PATCH> <PATCH> E02 L025 <OLD> 27th July ke liye </OLD> <NEW> is saal </NEW> </PATCH> <PATCH> E04 L045 <OLD> pichla </OLD> <NEW> winter </NEW> </PATCH>
PPL_5E048350EECB,<PATCH> E01 L052 <OLD> kingman </OLD> <NEW> Nashville </NEW> </PATCH> <PATCH> E02 L025 <OLD> 12 pm me </OLD> <NEW> Abhi </NEW> </PATCH>
PPL_D578A6E2C70C,<PATCH> E03 L036 <OLD> 830 am </OLD> <NEW> game </NEW> </PATCH> <PATCH> E04 L048 <OLD> timeout timer </OLD> <NEW> timer </NEW> </PATCH>
PPL_24425EE38E86,<PATCH> E01 L045 <OLD> showers </OLD> <NEW> garmi </NEW> </PATCH> <PATCH> E04 L025 <OLD> the weekend of the 23rd </OLD> <NEW> aaj </NEW> </PATCH>
PPL_CEEA18ACE810,<PATCH> E01 L025 <OLD> Tony Sunday 8 pm ko </OLD> <NEW> Sunday 8 pm ko </NEW> </PATCH> <PATCH> E02 L025 <OLD> May 20th subah 8 : 30 ke liye </OLD> <NEW> Sunday 8 pm ko </NEW> </PATCH> <PATCH> E03 L010 <OLD> weigh karne ke liye </OLD> <NEW> mera paper submit karne </NEW> </PATCH>
PPL_1E297BF9B52F,<PATCH> E02 L002 <OLD> Sop </OLD> <NEW> Dave </NEW> </PATCH> <PATCH> E03 L032 <OLD> buy baked beans with bacon </OLD> <NEW> that looks great </NEW> </PATCH>
PPL_BC2B12C6DA11,<PATCH> E01 L038 <OLD> aas paas </OLD> <NEW> baarish </NEW> </PATCH> <PATCH> E02 L025 <OLD> January 4th ke liye subah 6 bajhe ke liye </OLD> <NEW> Aaj </NEW> </PATCH> <PATCH> E03 L038 <OLD> + 20 </OLD> <NEW> baarish </NEW> </PATCH>
PPL_5EDF204814DC,<PATCH> E01 L003 <OLD> Wesley </OLD> <NEW> Hame </NEW> </PATCH> <PATCH> E02 L025 <OLD> September 12 ke liye </OLD> <NEW> is weekend mahine me shaam 6 baje </NEW> </PATCH> <PATCH> E04 L003 <OLD> girls </OLD> <NEW> Hame </NEW> </PATCH>
PPL_873F66D175B4,<PATCH> E01 L025 <OLD> 15 minutes baad </OLD> <NEW> today </NEW> </PATCH> <PATCH> E02 L025 <OLD> Wednesday sham 4 baje </OLD> <NEW> today </NEW> </PATCH> <PATCH> E04 L052 <OLD> 75 south </OLD> <NEW> long island </NEW> </PATCH>
PPL_F1B999DC370B,<PATCH> E01 L010 <OLD> mera project turn in karne </OLD> <NEW> winnie ' s birthday party </NEW> </PATCH> <PATCH> E03 L023 <OLD> aaj raat tak </OLD> <NEW> 11a . m </NEW> </PATCH>
PPL_34A3B354B81C,<PATCH> E02 L045 <OLD> hurricanes </OLD> <NEW> baarish </NEW> </PATCH> <PATCH> E04 L025 <OLD> August 15th ke liye </OLD> <NEW> aaj raat </NEW> </PATCH>
PPL_3EB00A8DBD6D,<PATCH> E02 L003 <OLD> jeff </OLD> <NEW> mere </NEW> </PATCH> <PATCH> E04 L025 <OLD> 1600 hours ke liye </OLD> <NEW> aaj ke liye </NEW> </PATCH>
PPL_3CB988BC1B29,<PATCH> E02 L045 <OLD> COOLER </OLD> <NEW> neeche </NEW> </PATCH>
PPL_14DAC163ABCB,<PATCH> E01 L003 <OLD> Billy </OLD> <NEW> mujhe </NEW> </PATCH> <PATCH> E02 L003 <OLD> joe </OLD> <NEW> mujhe </NEW> </PATCH>
PPL_03DFFBC8D709,<PATCH> E03 L025 <OLD> at 8 am today </OLD> <NEW> Kal </NEW> </PATCH>
PPL_DAD7A9D9F629,<PATCH> E01 L057 <OLD> three </OLD> <NEW> 10 minutes </NEW> </PATCH> <PATCH> E02 L048 <OLD> counter </OLD> <NEW> Timer </NEW> </PATCH> <PATCH> E04 L048 <OLD> timeout </OLD> <NEW> Timer </NEW> </PATCH>
PPL_5AE7919C582F,"<PATCH> E01 L019 <OLD> Nashville , TN </OLD> <NEW> New York </NEW> </PATCH> <PATCH> E02 L019 <OLD> Lodi California </OLD> <NEW> New York </NEW> </PATCH> <PATCH> E03 L049 <OLD> Nashville </OLD> <NEW> New York </NEW> </PATCH>"
PPL_28C89D8D9508,"<PATCH> E03 L025 <OLD> Monday subha 8 am aur 9 am ke liye </OLD> <NEW> is week </NEW> </PATCH> <PATCH> E04 L052 <OLD> Lee County , FL </OLD> <NEW> los angeles </NEW> </PATCH>"
PPL_40B47C276D08,<PATCH> E03 L025 <OLD> tuesday march 5 ko 8 am ke liye </OLD> <NEW> ye weekend </NEW> </PATCH> <PATCH> E04 L010 <OLD> bacchon ko wellness visit chahiye . MC </OLD> <NEW> ye weekend dinner plans </NEW> </PATCH>
PPL_72C34ABC27D7,<PATCH> E02 L025 <OLD> shaam 5 : 30 baje ke liye </OLD> <NEW> Christmas </NEW> </PATCH> <PATCH> E03 L046 <OLD> santa con </OLD> <NEW> tree lightings </NEW> </PATCH>
PPL_A2032BEB4539,<PATCH> E01 L025 <OLD> Wednesday subah 6 30 ke liye </OLD> <NEW> agle Tuesday subha 8 : 30 baje ke liye </NEW> </PATCH> <PATCH> E02 L025 <OLD> 8 minutes aur 10 seconds me </OLD> <NEW> agle Tuesday subha 8 : 30 baje ke liye </NEW> </PATCH> <PATCH> E03 L010 <OLD> mera billing karne </OLD> <NEW> dentist ki appointment </NEW> </PATCH> <PATCH> E04 L025 <OLD> last month </OLD> <NEW> agle Tuesday subha 8 : 30 baje ke liye </NEW> </PATCH>
PPL_043597275B2B,<PATCH> E04 L003 <OLD> servers </OLD> <NEW> Mujhe </NEW> </PATCH>
PPL_CB7E4770B551,<PATCH> E01 L002 <OLD> Shanti </OLD> <NEW> Susie </NEW> </PATCH> <PATCH> E03 L032 <OLD> I DON ' T APPRECIATE WHAT THEY DID TO SARAH </OLD> <NEW> Mai usse game me milna chahta hu. </NEW> </PATCH>
PPL_10AD1BEC79B0,<PATCH> E02 L003 <OLD> Augie </OLD> <NEW> mere </NEW> </PATCH> <PATCH> E04 L010 <OLD> exams ke liye study karne </OLD> <NEW> mere crystal ki doctor ki appointment </NEW> </PATCH>
PPL_96C3F07BD620,<PATCH> E01 L045 <OLD> lightening </OLD> <NEW> baarish </NEW> </PATCH> <PATCH> E02 L045 <OLD> snow fall </OLD> <NEW> baarish </NEW> </PATCH> <PATCH> E03 L025 <OLD> 5 pm aur 6 pm ke liye </OLD> <NEW> aaj </NEW> </PATCH>
PPL_7B47071D52A8,<PATCH> E02 L024 <OLD> Gingerbread house building competition </OLD> <NEW> Yoga </NEW> </PATCH> <PATCH> E03 L025 <OLD> 12 . 30 </OLD> <NEW> is mahine </NEW> </PATCH> <PATCH> E04 L020 <OLD> ann arbor </OLD> <NEW> Philadelphia </NEW> </PATCH>
PPL_D668F0EBA5E4,"<PATCH> E03 L024 <OLD> Ashton , ID me Country line </OLD> <NEW> buford me bingo games </NEW> </PATCH>"
PPL_97A72CBECA38,<PATCH> E01 L010 <OLD> mere high - school graduation reunion mei jane </OLD> <NEW> Sarah movie </NEW> </PATCH> <PATCH> E02 L010 <OLD> school ke liye lesson plans finished karne </OLD> <NEW> Sarah movie </NEW> </PATCH> <PATCH> E03 L025 <OLD> subha 7 . 30 baje ke liye </OLD> <NEW> is weekend Sarah </NEW> </PATCH> <PATCH> E04 L010 <OLD> my paas </OLD> <NEW> is weekend Sarah </NEW> </PATCH>
PPL_2C5BA432C706,<PATCH> E04 L052 <OLD> downtown manchester </OLD> <NEW> Boston </NEW> </PATCH>
PPL_6F1F5C0B42E4,<PATCH> E02 L025 <OLD> 13th ki midnight ke liye </OLD> <NEW> kal raat </NEW> </PATCH>
PPL_B08D9C383A6C,<PATCH> E01 L004 <OLD> sounds </OLD> <NEW> song </NEW> </PATCH> <PATCH> E03 L007 <OLD> Lullaby </OLD> <NEW> birthday </NEW> </PATCH>
PPL_E0DAFFF6D6FA,<PATCH> E01 L025 <OLD> December ke liye </OLD> <NEW> Saturday ki subha ke liye </NEW> </PATCH> <PATCH> E02 L003 <OLD> Lauren </OLD> <NEW> mere </NEW> </PATCH> <PATCH> E04 L003 <OLD> coworkers </OLD> <NEW> mere </NEW> </PATCH>
PPL_A2741BFB4C12,<PATCH> E01 L045 <OLD> rain coat </OLD> <NEW> Heat index </NEW> </PATCH> <PATCH> E02 L025 <OLD> June 10th ke dopahar ke liye </OLD> <NEW> Kal subha 9 am ko </NEW> </PATCH> <PATCH> E04 L025 <OLD> 1 ghante ka </OLD> <NEW> Kal subha 9 am ko </NEW> </PATCH>
PPL_51EB7AB49EC3,<PATCH> E01 L025 <OLD> agle hafte few days me </OLD> <NEW> Agle mahine </NEW> </PATCH> <PATCH> E03 L024 <OLD> miss texas </OLD> <NEW> live music events </NEW> </PATCH>
PPL_19EE55A53925,<PATCH> E01 L045 <OLD> rain fall </OLD> <NEW> toofan </NEW> </PATCH> <PATCH> E03 L045 <OLD> ice storm </OLD> <NEW> toofan </NEW> </PATCH> <PATCH> E04 L025 <OLD> Sunday 11 : 00 am ke liye </OLD> <NEW> kal </NEW> </PATCH>
PPL_5584018B3816,<PATCH> E01 L048 <OLD> 40 minute me ke Count down </OLD> <NEW> timer </NEW> </PATCH> <PATCH> E03 L025 <OLD> Monday 9 am ke liye </OLD> <NEW> 30 second </NEW> </PATCH> <PATCH> E04 L025 <OLD> for 8 pm on Saturday </OLD> <NEW> 30 second </NEW> </PATCH>
PPL_873D795B0A72,<PATCH> E01 L025 <OLD> 9 am aur 12 pm ke liye </OLD> <NEW> aaj </NEW> </PATCH> <PATCH> E03 L045 <OLD> heat waves </OLD> <NEW> cold </NEW> </PATCH>
PPL_211EDD22DCA2,<PATCH> E01 L024 <OLD> the Nutcracker ballet shows </OLD> <NEW> Fear festivals </NEW> </PATCH> <PATCH> E02 L052 <OLD> Aireys Inlet </OLD> <NEW> New Jersey </NEW> </PATCH> <PATCH> E04 L052 <OLD> erie county </OLD> <NEW> New Jersey </NEW> </PATCH>
PPL_ED1ED58AA6CF,<PATCH> E01 L010 <OLD> cleaners ke pas lejaane </OLD> <NEW> hiking trip </NEW> </PATCH> <PATCH> E02 L025 <OLD> aj 8 pm aur 9 pm ko </OLD> <NEW> Sunday ko </NEW> </PATCH> <PATCH> E03 L047 <OLD> 10 </OLD> <NEW> sarey </NEW> </PATCH>
PPL_6B28523B2A14,<PATCH> E01 L025 <OLD> August 18th </OLD> <NEW> 7th December ke liye </NEW> </PATCH> <PATCH> E03 L052 <OLD> Montreal Quebec </OLD> <NEW> London </NEW> </PATCH> <PATCH> E04 L025 <OLD> aj raa </OLD> <NEW> 7th December ke liye </NEW> </PATCH>
PPL_68B17C954E0B,<PATCH> E03 L025 <OLD> February dopahar ko </OLD> <NEW> 5 minutes </NEW> </PATCH> <PATCH> E04 L048 <OLD> timer countdown </OLD> <NEW> timer </NEW> </PATCH>
PPL_F553C5F5DCD1,<PATCH> E02 L010 <OLD> Paul ko birthday card bhejne ke liye pep club </OLD> <NEW> St . Joseph novena group </NEW> </PATCH>
PPL_9C9F92DDD4CE,<PATCH> E02 L003 <OLD> rough </OLD> <NEW> change </NEW> </PATCH> <PATCH> E03 L010 <OLD> dog sitter shopping times </OLD> <NEW> Muje cars ko change </NEW> </PATCH>
PPL_65F21E375D1D,<PATCH> E01 L024 <OLD> the singing Christmas Tree </OLD> <NEW> Beer tours </NEW> </PATCH> <PATCH> E02 L024 <OLD> Art showings </OLD> <NEW> Beer tours </NEW> </PATCH> <PATCH> E03 L052 <OLD> north brunswick </OLD> <NEW> Chicago </NEW> </PATCH> <PATCH> E04 L025 <OLD> subah 6 30 bajhe </OLD> <NEW> agle weekend </NEW> </PATCH>
PPL_BC57D0DA0D41,<PATCH> E01 L048 <OLD> counter </OLD> <NEW> timer </NEW> </PATCH> <PATCH> E04 L048 <OLD> snooze </OLD> <NEW> timer </NEW> </PATCH>
PPL_EC760A1B0456,<PATCH> E01 L025 <OLD> kals </OLD> <NEW> agle week </NEW> </PATCH> <PATCH> E02 L024 <OLD> light parades </OLD> <NEW> Arts and Crafts show </NEW> </PATCH> <PATCH> E03 L008 <OLD> costco </OLD> <NEW> Home Depot </NEW> </PATCH>
PPL_7281E3EDCDAA,<PATCH> E02 L032 <OLD> what time dinner is tonight </OLD> <NEW> mera Digital ID card hai </NEW> </PATCH> <PATCH> E03 L002 <OLD> Marjorie </OLD> <NEW> Sandra </NEW> </PATCH> <PATCH> E04 L002 <OLD> Manon </OLD> <NEW> Sandra </NEW> </PATCH>
PPL_1BFF7FAD22C5,<PATCH> E01 L010 <OLD> hulu trial cancel karne </OLD> <NEW> flights book karne karne </NEW> </PATCH> <PATCH> E03 L025 <OLD> for May 30th 6 am </OLD> <NEW> 3 weeks me </NEW> </PATCH>
PPL_E92F051A7DD2,<PATCH> E02 L048 <OLD> Coutndown </OLD> <NEW> timer </NEW> </PATCH> <PATCH> E04 L025 <OLD> har at 6:30 am tomorrow. </OLD> <NEW> 1 minute ke liye </NEW> </PATCH>
PPL_E4201942CEC0,"<PATCH> E01 L052 <OLD> Canberra , Australia </OLD> <NEW> Tampa </NEW> </PATCH>"
PPL_7841238D9620,<PATCH> E01 L003 <OLD> Joey </OLD> <NEW> mujhe </NEW> </PATCH> <PATCH> E02 L010 <OLD> mere e - mails check karne </OLD> <NEW> Everett ko jo cookies pasand hai </NEW> </PATCH> <PATCH> E03 L003 <OLD> Chris </OLD> <NEW> mujhe </NEW> </PATCH> <PATCH> E04 L010 <OLD> Survivor ka naya season shuru hota hai </OLD> <NEW> Everett ko jo cookies pasand hai </NEW> </PATCH>
PPL_F6634E34D2D4,<PATCH> E01 L045 <OLD> sunnies </OLD> <NEW> umbrella </NEW> </PATCH> <PATCH> E02 L045 <OLD> summer hat </OLD> <NEW> umbrella </NEW> </PATCH> <PATCH> E03 L025 <OLD> saturday </OLD> <NEW> aj </NEW> </PATCH> <PATCH> E04 L045 <OLD> typhoon </OLD> <NEW> umbrella </NEW> </PATCH>
PPL_3D18DFB0DABC,<PATCH> E01 L003 <OLD> Kev </OLD> <NEW> mujhe </NEW> </PATCH> <PATCH> E02 L010 <OLD> dogs ko groomed </OLD> <NEW> review submit karne </NEW> </PATCH> <PATCH> E03 L025 <OLD> midday se </OLD> <NEW> dopahar 3 baje </NEW> </PATCH>
PPL_6C3F9FD7B8DE,<PATCH> E01 L044 <OLD> fast </OLD> <NEW> rock and roll </NEW> </PATCH> <PATCH> E03 L044 <OLD> is </OLD> <NEW> music </NEW> </PATCH>
PPL_2CBE7034B7DA,<PATCH> E03 L052 <OLD> rainshower totals </OLD> <NEW> Costa Rica </NEW> </PATCH> <PATCH> E04 L052 <OLD> Dehli </OLD> <NEW> Costa Rica </NEW> </PATCH>
PPL_3153FC8D9E53,"<PATCH> E02 L032 <OLD> Ray , thoda Bleach laane </OLD> <NEW> school director ko bolo ki waiting list mei koi updates hai </NEW> </PATCH>"
PPL_46BF3EC20A6F,<PATCH> E01 L002 <OLD> dom </OLD> <NEW> Ms Davis </NEW> </PATCH> <PATCH> E04 L032 <OLD> we ' re out of eggs </OLD> <NEW> Joey late hojayega </NEW> </PATCH>
PPL_3D03E761E95E,<PATCH> E02 L032 <OLD> mujhse shaam six baje se pehle final bank statements </OLD> <NEW> the concert starts at four ? </NEW> </PATCH> <PATCH> E03 L032 <OLD> mere paas uske sons ka phone hai </OLD> <NEW> the concert starts at four ? </NEW> </PATCH> <PATCH> E04 L032 <OLD> use sunday party </OLD> <NEW> the concert starts at four ? </NEW> </PATCH>
PPL_DD634B719EE2,<PATCH> E02 L010 <OLD> make an appointment </OLD> <NEW> dinner </NEW> </PATCH> <PATCH> E03 L025 <OLD> Saturday tak </OLD> <NEW> next weeks ke </NEW> </PATCH>
PPL_D9DB2452734F,<PATCH> E03 L025 <OLD> 7 AM se </OLD> <NEW> aaj raat </NEW> </PATCH> <PATCH> E04 L045 <OLD> 83 </OLD> <NEW> below freezing </NEW> </PATCH>
PPL_8E066AF48209,<PATCH> E02 L003 <OLD> cooking class </OLD> <NEW> mere </NEW> </PATCH> <PATCH> E04 L025 <OLD> 7 P . M ke aas paas </OLD> <NEW> Tuesday ke liye </NEW> </PATCH>
PPL_B6F028C872A5,<PATCH> E01 L048 <OLD> samai </OLD> <NEW> timers </NEW> </PATCH> <PATCH> E04 L025 <OLD> 9 pm ka </OLD> <NEW> 10 minutes ke liye </NEW> </PATCH>
PPL_344D14274D43,<PATCH> E02 L052 <OLD> AL </OLD> <NEW> San Jose </NEW> </PATCH> <PATCH> E03 L025 <OLD> 6 : 30 am tak </OLD> <NEW> Agle hafte </NEW> </PATCH>
PPL_41CC4B15E20A,<PATCH> E01 L002 <OLD> stephanie </OLD> <NEW> Pascal </NEW> </PATCH> <PATCH> E02 L032 <OLD> mai is hafte lunch ke liye ghar par rahunga </OLD> <NEW> flowers ko mat </NEW> </PATCH>
PPL_2ABC83863084,<PATCH> E02 L025 <OLD> suabh 11:30 ke liye </OLD> <NEW> aaj raat </NEW> </PATCH> <PATCH> E03 L025 <OLD> 6 : 30 am tak </OLD> <NEW> aaj raat </NEW> </PATCH> <PATCH> E04 L045 <OLD> coldest </OLD> <NEW> snow </NEW> </PATCH>
PPL_D57B703EAA84,<PATCH> E01 L013 <OLD> har subah 7 minutes and 37 seconds ke liye </OLD> <NEW> har subah 9 baje </NEW> </PATCH> <PATCH> E02 L010 <OLD> Grayson </OLD> <NEW> mujhe work start </NEW> </PATCH>
PPL_A1933D27541A,<PATCH> E01 L048 <OLD> timer suspend </OLD> <NEW> timer </NEW> </PATCH> <PATCH> E02 L025 <OLD> agley Monday at 10 am </OLD> <NEW> 30 minutes </NEW> </PATCH> <PATCH> E04 L048 <OLD> time out </OLD> <NEW> timer </NEW> </PATCH>
PPL_027D3CD538C3,<PATCH> E01 L025 <OLD> January first ko 12 : 01 am ko </OLD> <NEW> Aaj raat </NEW> </PATCH> <PATCH> E03 L025 <OLD> four hour </OLD> <NEW> Aaj raat </NEW> </PATCH> <PATCH> E04 L045 <OLD> RAINY </OLD> <NEW> thand </NEW> </PATCH>
PPL_3483377141CF,<PATCH> E02 L052 <OLD> 7th avenue </OLD> <NEW> Orlando </NEW> </PATCH> <PATCH> E03 L024 <OLD> country bands </OLD> <NEW> parties </NEW> </PATCH> <PATCH> E04 L025 <OLD> is din ke aas paas </OLD> <NEW> Christmas </NEW> </PATCH>
PPL_F16D77A0150F,<PATCH> E01 L052 <OLD> I - 94 </OLD> <NEW> florida </NEW> </PATCH> <PATCH> E02 L025 <OLD> aaj shaam 4 : 00 baje ke liye </OLD> <NEW> Kal ke liye </NEW> </PATCH> <PATCH> E03 L052 <OLD> ashville north carolina </OLD> <NEW> florida </NEW> </PATCH> <PATCH> E04 L025 <OLD> on September 18th </OLD> <NEW> Kal ke liye </NEW> </PATCH>
PPL_65FCC946F7BF,<PATCH> E01 L002 <OLD> Ruben </OLD> <NEW> Jessica </NEW> </PATCH> <PATCH> E02 L032 <OLD> mujhe uske post ko like hai </OLD> <NEW> i am on my way </NEW> </PATCH>
PPL_7641E44C9106,"<PATCH> E01 L023 <OLD> August 8 , 2018 ke liye </OLD> <NEW> friday ke din </NEW> </PATCH> <PATCH> E02 L025 <OLD> David friday ke din </OLD> <NEW> friday ke din </NEW> </PATCH> <PATCH> E03 L010 <OLD> Lily ko milne </OLD> <NEW> my tee time </NEW> </PATCH> <PATCH> E04 L023 <OLD> subha 8 am aur 9 am ko ko </OLD> <NEW> friday ke din </NEW> </PATCH>"
PPL_433A0F6EB8DB,<PATCH> E02 L024 <OLD> Burlesque shows </OLD> <NEW> food festivals </NEW> </PATCH> <PATCH> E03 L024 <OLD> aj 5 bajhe BYOB dinner </OLD> <NEW> is weekend mai food festivals </NEW> </PATCH>
PPL_65168F21F3EB,<PATCH> E01 L052 <OLD> i - 15 </OLD> <NEW> Florida </NEW> </PATCH> <PATCH> E02 L052 <OLD> new restaurants </OLD> <NEW> Florida </NEW> </PATCH>
PPL_D22468F1CF91,<PATCH> E01 L048 <OLD> timer suspend </OLD> <NEW> timer </NEW> </PATCH> <PATCH> E02 L036 <OLD> last nights cooking </OLD> <NEW> 20 minutes </NEW> </PATCH>
PPL_9814F54FCA13,<PATCH> E01 L010 <OLD> Christmas shopping shuru karna hai </OLD> <NEW> smile </NEW> </PATCH> <PATCH> E02 L025 <OLD> Monday subha 6 am ke liye </OLD> <NEW> 2 baje </NEW> </PATCH> <PATCH> E03 L013 <OLD> every Saturday dopaher 2 baje ka </OLD> <NEW> har din dopaher 2 baje </NEW> </PATCH>
PPL_C1739C0DFFF7,<PATCH> E03 L021 <OLD> Orange Blossom Trail </OLD> <NEW> Highway 70 </NEW> </PATCH> <PATCH> E04 L021 <OLD> center city aur jacksonville </OLD> <NEW> Terre Haute aur Brazil </NEW> </PATCH>
PPL_7D3896B04E1E,<PATCH> E01 L025 <OLD> 3 weeks me </OLD> <NEW> saturday ko </NEW> </PATCH> <PATCH> E02 L010 <OLD> call karne ki zarurat hai </OLD> <NEW> joe ke liye party </NEW> </PATCH> <PATCH> E04 L025 <OLD> agle Monday 5 am ke liye </OLD> <NEW> saturday ko </NEW> </PATCH>
PPL_5F93E813F2A4,<PATCH> E01 L025 <OLD> mere 12 pm me </OLD> <NEW> is shaam ke liye </NEW> </PATCH> <PATCH> E02 L003 <OLD> Garth </OLD> <NEW> mere </NEW> </PATCH> <PATCH> E03 L003 <OLD> Mike </OLD> <NEW> mere </NEW> </PATCH>
PPL_5C0607CE93B8,<PATCH> E01 L024 <OLD> Game </OLD> <NEW> shopping events / sales </NEW> </PATCH> <PATCH> E02 L025 <OLD> monday 2 bajhe </OLD> <NEW> is weekend </NEW> </PATCH> <PATCH> E03 L024 <OLD> Ghost Tours </OLD> <NEW> shopping events / sales </NEW> </PATCH> <PATCH> E04 L008 <OLD> Crystal Lake </OLD> <NEW> the Bay Park Square mall </NEW> </PATCH>
PPL_672F5332C0E5,<PATCH> E01 L019 <OLD> jonesboro </OLD> <NEW> Detroit </NEW> </PATCH> <PATCH> E02 L049 <OLD> Rex GA </OLD> <NEW> Chicago </NEW> </PATCH> <PATCH> E03 L058 <OLD> steps </OLD> <NEW> miles </NEW> </PATCH> <PATCH> E04 L058 <OLD> kilometers </OLD> <NEW> miles </NEW> </PATCH>
PPL_59FA74CB1A7D,<PATCH> E02 L019 <OLD> Yardley aur Augusta </OLD> <NEW> Queens </NEW> </PATCH> <PATCH> E04 L019 <OLD> polis Avenue </OLD> <NEW> Long Island </NEW> </PATCH>
PPL_14CEBABF500E,<PATCH> E01 L048 <OLD> Timers </OLD> <NEW> timer </NEW> </PATCH> <PATCH> E02 L025 <OLD> next Monday ke liye </OLD> <NEW> 45 minute </NEW> </PATCH> <PATCH> E03 L025 <OLD> aj sham 5 : 30 ke liye </OLD> <NEW> 45 minute </NEW> </PATCH> <PATCH> E04 L025 <OLD> Saturday 25th May ko </OLD> <NEW> 45 minute </NEW> </PATCH>
PPL_5D37DFC71FF7,<PATCH> E03 L025 <OLD> from 7 pm ko </OLD> <NEW> Sunday afternoon </NEW> </PATCH> <PATCH> E04 L025 <OLD> Friday ko 3 : 30 baje </OLD> <NEW> Sunday afternoon par </NEW> </PATCH>
PPL_A3628BBE5CDD,<PATCH> E01 L045 <OLD> ole girne </OLD> <NEW> windy </NEW> </PATCH> <PATCH> E02 L045 <OLD> sun </OLD> <NEW> windy </NEW> </PATCH> <PATCH> E03 L045 <OLD> visibility index </OLD> <NEW> windy </NEW> </PATCH> <PATCH> E04 L025 <OLD> at 14 : 00 </OLD> <NEW> aaj </NEW> </PATCH>
PPL_59A52A85316A,<PATCH> E01 L004 <OLD> stations </OLD> <NEW> station </NEW> </PATCH> <PATCH> E02 L004 <OLD> singles </OLD> <NEW> station </NEW> </PATCH> <PATCH> E03 L007 <OLD> hair </OLD> <NEW> baby </NEW> </PATCH>
PPL_5F8D6CBA9F81,<PATCH> E01 L025 <OLD> May 16th ko 8 pm ke liye </OLD> <NEW> is week </NEW> </PATCH> <PATCH> E02 L010 <OLD> tires checked karne ke liye </OLD> <NEW> Ellie ke school ki supplies order hone </NEW> </PATCH> <PATCH> E03 L003 <OLD> Terry </OLD> <NEW> Muje </NEW> </PATCH> <PATCH> E04 L003 <OLD> Mo </OLD> <NEW> Muje </NEW> </PATCH>
PPL_A42C91A97420,"<PATCH> E01 L049 <OLD> Florence </OLD> <NEW> Boston </NEW> </PATCH> <PATCH> E02 L049 <OLD> New York </OLD> <NEW> Boston </NEW> </PATCH> <PATCH> E03 L019 <OLD> Ruston , Louisiana </OLD> <NEW> Washington DC </NEW> </PATCH> <PATCH> E04 L019 <OLD> chelsea </OLD> <NEW> Washington DC </NEW> </PATCH>"
PPL_49F2DF91D5BD,<PATCH> E01 L045 <OLD> barf giri </OLD> <NEW> jacket </NEW> </PATCH> <PATCH> E02 L045 <OLD> showering </OLD> <NEW> jacket </NEW> </PATCH> <PATCH> E03 L025 <OLD> july mei </OLD> <NEW> aaj subah </NEW> </PATCH>
PPL_1E7FD0430C77,<PATCH> E01 L045 <OLD> swimmers </OLD> <NEW> thunderstorm </NEW> </PATCH> <PATCH> E02 L025 <OLD> shaam 6 baje </OLD> <NEW> is hafte </NEW> </PATCH> <PATCH> E03 L025 <OLD> agle weekend ko shaam 4 baje ke baad </OLD> <NEW> is hafte </NEW> </PATCH> <PATCH> E04 L045 <OLD> nice </OLD> <NEW> thunderstorm </NEW> </PATCH>
PPL_3ECF9FCBD3B3,<PATCH> E02 L032 <OLD> when she leaves for her vacation </OLD> <NEW> i will arrive tomorrow at 8 in the evening </NEW> </PATCH> <PATCH> E03 L032 <OLD> when they want to fundraise </OLD> <NEW> i will arrive tomorrow at 8 in the evening </NEW> </PATCH> <PATCH> E04 L032 <OLD> mujhse elevator par milen </OLD> <NEW> i will arrive tomorrow at 8 in the evening </NEW> </PATCH>
PPL_C1EE688E52F1,"<PATCH> E02 L052 <OLD> Lake District , Cumbria </OLD> <NEW> West Palm Beach </NEW> </PATCH> <PATCH> E03 L025 <OLD> August 13th </OLD> <NEW> Christmas </NEW> </PATCH> <PATCH> E04 L025 <OLD> 9 minutes tak </OLD> <NEW> Is saturday </NEW> </PATCH>"
PPL_45AD1A27636F,<PATCH> E02 L025 <OLD> 5th ko subha 8 baje Fairless Hills </OLD> <NEW> aaj </NEW> </PATCH>
PPL_93ED1BC51ADF,<PATCH> E03 L045 <OLD> summer clothing </OLD> <NEW> jacket </NEW> </PATCH> <PATCH> E04 L025 <OLD> Monday 25 minutes ke liye </OLD> <NEW> kal </NEW> </PATCH>
PPL_9121FE9B8E3B,<PATCH> E01 L045 <OLD> snowshoes </OLD> <NEW> lowest UV index </NEW> </PATCH> <PATCH> E03 L025 <OLD> Fridays ko 9 pm ko </OLD> <NEW> Aaj </NEW> </PATCH>
PPL_E8894A1644B3,<PATCH> E01 L010 <OLD> salon appointment </OLD> <NEW> mera life insurance cancel karne ke liye </NEW> </PATCH> <PATCH> E03 L010 <OLD> 9 : 20 pm ko Dunkin </OLD> <NEW> September 10th tak </NEW> </PATCH>
PPL_075B90F98383,<PATCH> E01 L045 <OLD> shorts </OLD> <NEW> umbrella </NEW> </PATCH> <PATCH> E02 L025 <OLD> subha 7 : 30 baje me </OLD> <NEW> kal </NEW> </PATCH>
PPL_ACD6F673B3B7,<PATCH> E03 L025 <OLD> 2 baje </OLD> <NEW> Kal </NEW> </PATCH> <PATCH> E04 L025 <OLD> friday subah ke liye </OLD> <NEW> Kal </NEW> </PATCH>
PPL_5125C439FA0F,<PATCH> E01 L025 <OLD> apne team se </OLD> <NEW> aaj raat dopaher 4 baje ke aas pas </NEW> </PATCH> <PATCH> E02 L010 <OLD> football game ko record karne ke liye </OLD> <NEW> dinner banane </NEW> </PATCH> <PATCH> E03 L025 <OLD> agle 2 months me </OLD> <NEW> aaj raat dopaher 4 baje ke aas pas </NEW> </PATCH>
PPL_E598A009C0D7,<PATCH> E01 L010 <OLD> mere baal ko color karne ke liye Dave </OLD> <NEW> School me ek behetar attitude lane ke liye </NEW> </PATCH> <PATCH> E03 L023 <OLD> Sunday </OLD> <NEW> muje </NEW> </PATCH>
PPL_B1507793579C,<PATCH> E01 L052 <OLD> Pennington Gap Virginia </OLD> <NEW> i 85 </NEW> </PATCH> <PATCH> E04 L025 <OLD> is sunday se </OLD> <NEW> abhi </NEW> </PATCH>
PPL_F0827B8C2D19,<PATCH> E01 L008 <OLD> Travis Park </OLD> <NEW> Riverside Club </NEW> </PATCH> <PATCH> E02 L024 <OLD> trick or treating </OLD> <NEW> April 26 concert </NEW> </PATCH> <PATCH> E03 L008 <OLD> Trumbull mall </OLD> <NEW> Riverside Club </NEW> </PATCH> <PATCH> E04 L025 <OLD> tuesday evening </OLD> <NEW> April 26 concert </NEW> </PATCH>
PPL_15DC53592DF3,<PATCH> E01 L010 <OLD> Theresa </OLD> <NEW> mere bills ko mail karne ke liye </NEW> </PATCH> <PATCH> E03 L025 <OLD> 4 pm ko </OLD> <NEW> agle thursday </NEW> </PATCH> <PATCH> E04 L010 <OLD> shpoing </OLD> <NEW> mere bills ko mail karne ke liye </NEW> </PATCH>
PPL_EBB5EFA0D5EC,<PATCH> E01 L004 <OLD> song </OLD> <NEW> music music </NEW> </PATCH> <PATCH> E02 L001 <OLD> instruments </OLD> <NEW> music music </NEW> </PATCH> <PATCH> E04 L011 <OLD> christian </OLD> <NEW> country </NEW> </PATCH>
PPL_0DFDF1DA8DB2,<PATCH> E01 L025 <OLD> 5 minutes ke liye </OLD> <NEW> 15 minutes pehle </NEW> </PATCH> <PATCH> E03 L003 <OLD> volunteer </OLD> <NEW> mujhe </NEW> </PATCH> <PATCH> E04 L003 <OLD> I guess </OLD> <NEW> mujhe </NEW> </PATCH>
PPL_EF7914C7B756,<PATCH> E04 L010 <OLD> mere wedding party gifts kharidne ke liye </OLD> <NEW> meeting ke liye </NEW> </PATCH>
PPL_703303F45E67,<PATCH> E04 L025 <OLD> harlingen mei 6 pm </OLD> <NEW> Chicago me December me </NEW> </PATCH>
PPL_1517821B9000,"<PATCH> E01 L052 <OLD> agle hafte St Joe County </OLD> <NEW> Burlington , VT </NEW> </PATCH> <PATCH> E02 L025 <OLD> May 21st 2 pm ke liye </OLD> <NEW> agle hafte </NEW> </PATCH> <PATCH> E03 L025 <OLD> from 5 in the morning </OLD> <NEW> agle hafte </NEW> </PATCH> <PATCH> E04 L025 <OLD> kal dopaher 12 baje ke liye </OLD> <NEW> agle hafte </NEW> </PATCH>"
PPL_935230EC9DFE,<PATCH> E01 L052 <OLD> eden prarie </OLD> <NEW> Vegas </NEW> </PATCH> <PATCH> E02 L025 <OLD> Saturday raat 10 baje ke aas paas </OLD> <NEW> is weekend </NEW> </PATCH> <PATCH> E04 L025 <OLD> 9 ' o clock ko </OLD> <NEW> is weekend </NEW> </PATCH>
PPL_017A5FAC303D,<PATCH> E02 L025 <OLD> Saturday ko 6th ke liye </OLD> <NEW> kal </NEW> </PATCH> <PATCH> E03 L025 <OLD> 11 pm ke liye </OLD> <NEW> kal </NEW> </PATCH> <PATCH> E04 L045 <OLD> A / C </OLD> <NEW> windy </NEW> </PATCH>
PPL_6E1E00E38891,<PATCH> E01 L052 <OLD> Ukraine </OLD> <NEW> Dayton </NEW> </PATCH> <PATCH> E02 L025 <OLD> August 27th ko </OLD> <NEW> June 2018 mei </NEW> </PATCH> <PATCH> E03 L024 <OLD> personal trainer appointment </OLD> <NEW> festivals </NEW> </PATCH> <PATCH> E04 L052 <OLD> Brooklyn Bridge </OLD> <NEW> Dayton </NEW> </PATCH>
PPL_3DBCDBDB45EB,<PATCH> E01 L010 <OLD> collin ko happy birthday wish karne ke liye </OLD> <NEW> aata pick karne ke liye </NEW> </PATCH> <PATCH> E02 L010 <OLD> Book Fair aata pick karne ke liye </OLD> <NEW> mujhe aata pick karne ke liye </NEW> </PATCH> <PATCH> E03 L010 <OLD> kaam se break lene aur ek drink of water lene </OLD> <NEW> aata pick karne ke liye </NEW> </PATCH>
PPL_6CBC0FCA4440,<PATCH> E01 L045 <OLD> rain hat </OLD> <NEW> dhoop </NEW> </PATCH> <PATCH> E04 L025 <OLD> Mondays ko 8 pm ko </OLD> <NEW> kal </NEW> </PATCH>
PPL_AB44A0D4D3F4,<PATCH> E01 L025 <OLD> 30 minutes se </OLD> <NEW> ek ghante mei </NEW> </PATCH> <PATCH> E02 L048 <OLD> samay </OLD> <NEW> timer </NEW> </PATCH> <PATCH> E03 L048 <OLD> timing </OLD> <NEW> timer </NEW> </PATCH> <PATCH> E04 L048 <OLD> 2018 at 11 : 00an </OLD> <NEW> timer </NEW> </PATCH>
PPL_463FF4EB73B8,<PATCH> E02 L025 <OLD> Kendall 9 pm ke </OLD> <NEW> 9 pm </NEW> </PATCH> <PATCH> E03 L025 <OLD> 6 am and 4 pm ke liye </OLD> <NEW> 9 pm </NEW> </PATCH>
PPL_A56B3C4A5BF7,<PATCH> E01 L025 <OLD> from the 10th of the month </OLD> <NEW> Agle weekend </NEW> </PATCH> <PATCH> E03 L046 <OLD> newport news </OLD> <NEW> Laramie </NEW> </PATCH>
PPL_F63DBC644F8F,<PATCH> E01 L025 <OLD> har hafte subah 7 baje ke liye </OLD> <NEW> aaj raat </NEW> </PATCH> <PATCH> E02 L045 <OLD> showers </OLD> <NEW> coat </NEW> </PATCH> <PATCH> E04 L045 <OLD> 41 </OLD> <NEW> coat </NEW> </PATCH>
PPL_D3AE2AEA9CAE,<PATCH> E01 L025 <OLD> 4 : 00 kitni Tropical Storm </OLD> <NEW> agle teen ghanton me </NEW> </PATCH>
PPL_6D8E73982118,<PATCH> E02 L013 <OLD> har hafte subha 8 am ke liye </OLD> <NEW> next Thursday </NEW> </PATCH> <PATCH> E03 L010 <OLD> Girlfriend </OLD> <NEW> dinner </NEW> </PATCH>
PPL_6910B583E32A,<PATCH> E01 L024 <OLD> Bowling tournaments </OLD> <NEW> Holiday parties </NEW> </PATCH> <PATCH> E02 L025 <OLD> Monday 8 baje ke liye </OLD> <NEW> agle weekend </NEW> </PATCH> <PATCH> E03 L025 <OLD> is July ko </OLD> <NEW> agle weekend </NEW> </PATCH>
PPL_885F8308FDCD,<PATCH> E02 L045 <OLD> uv </OLD> <NEW> hawa </NEW> </PATCH> <PATCH> E03 L052 <OLD> Olean Ny </OLD> <NEW> Naples </NEW> </PATCH> <PATCH> E04 L025 <OLD> kal subah 8 bajhe ke liye </OLD> <NEW> aaj </NEW> </PATCH>
PPL_A071A5BAC735,<PATCH> E01 L010 <OLD> meri fitness training </OLD> <NEW> mere date </NEW> </PATCH> <PATCH> E02 L003 <OLD> SCA members </OLD> <NEW> mujhe </NEW> </PATCH>
PPL_CA4989A4A904,<PATCH> E03 L045 <OLD> degrees </OLD> <NEW> upar </NEW> </PATCH> <PATCH> E04 L052 <OLD> Southern VA </OLD> <NEW> shanghai </NEW> </PATCH>
PPL_9A2102CD6B3A,<PATCH> E01 L025 <OLD> 2 hours and 30 minutes ke liye </OLD> <NEW> Aaj raat </NEW> </PATCH> <PATCH> E02 L010 <OLD> Artie </OLD> <NEW> mera water bill pay karne ke liye </NEW> </PATCH>
PPL_D4DE3D5084E8,<PATCH> E02 L025 <OLD> Thursday subah 6 bajhe ke liye </OLD> <NEW> is Saturday </NEW> </PATCH> <PATCH> E04 L010 <OLD> dry cleaning pick up karne </OLD> <NEW> Melanie ke cheer class </NEW> </PATCH>
PPL_F902BCAEA49C,<PATCH> E01 L025 <OLD> Monday afternoon ke liye 4 : 00 pm ka </OLD> <NEW> aaj </NEW> </PATCH> <PATCH> E03 L018 <OLD> share </OLD> <NEW> dikhaye </NEW> </PATCH>
PPL_F2441DCB6C91,<PATCH> E03 L024 <OLD> Movie </OLD> <NEW> wine tasting </NEW> </PATCH> <PATCH> E04 L008 <OLD> San Francisco Airport </OLD> <NEW> St. George </NEW> </PATCH>
PPL_F617BEF9A21B,<PATCH> E02 L010 <OLD> hair appointment </OLD> <NEW> dinner banane </NEW> </PATCH> <PATCH> E03 L025 <OLD> adhe minute ke liye </OLD> <NEW> Aaj raat </NEW> </PATCH> <PATCH> E04 L025 <OLD> wednesday dopahar ke liye </OLD> <NEW> Aaj raat </NEW> </PATCH>
PPL_5955E91E6CDA,<PATCH> E02 L002 <OLD> Nuwave </OLD> <NEW> John </NEW> </PATCH>
PPL_D4306C3B6E38,<PATCH> E01 L025 <OLD> 9 : 20 pm ko </OLD> <NEW> kal </NEW> </PATCH> <PATCH> E02 L003 <OLD> art </OLD> <NEW> mujhe </NEW> </PATCH> <PATCH> E04 L010 <OLD> 6 - months dental check up </OLD> <NEW> doctor ke appointment </NEW> </PATCH>
PPL_2798EA03854E,<PATCH> E01 L025 <OLD> 8th august </OLD> <NEW> das minute </NEW> </PATCH> <PATCH> E02 L048 <OLD> samay </OLD> <NEW> timer </NEW> </PATCH> <PATCH> E03 L048 <OLD> timeout timer suspend </OLD> <NEW> timer </NEW> </PATCH> <PATCH> E04 L025 <OLD> 5 mins </OLD> <NEW> das minute </NEW> </PATCH>
PPL_D8BADABE4B27,<PATCH> E01 L052 <OLD> Moldova </OLD> <NEW> Miami </NEW> </PATCH> <PATCH> E02 L025 <OLD> 10 AM ke liye </OLD> <NEW> Aaj raat </NEW> </PATCH> <PATCH> E03 L025 <OLD> weekend par subha 10 baje ke liye </OLD> <NEW> Aaj raat </NEW> </PATCH> <PATCH> E04 L025 <OLD> Aaj raat 270 me </OLD> <NEW> Aaj raat </NEW> </PATCH>
PPL_77B436342BA3,<PATCH> E01 L010 <OLD> mujhe kis ko call karne ki zarurat hai </OLD> <NEW> mujhe batteries khareedne </NEW> </PATCH> <PATCH> E02 L010 <OLD> Georgie batteries khareedne </OLD> <NEW> mujhe batteries khareedne </NEW> </PATCH> <PATCH> E04 L010 <OLD> family reunion party </OLD> <NEW> mujhe batteries khareedne </NEW> </PATCH>
PPL_652140E01DA5,<PATCH> E02 L025 <OLD> Monday 6 : 30 pm ko </OLD> <NEW> aaj </NEW> </PATCH> <PATCH> E04 L045 <OLD> 3 digits </OLD> <NEW> barf </NEW> </PATCH>
PPL_612450174707,<PATCH> E01 L025 <OLD> 7p ke liye </OLD> <NEW> aaj raat </NEW> </PATCH>
PPL_F8DA56196DB7,<PATCH> E01 L052 <OLD> NJ Shore </OLD> <NEW> Griffith Park </NEW> </PATCH> <PATCH> E02 L045 <OLD> 80 </OLD> <NEW> garmi </NEW> </PATCH>
PPL_8C8AA24B7174,<PATCH> E03 L048 <OLD> samay </OLD> <NEW> timer </NEW> </PATCH> <PATCH> E04 L048 <OLD> countdown </OLD> <NEW> timer </NEW> </PATCH>
PPL_0B58550384C6,<PATCH> E01 L002 <OLD> Dr . Phil Lopez </OLD> <NEW> Kevin </NEW> </PATCH> <PATCH> E04 L032 <OLD> Muje front desk par mile. </OLD> <NEW> aaj raat ke liye kuch doodh laane ka </NEW> </PATCH>
PPL_761027A5D8B8,<PATCH> E01 L025 <OLD> agley 4 ghantey ke liye </OLD> <NEW> is sunday </NEW> </PATCH>
PPL_76D7AD9FF770,<PATCH> E02 L010 <OLD> Japan - Taiwan </OLD> <NEW> mujhe </NEW> </PATCH> <PATCH> E03 L010 <OLD> 8 / 19 ko Pose dekhne ke liye </OLD> <NEW> is mahine ki 30th tareek ko electricity bill ka </NEW> </PATCH>
PPL_D86E7BA48D1F,<PATCH> E02 L032 <OLD> mai usey art class me mil jaunga </OLD> <NEW> the concert price is $100 </NEW> </PATCH> <PATCH> E03 L002 <OLD> mere son ke teacher </OLD> <NEW> tiff </NEW> </PATCH>
PPL_E79E285C0106,"<PATCH> E01 L025 <OLD> Monday 25 minutes ke liye </OLD> <NEW> abhi </NEW> </PATCH> <PATCH> E02 L052 <OLD> Bonita Springs , FL </OLD> <NEW> woodlands </NEW> </PATCH> <PATCH> E04 L052 <OLD> Williamsburg , VA </OLD> <NEW> woodlands </NEW> </PATCH>"
PPL_980B0FD1B66C,<PATCH> E01 L048 <OLD> timer countdown </OLD> <NEW> timer </NEW> </PATCH> <PATCH> E02 L025 <OLD> agle Tuesday 5 PM ko </OLD> <NEW> 30 minutes </NEW> </PATCH> <PATCH> E03 L048 <OLD> count </OLD> <NEW> timer </NEW> </PATCH>
PPL_35C9FA9691E3,<PATCH> E01 L045 <OLD> thunder storms free </OLD> <NEW> barish </NEW> </PATCH> <PATCH> E03 L025 <OLD> June 7th 3 pm ke liye </OLD> <NEW> aj raat </NEW> </PATCH>
PPL_CB6FA9596AAC,<PATCH> E01 L032 <OLD> Cunningham park mei oor the summer </OLD> <NEW> girls party Pizza Hut par hai </NEW> </PATCH> <PATCH> E02 L002 <OLD> Begonia </OLD> <NEW> Carolyn </NEW> </PATCH> <PATCH> E04 L032 <OLD> vo news dekha </OLD> <NEW> girls party Pizza Hut par hai </NEW> </PATCH>
PPL_DD2A515903C9,<PATCH> E01 L052 <OLD> Helsinki </OLD> <NEW> St Pete </NEW> </PATCH> <PATCH> E02 L025 <OLD> 9 june ko shaam 7 baje </OLD> <NEW> kal </NEW> </PATCH>
PPL_9F9E08CDCBB3,<PATCH> E01 L025 <OLD> abhi se 5 minute ka </OLD> <NEW> Aaj </NEW> </PATCH> <PATCH> E02 L052 <OLD> I 90 </OLD> <NEW> Venice Beach </NEW> </PATCH> <PATCH> E03 L052 <OLD> Summerville </OLD> <NEW> Venice Beach </NEW> </PATCH> <PATCH> E04 L025 <OLD> Saturday raat 8 baje ke liye </OLD> <NEW> Aaj </NEW> </PATCH>
PPL_C969DD310F46,<PATCH> E01 L025 <OLD> 2 : 50 </OLD> <NEW> Aaj raat </NEW> </PATCH> <PATCH> E03 L045 <OLD> saaf </OLD> <NEW> baarish </NEW> </PATCH>
PPL_49F9B4CBA52F,<PATCH> E01 L046 <OLD> musical </OLD> <NEW> concerts </NEW> </PATCH> <PATCH> E04 L025 <OLD> subha 8 baje PST </OLD> <NEW> is year </NEW> </PATCH>
PPL_750B238B4F1E,<PATCH> E01 L045 <OLD> plants </OLD> <NEW> hot </NEW> </PATCH> <PATCH> E03 L045 <OLD> Sweater </OLD> <NEW> hot </NEW> </PATCH> <PATCH> E04 L025 <OLD> subah 6 30 ke liye </OLD> <NEW> next week </NEW> </PATCH>
PPL_20954A05BA0A,<PATCH> E02 L025 <OLD> Sunday midnight ko </OLD> <NEW> aj </NEW> </PATCH> <PATCH> E03 L045 <OLD> freezing </OLD> <NEW> thandi </NEW> </PATCH>
PPL_75843D3E946A,<PATCH> E02 L025 <OLD> to 8 in the evening </OLD> <NEW> Tuesday ko har 15 minutes me </NEW> </PATCH> <PATCH> E04 L048 <OLD> Oct 18 Stopwatch </OLD> <NEW> Tuesday </NEW> </PATCH>
PPL_C5094DDCD03C,<PATCH> E01 L048 <OLD> counter </OLD> <NEW> timer </NEW> </PATCH> <PATCH> E02 L025 <OLD> 6 din </OLD> <NEW> 30 seconds par </NEW> </PATCH>
PPL_91A8BC5FCB9F,<PATCH> E02 L025 <OLD> 7 : 00 pm ko </OLD> <NEW> ek mahine ke andar </NEW> </PATCH> <PATCH> E03 L033 <OLD> John Mayer </OLD> <NEW> foo fighters </NEW> </PATCH> <PATCH> E04 L024 <OLD> professional sporting events </OLD> <NEW> foo fighters ke concerts </NEW> </PATCH>
PPL_77173812E375,<PATCH> E03 L025 <OLD> Kal raat 8 baje tak </OLD> <NEW> is weekend </NEW> </PATCH> <PATCH> E04 L046 <OLD> walking </OLD> <NEW> free </NEW> </PATCH>
PPL_46F573C32EED,<PATCH> E01 L025 <OLD> on the 29th at 2 am ko </OLD> <NEW> is hafte </NEW> </PATCH> <PATCH> E03 L025 <OLD> 50 se </OLD> <NEW> is hafte </NEW> </PATCH> <PATCH> E04 L025 <OLD> agle saal </OLD> <NEW> is hafte </NEW> </PATCH>
PPL_D227FB445D07,<PATCH> E02 L010 <OLD> concert ke liye tickets khareedne </OLD> <NEW> laundry ko pick up ke liye </NEW> </PATCH> <PATCH> E04 L025 <OLD> day time </OLD> <NEW> shaam 6 baje </NEW> </PATCH>
PPL_0FC01AC250B7,<PATCH> E01 L010 <OLD> meri beti ke liye concert </OLD> <NEW> writing a new blog </NEW> </PATCH> <PATCH> E02 L013 <OLD> har sunday president ke din </OLD> <NEW> har sunday subah 8 bajhe </NEW> </PATCH> <PATCH> E03 L013 <OLD> har 2 ghante subah 8 bajhe </OLD> <NEW> har sunday </NEW> </PATCH> <PATCH> E04 L013 <OLD> every 90 minutes subah 8 bajhe </OLD> <NEW> har sunday </NEW> </PATCH>
PPL_191940E2D08B,<PATCH> E03 L003 <OLD> Juan </OLD> <NEW> meri </NEW> </PATCH> <PATCH> E04 L025 <OLD> aaj 8 pm ke liye </OLD> <NEW> 12:00 </NEW> </PATCH>
PPL_19E63827F2E5,<PATCH> E02 L025 <OLD> Thursday 12pm ko </OLD> <NEW> kal </NEW> </PATCH> <PATCH> E03 L025 <OLD> monday se friday subah 6 baje ke liye </OLD> <NEW> kal </NEW> </PATCH> <PATCH> E04 L045 <OLD> Flood </OLD> <NEW> dhoop </NEW> </PATCH>
PPL_1F0785DE379E,<PATCH> E01 L025 <OLD> agle Monday 5 am ke liye </OLD> <NEW> abhi </NEW> </PATCH> <PATCH> E04 L052 <OLD> Helena </OLD> <NEW> 26 </NEW> </PATCH>
PPL_69D8165B615B,<PATCH> E01 L032 <OLD> thursday ke din bakery se cake pick up </OLD> <NEW> lol </NEW> </PATCH> <PATCH> E02 L002 <OLD> Tom Nook </OLD> <NEW> Sarah </NEW> </PATCH> <PATCH> E03 L042 <OLD> Facebook Messenger </OLD> <NEW> Messenger </NEW> </PATCH>
PPL_5081859CF513,<PATCH> E01 L022 <OLD> dwara </OLD> <NEW> aas paas </NEW> </PATCH> <PATCH> E02 L024 <OLD> the Country Music Awards </OLD> <NEW> Coffee meetups </NEW> </PATCH> <PATCH> E03 L025 <OLD> 7 minutes tak </OLD> <NEW> Is hafte </NEW> </PATCH> <PATCH> E04 L037 <OLD> Is area </OLD> <NEW> mere </NEW> </PATCH>
PPL_D71FB890DDA2,<PATCH> E01 L004 <OLD> collection </OLD> <NEW> music </NEW> </PATCH> <PATCH> E02 L044 <OLD> spa record </OLD> <NEW> jazz </NEW> </PATCH> <PATCH> E04 L004 <OLD> soundtrack </OLD> <NEW> music </NEW> </PATCH>
PPL_95874C5E722B,<PATCH> E02 L002 <OLD> Violets </OLD> <NEW> Jane </NEW> </PATCH> <PATCH> E04 L032 <OLD> pick up food </OLD> <NEW> she looks great </NEW> </PATCH>
PPL_9103E5EDB9B7,"<PATCH> E02 L003 <OLD> baccho </OLD> <NEW> mujhe </NEW> </PATCH> <PATCH> E03 L025 <OLD> Fridays ko subah 6 baje </OLD> <NEW> sham 5 baje </NEW> </PATCH> <PATCH> E04 L010 <OLD> Jimmy ne apna trumpet khol diya , mujhe </OLD> <NEW> mujhe sham 5 baje cook karne </NEW> </PATCH>"
PPL_B864823C7781,<PATCH> E02 L025 <OLD> Friday ke subha </OLD> <NEW> aaj raat </NEW> </PATCH> <PATCH> E04 L025 <OLD> Jimmy </OLD> <NEW> aaj raat </NEW> </PATCH>
PPL_ECC1721522C7,<PATCH> E02 L025 <OLD> 8 / 27 at 11a . m </OLD> <NEW> aaj </NEW> </PATCH>
PPL_A8477B09434C,<PATCH> E01 L058 <OLD> Mileage </OLD> <NEW> miles </NEW> </PATCH> <PATCH> E03 L019 <OLD> Stone Harbor </OLD> <NEW> Miami </NEW> </PATCH> <PATCH> E04 L019 <OLD> Tuscaloosa </OLD> <NEW> Miami </NEW> </PATCH>
PPL_28A2561DA04C,<PATCH> E01 L025 <OLD> Saturday aur Sunday ko 2 pm wind speed </OLD> <NEW> kal </NEW> </PATCH>
PPL_46C55F9C79F8,"<PATCH> E01 L025 <OLD> Ft . Pierce ke commute </OLD> <NEW> 6 pm </NEW> </PATCH> <PATCH> E02 L021 <OLD> NJ Expressway </OLD> <NEW> Sydney </NEW> </PATCH> <PATCH> E03 L052 <OLD> Minneapolis , Minnesota </OLD> <NEW> Sydney </NEW> </PATCH> <PATCH> E04 L025 <OLD> Har 15 minutes ke liye </OLD> <NEW> 6 pm </NEW> </PATCH>"
PPL_BC7FBCE2B122,<PATCH> E01 L049 <OLD> Perth Amboy </OLD> <NEW> Charlotte </NEW> </PATCH> <PATCH> E02 L019 <OLD> new Orleans </OLD> <NEW> Orlando </NEW> </PATCH>
PPL_2F003874029E,<PATCH> E02 L025 <OLD> Tuesday subah 5 bajhe </OLD> <NEW> 15 minutes </NEW> </PATCH> <PATCH> E03 L025 <OLD> to 7 : 30 am </OLD> <NEW> 15 minutes </NEW> </PATCH>
PPL_1103284E888D,<PATCH> E01 L003 <OLD> Cary </OLD> <NEW> mujhe </NEW> </PATCH> <PATCH> E04 L010 <OLD> bachelorette party </OLD> <NEW> beer lene </NEW> </PATCH>
PPL_E139CDE359F0,<PATCH> E01 L032 <OLD> I hope you are doing okay </OLD> <NEW> yes it is still for sale. </NEW> </PATCH> <PATCH> E04 L032 <OLD> barbecue is this Saturday </OLD> <NEW> yes it is still for sale. </NEW> </PATCH>
PPL_9616EF241225,<PATCH> E02 L025 <OLD> sunday 5 PM se pehle </OLD> <NEW> 90 minutes ke liye </NEW> </PATCH> <PATCH> E03 L048 <OLD> countdown </OLD> <NEW> timer </NEW> </PATCH> <PATCH> E04 L048 <OLD> resume </OLD> <NEW> timer </NEW> </PATCH>
PPL_B8767C18B30C,<PATCH> E02 L010 <OLD> yard work </OLD> <NEW> make a vet appointment for Rufus </NEW> </PATCH> <PATCH> E03 L003 <OLD> Tim </OLD> <NEW> mujhe </NEW> </PATCH>
PPL_E00183535F35,<PATCH> E03 L007 <OLD> Pitch Perfect </OLD> <NEW> animated movies </NEW> </PATCH> <PATCH> E04 L007 <OLD> r & hits </OLD> <NEW> animated movies soundtracks </NEW> </PATCH>
PPL_496A19DC09AF,<PATCH> E01 L010 <OLD> meri video meeting </OLD> <NEW> kal groceries lene </NEW> </PATCH> <PATCH> E02 L025 <OLD> SCA members </OLD> <NEW> Mere kal </NEW> </PATCH> <PATCH> E03 L025 <OLD> Saturday midnight ke baad </OLD> <NEW> kal </NEW> </PATCH> <PATCH> E04 L023 <OLD> 3 seconds </OLD> <NEW> kal </NEW> </PATCH>
PPL_CA4F17925C97,<PATCH> E01 L025 <OLD> winter </OLD> <NEW> 30 seconds se </NEW> </PATCH>
PPL_DF27AC4176D3,<PATCH> E01 L048 <OLD> mere timer </OLD> <NEW> timer </NEW> </PATCH> <PATCH> E02 L048 <OLD> time out </OLD> <NEW> timer </NEW> </PATCH> <PATCH> E03 L025 <OLD> 34 seconds </OLD> <NEW> 30 minutes ke liye </NEW> </PATCH> <PATCH> E04 L048 <OLD> timer suspend </OLD> <NEW> timer </NEW> </PATCH>
PPL_CA7EF49C8412,<PATCH> E02 L049 <OLD> Califorina </OLD> <NEW> LA </NEW> </PATCH> <PATCH> E03 L055 <OLD> biking </OLD> <NEW> driving </NEW> </PATCH> <PATCH> E04 L019 <OLD> I - 70 </OLD> <NEW> Phoenix </NEW> </PATCH>
PPL_4068878C1E6A,<PATCH> E03 L010 <OLD> mere teeth saaf karne ke liye </OLD> <NEW> inspirational sunne ke liye </NEW> </PATCH> <PATCH> E04 L025 <OLD> 1 minute ke andar </OLD> <NEW> 7 AM </NEW> </PATCH>
PPL_D544E71298EE,<PATCH> E02 L019 <OLD> Edmonton </OLD> <NEW> San Diego </NEW> </PATCH> <PATCH> E03 L049 <OLD> Eastvale </OLD> <NEW> Atlanta </NEW> </PATCH> <PATCH> E04 L055 <OLD> run </OLD> <NEW> drive </NEW> </PATCH>
PPL_B44D1B3696D5,<PATCH> E01 L025 <OLD> agle wednesday subah 7 baje ke liye </OLD> <NEW> Agle hafte </NEW> </PATCH> <PATCH> E02 L025 <OLD> 2 months me </OLD> <NEW> Agle hafte </NEW> </PATCH> <PATCH> E03 L045 <OLD> heat </OLD> <NEW> hottest </NEW> </PATCH>
PPL_77A3EBE93269,<PATCH> E01 L025 <OLD> Friday 4 : 30 PM ko </OLD> <NEW> kal </NEW> </PATCH> <PATCH> E03 L025 <OLD> 6th may ke liye </OLD> <NEW> kal </NEW> </PATCH>
PPL_2202186447E0,<PATCH> E01 L048 <OLD> snooze </OLD> <NEW> timer </NEW> </PATCH> <PATCH> E02 L048 <OLD> counter </OLD> <NEW> timer </NEW> </PATCH> <PATCH> E03 L025 <OLD> kal 3 : 00 </OLD> <NEW> abhi se ek ghante ke liye </NEW> </PATCH> <PATCH> E04 L025 <OLD> august 2nd ke liye </OLD> <NEW> abhi se ek ghante ke liye </NEW> </PATCH>
PPL_07E4997430EC,<PATCH> E02 L045 <OLD> low </OLD> <NEW> hot </NEW> </PATCH> <PATCH> E03 L045 <OLD> agle 48 ghante me ke liye cloudy </OLD> <NEW> hot </NEW> </PATCH>
PPL_C65BE8DA8B95,<PATCH> E01 L046 <OLD> khel par </OLD> <NEW> beer </NEW> </PATCH> <PATCH> E02 L025 <OLD> Tuesday 11 am ke baad </OLD> <NEW> is month </NEW> </PATCH> <PATCH> E04 L025 <OLD> aaj raat 7 baje ke liye </OLD> <NEW> is month </NEW> </PATCH>
PPL_CA66223DC005,"<PATCH> E01 L052 <OLD> Cincinnati , Ohio </OLD> <NEW> London </NEW> </PATCH> <PATCH> E03 L060 <OLD> kelvins </OLD> <NEW> c </NEW> </PATCH> <PATCH> E04 L025 <OLD> subha 5 : 30 baje </OLD> <NEW> is weekend </NEW> </PATCH>"
PPL_BDEB35FC5CB8,<PATCH> E01 L003 <OLD> Mike </OLD> <NEW> mujhe </NEW> </PATCH> <PATCH> E02 L025 <OLD> 10th April ko 5 PM ko </OLD> <NEW> kal </NEW> </PATCH>
PPL_576DE43179F4,<PATCH> E01 L059 <OLD> Bryce reading me add karne </OLD> <NEW> reading </NEW> </PATCH> <PATCH> E02 L010 <OLD> Game of Thrones </OLD> <NEW> chapter two ko mere reading </NEW> </PATCH> <PATCH> E04 L010 <OLD> class is </OLD> <NEW> mere reading </NEW> </PATCH>
PPL_EB5222D9948A,"<PATCH> E01 L048 <OLD> count down </OLD> <NEW> timer </NEW> </PATCH> <PATCH> E03 L048 <OLD> timer, </OLD> <NEW> timer </NEW> </PATCH>"
PPL_55E02B9A2987,<PATCH> E02 L025 <OLD> midday aur 2 pm ke liye </OLD> <NEW> aaj </NEW> </PATCH> <PATCH> E03 L045 <OLD> dewpoint </OLD> <NEW> humid </NEW> </PATCH> <PATCH> E04 L025 <OLD> Wednesday ko raat 10 baje </OLD> <NEW> aaj </NEW> </PATCH>
PPL_C11895993DE5,"<PATCH> E02 L048 <OLD> timer, </OLD> <NEW> timer </NEW> </PATCH> <PATCH> E03 L025 <OLD> monday thru thursday ke liye subah 5 baje </OLD> <NEW> 30 second </NEW> </PATCH>"
PPL_A0C00E7403E1,<PATCH> E01 L025 <OLD> 10 mintues </OLD> <NEW> Kal ke liye </NEW> </PATCH>
PPL_4311A8FA5184,<PATCH> E02 L025 <OLD> Aaj subha 1 baje </OLD> <NEW> agle hafte </NEW> </PATCH> <PATCH> E03 L045 <OLD> raingear </OLD> <NEW> aas pas </NEW> </PATCH>
PPL_21248B99B7CA,<PATCH> E01 L025 <OLD> Is Labor Day ko </OLD> <NEW> poore din </NEW> </PATCH> <PATCH> E02 L025 <OLD> poore din partly cloudy </OLD> <NEW> poore din </NEW> </PATCH> <PATCH> E04 L025 <OLD> christmas day ke liye </OLD> <NEW> poore din </NEW> </PATCH>
PPL_81A1E7F8BE29,<PATCH> E01 L024 <OLD> food truck festival </OLD> <NEW> Olympic trials kab shuru hota hai </NEW> </PATCH> <PATCH> E03 L033 <OLD> Benin republic </OLD> <NEW> Midwest </NEW> </PATCH>
PPL_979FD7423D25,<PATCH> E01 L006 <OLD> mera </OLD> <NEW> mere </NEW> </PATCH> <PATCH> E02 L010 <OLD> cousin ki party </OLD> <NEW> dentist appointment hai </NEW> </PATCH> <PATCH> E04 L025 <OLD> Agle monday </OLD> <NEW> Saturday ko subah 11 baje </NEW> </PATCH>
PPL_FBAF362E2F93,<PATCH> E03 L045 <OLD> sunlight </OLD> <NEW> humidity </NEW> </PATCH> <PATCH> E04 L025 <OLD> Thursday 3 PM wale </OLD> <NEW> kal </NEW> </PATCH>
PPL_A65783A938E1,<PATCH> E01 L052 <OLD> route 202 </OLD> <NEW> Tokyo </NEW> </PATCH>
PPL_4F5C21E80DB5,<PATCH> E01 L025 <OLD> Is friday sham 4 : 00 bajhe se pehle </OLD> <NEW> 5 minuter aur </NEW> </PATCH> <PATCH> E02 L048 <OLD> timer . </OLD> <NEW> timer </NEW> </PATCH>
PPL_D2E94488B43A,<PATCH> E01 L045 <OLD> air conditioning </OLD> <NEW> garm </NEW> </PATCH> <PATCH> E04 L052 <OLD> Czech republic </OLD> <NEW> Florida </NEW> </PATCH>
PPL_3CC0BDD0C440,<PATCH> E02 L048 <OLD> Timer countdown </OLD> <NEW> timer </NEW> </PATCH> <PATCH> E04 L025 <OLD> Monday subha tak </OLD> <NEW> five minutes </NEW> </PATCH>
PPL_3AC714C9E063,<PATCH> E01 L032 <OLD> mera birthday yad rakhne </OLD> <NEW> Mike kaisa hai </NEW> </PATCH> <PATCH> E03 L002 <OLD> Carl </OLD> <NEW> Pam </NEW> </PATCH>
PPL_85E10BC1A6FE,<PATCH> E01 L052 <OLD> Ft Walton Beach </OLD> <NEW> next week beijing </NEW> </PATCH> <PATCH> E03 L025 <OLD> New years </OLD> <NEW> next week </NEW> </PATCH>
PPL_E5A173CD8112,<PATCH> E01 L045 <OLD> rainbow </OLD> <NEW> acha </NEW> </PATCH>
PPL_BF6FA2D114E7,<PATCH> E02 L047 <OLD> alarms </OLD> <NEW> sabhi </NEW> </PATCH> <PATCH> E03 L003 <OLD> Cycle </OLD> <NEW> mere </NEW> </PATCH> <PATCH> E04 L025 <OLD> agley haftey ko subah 6 bajhe ke liye </OLD> <NEW> next week 5 pm ke liye </NEW> </PATCH>
PPL_00B7B5C54634,<PATCH> E02 L025 <OLD> 88 minutes me </OLD> <NEW> aaj </NEW> </PATCH> <PATCH> E04 L045 <OLD> clouds </OLD> <NEW> umbrella </NEW> </PATCH>
PPL_A5F17AE64B3B,<PATCH> E02 L045 <OLD> month </OLD> <NEW> barish </NEW> </PATCH> <PATCH> E03 L052 <OLD> Henderson </OLD> <NEW> Seattle </NEW> </PATCH> <PATCH> E04 L052 <OLD> rockaways </OLD> <NEW> Seattle </NEW> </PATCH>
PPL_72A49A460695,<PATCH> E02 L003 <OLD> Lauren </OLD> <NEW> hamara </NEW> </PATCH> <PATCH> E04 L010 <OLD> jab shak money bhejne ke liye </OLD> <NEW> lunch </NEW> </PATCH>
PPL_82B695A4A0F4,<PATCH> E01 L048 <OLD> countdown </OLD> <NEW> timer </NEW> </PATCH> <PATCH> E02 L025 <OLD> Sunday ko 1700 hours ke liye </OLD> <NEW> minute </NEW> </PATCH> <PATCH> E03 L025 <OLD> agley mahine ko 3rd ko 5 am ko </OLD> <NEW> minute </NEW> </PATCH>
PPL_ADA31E1EE243,<PATCH> E03 L002 <OLD> Isabelle </OLD> <NEW> Bob </NEW> </PATCH>
PPL_F77A10939F35,<PATCH> E01 L025 <OLD> 6th February ko </OLD> <NEW> Agle hafte </NEW> </PATCH> <PATCH> E02 L008 <OLD> I - 290 </OLD> <NEW> Seattle </NEW> </PATCH> <PATCH> E03 L024 <OLD> strolls </OLD> <NEW> Wine tastings </NEW> </PATCH> <PATCH> E04 L025 <OLD> aaj subah 5 bajhe ka </OLD> <NEW> Agle hafte </NEW> </PATCH>
PPL_6D47BED57318,<PATCH> E01 L010 <OLD> Emma ki party </OLD> <NEW> game cancel hogaya hai </NEW> </PATCH> <PATCH> E03 L023 <OLD> is movement </OLD> <NEW> agle hafte </NEW> </PATCH> <PATCH> E04 L003 <OLD> Andy </OLD> <NEW> soccer team </NEW> </PATCH>
PPL_443018B5979B,<PATCH> E02 L025 <OLD> Friday and Saturday </OLD> <NEW> Sunday subah </NEW> </PATCH> <PATCH> E03 L010 <OLD> NASCAR race is </OLD> <NEW> check the facebook event for the benefit concert location </NEW> </PATCH>
PPL_78F2FB10A2AF,<PATCH> E01 L010 <OLD> Jake 6 lawn mowed karni hai appointment </OLD> <NEW> Jake ko kal sham 5 baje tak bread aur milk lene </NEW> </PATCH> <PATCH> E02 L010 <OLD> bread aur milk lene </OLD> <NEW> lawn mowed karni hai </NEW> </PATCH> <PATCH> E03 L025 <OLD> Jake dopaher 12 : 30 baje </OLD> <NEW> Jake ko kal sham 5 baje tak </NEW> </PATCH> <PATCH> E04 L010 <OLD> Har child kal sham 5 baje tak </OLD> <NEW> kal sham 5 baje tak bread aur milk lene </NEW> </PATCH>
PPL_414865146E2F,<PATCH> E03 L010 <OLD> work meeting mei jane ke liye </OLD> <NEW> uske vitamins lene ke liye </NEW> </PATCH> <PATCH> E04 L025 <OLD> ek din pehle </OLD> <NEW> 6 pm ko </NEW> </PATCH>
PPL_AF0EA1ADB1B4,<PATCH> E01 L007 <OLD> naye up tempo </OLD> <NEW> gospel </NEW> </PATCH> <PATCH> E03 L004 <OLD> soundtracks </OLD> <NEW> music </NEW> </PATCH>
PPL_BFAE9C8E0BCA,<PATCH> E01 L025 <OLD> Monday subah </OLD> <NEW> agle week ke liye </NEW> </PATCH> <PATCH> E02 L052 <OLD> Kansas City </OLD> <NEW> Phoenix </NEW> </PATCH> <PATCH> E03 L025 <OLD> Friday morning par </OLD> <NEW> agle week ke liye </NEW> </PATCH> <PATCH> E04 L025 <OLD> Valentines day weekend par </OLD> <NEW> agle week ke liye </NEW> </PATCH>
PPL_117717105D6F,<PATCH> E02 L002 <OLD> Jemima </OLD> <NEW> Usko </NEW> </PATCH> <PATCH> E04 L032 <OLD> I ' m at the train station </OLD> <NEW> me ise bilkul nahi kar paunga. </NEW> </PATCH>
PPL_A7A56EE74019,<PATCH> E02 L023 <OLD> agley 5 ghantey se </OLD> <NEW> from tonight </NEW> </PATCH> <PATCH> E04 L010 <OLD> school </OLD> <NEW> TV show </NEW> </PATCH>
PPL_D4CEE925B224,<PATCH> E01 L025 <OLD> aur 5 minute ke liye </OLD> <NEW> 10 minutes me </NEW> </PATCH> <PATCH> E03 L048 <OLD> stopwatch </OLD> <NEW> timer </NEW> </PATCH>
PPL_4C88347B4E9B,<PATCH> E02 L002 <OLD> shalini </OLD> <NEW> Maggie </NEW> </PATCH> <PATCH> E03 L032 <OLD> aj sham tak nae pahuchne wala hoon </OLD> <NEW> mera ETA 2:40 pm </NEW> </PATCH> <PATCH> E04 L032 <OLD> mujhe us se abhi baat karna hai </OLD> <NEW> mera ETA 2:40 pm </NEW> </PATCH>
PPL_06495991C6C2,<PATCH> E01 L010 <OLD> Mel ke brithday </OLD> <NEW> Mujhe event </NEW> </PATCH> <PATCH> E02 L003 <OLD> max </OLD> <NEW> Mujhe </NEW> </PATCH> <PATCH> E04 L025 <OLD> Tuesday 11th June ke liye </OLD> <NEW> 3 ghante pehle </NEW> </PATCH>
PPL_C34C3A0D52C8,<PATCH> E01 L025 <OLD> kal 1 ghante tak 10 freeway </OLD> <NEW> Aaj raat New York </NEW> </PATCH>
PPL_1E294EBBC347,<PATCH> E01 L025 <OLD> is aane waale weekend ke liye </OLD> <NEW> 30 minutes </NEW> </PATCH> <PATCH> E02 L048 <OLD> clock </OLD> <NEW> timer </NEW> </PATCH> <PATCH> E04 L048 <OLD> counter </OLD> <NEW> timer </NEW> </PATCH>
PPL_ED809A6C994C,<PATCH> E01 L052 <OLD> Today Pewaukee </OLD> <NEW> Agle hafte Los Angeles </NEW> </PATCH>
PPL_0DDC73DEBCBE,<PATCH> E02 L025 <OLD> Autumn is year </OLD> <NEW> 10 minute </NEW> </PATCH> <PATCH> E03 L048 <OLD> thirty minute </OLD> <NEW> timer </NEW> </PATCH> <PATCH> E04 L025 <OLD> 7th June ko subah 6 baje ke liye </OLD> <NEW> 10 minute </NEW> </PATCH>
PPL_4C727E2FC085,<PATCH> E02 L013 <OLD> har Saturday 12 . 30 </OLD> <NEW> har Saturday ko dopahar 2 baje </NEW> </PATCH> <PATCH> E04 L010 <OLD> Christmas shopping karne ke liye </OLD> <NEW> bathrooms saaph karne karne ke liye </NEW> </PATCH>
PPL_8CA5DB704768,<PATCH> E01 L048 <OLD> countdown </OLD> <NEW> timer </NEW> </PATCH> <PATCH> E02 L025 <OLD> Saturday evening ke liye </OLD> <NEW> dopaher 2 baje </NEW> </PATCH> <PATCH> E03 L048 <OLD> timer . </OLD> <NEW> timer </NEW> </PATCH> <PATCH> E04 L048 <OLD> Coutndown </OLD> <NEW> timer </NEW> </PATCH>
PPL_39EC41978249,<PATCH> E01 L025 <OLD> January 5th ko </OLD> <NEW> kal </NEW> </PATCH> <PATCH> E02 L025 <OLD> is wednesday subah 5 baje ko </OLD> <NEW> kal </NEW> </PATCH> <PATCH> E03 L045 <OLD> cloudiest </OLD> <NEW> garmi </NEW> </PATCH> <PATCH> E04 L045 <OLD> electrical storm </OLD> <NEW> garmi </NEW> </PATCH>
PPL_70BDD798CEE2,<PATCH> E01 L010 <OLD> accounting staff sabhi coffee peene ke liye </OLD> <NEW> golf group </NEW> </PATCH>
PPL_7B77481CC085,<PATCH> E01 L025 <OLD> subha 6 : 45 baje me </OLD> <NEW> 5 minutes </NEW> </PATCH> <PATCH> E04 L025 <OLD> aaj dopahar aur shaam 6 baje ke beech </OLD> <NEW> 5 minutes </NEW> </PATCH>
PPL_A283EBA02410,<PATCH> E01 L002 <OLD> Kylon </OLD> <NEW> Charlotte </NEW> </PATCH> <PATCH> E04 L032 <OLD> do you prefer purple or red </OLD> <NEW> Mera birthday February eleventh ko hai. </NEW> </PATCH>
PPL_217859121AF4,<PATCH> E04 L045 <OLD> sunny </OLD> <NEW> shorts </NEW> </PATCH>
PPL_1B1A7A2A2CAC,<PATCH> E01 L010 <OLD> meri job ke liye paperwork fill karne </OLD> <NEW> mere doctor ke appointment </NEW> </PATCH> <PATCH> E02 L023 <OLD> kal 7 pm </OLD> <NEW> two weeks me </NEW> </PATCH> <PATCH> E03 L010 <OLD> Aunt Michele ko family pictures bhejne </OLD> <NEW> mere doctor ke appointment </NEW> </PATCH> <PATCH> E04 L010 <OLD> meeting location change </OLD> <NEW> mere doctor ke appointment </NEW> </PATCH>
PPL_11600C12DA83,<PATCH> E01 L010 <OLD> susan ko call karne ke liye </OLD> <NEW> working meeting </NEW> </PATCH> <PATCH> E02 L010 <OLD> pizza delivered karne ke liye </OLD> <NEW> working meeting </NEW> </PATCH> <PATCH> E03 L025 <OLD> raat 10 baje ke aas paas </OLD> <NEW> aaj 3 pm ko </NEW> </PATCH> <PATCH> E04 L003 <OLD> Bonnie </OLD> <NEW> Muje </NEW> </PATCH>
PPL_3B982A841ECE,<PATCH> E03 L052 <OLD> route 36 </OLD> <NEW> hardy </NEW> </PATCH> <PATCH> E04 L025 <OLD> kal 4 bajhe ke liye </OLD> <NEW> is weekend </NEW> </PATCH>
PPL_B8771D0F2E62,<PATCH> E01 L025 <OLD> Aaj shaam 4 baje ko HWY 0 </OLD> <NEW> first week of February </NEW> </PATCH>
PPL_8FC8478AC265,<PATCH> E01 L048 <OLD> Aaj subah ke Countdown </OLD> <NEW> timer </NEW> </PATCH> <PATCH> E02 L048 <OLD> samai </OLD> <NEW> timer </NEW> </PATCH>
PPL_06CFBC91A469,<PATCH> E02 L052 <OLD> Prince Albert </OLD> <NEW> NYC </NEW> </PATCH> <PATCH> E03 L025 <OLD> Kal subah 11 bajhe ke liye </OLD> <NEW> is weekend </NEW> </PATCH>
PPL_E80E2A7778EB,<PATCH> E01 L045 <OLD> freezing </OLD> <NEW> precipitation </NEW> </PATCH> <PATCH> E02 L045 <OLD> TOR CON value </OLD> <NEW> precipitation </NEW> </PATCH> <PATCH> E03 L025 <OLD> 10 mins </OLD> <NEW> aaj </NEW> </PATCH>
PPL_E4D035070180,<PATCH> E01 L025 <OLD> agle hafte ya do hafte me </OLD> <NEW> 2018 </NEW> </PATCH> <PATCH> E04 L025 <OLD> Thursday subah 6 bajhe ke liye </OLD> <NEW> 2018 </NEW> </PATCH>
PPL_9D72A85AFD61,<PATCH> E01 L010 <OLD> Derik ke liye work karne ke liye </OLD> <NEW> mujhe ko groceries lene </NEW> </PATCH> <PATCH> E02 L025 <OLD> agle friday subah 8 baje </OLD> <NEW> Aaj raat 5 pm ko </NEW> </PATCH>
PPL_5E0D7A24DC80,<PATCH> E01 L018 <OLD> poore group ko involve </OLD> <NEW> mere nail appointment </NEW> </PATCH> <PATCH> E02 L025 <OLD> Monday ki subah ke liye </OLD> <NEW> is weekend </NEW> </PATCH> <PATCH> E03 L035 <OLD> max </OLD> <NEW> mere nail </NEW> </PATCH> <PATCH> E04 L059 <OLD> inter - corporate video </OLD> <NEW> mere nail appointment </NEW> </PATCH>
PPL_917ACCF13B01,"<PATCH> E01 L008 <OLD> highway 360 </OLD> <NEW> Portland </NEW> </PATCH> <PATCH> E02 L025 <OLD> kal 4 bajhe ke liye </OLD> <NEW> weekend ke liye </NEW> </PATCH> <PATCH> E03 L052 <OLD> Utica , NY </OLD> <NEW> Portland </NEW> </PATCH> <PATCH> E04 L024 <OLD> language classes </OLD> <NEW> Improv comedy shows </NEW> </PATCH>"
PPL_9BD7FA92DC9E,<PATCH> E02 L008 <OLD> the golden one arena </OLD> <NEW> Denver HIgh school </NEW> </PATCH> <PATCH> E04 L025 <OLD> Friday 6 pm ko </OLD> <NEW> agle thursday </NEW> </PATCH>
PPL_A7091D4A0BB3,<PATCH> E04 L052 <OLD> february mei Grand Forks </OLD> <NEW> is weekend Ann Arbor </NEW> </PATCH>
PPL_CA8598069630,<PATCH> E03 L032 <OLD> invitations lene ke liye </OLD> <NEW> Congratulations on the new baby girl xxoo </NEW> </PATCH> <PATCH> E04 L002 <OLD> rum house </OLD> <NEW> Pete </NEW> </PATCH>
PPL_E0F222D0F9BC,<PATCH> E01 L003 <OLD> mere cycle group </OLD> <NEW> mujhe </NEW> </PATCH> <PATCH> E03 L023 <OLD> is wednesday subah 5 baje ko </OLD> <NEW> aaj raat khane ke liye </NEW> </PATCH>
PPL_D6651EF98EDA,<PATCH> E01 L024 <OLD> theater performance </OLD> <NEW> speed dating events </NEW> </PATCH> <PATCH> E02 L052 <OLD> El paso </OLD> <NEW> Orange County </NEW> </PATCH> <PATCH> E03 L022 <OLD> dopahar 12 baje ke liye </OLD> <NEW> Orange County mei </NEW> </PATCH>
PPL_BBEAF703C9FE,<PATCH> E01 L054 <OLD> Cheers </OLD> <NEW> calm peaceful music </NEW> </PATCH> <PATCH> E03 L054 <OLD> peppy albums </OLD> <NEW> calm peaceful music </NEW> </PATCH>
PPL_6235EAF4EEE1,<PATCH> E01 L048 <OLD> STOPWATCH </OLD> <NEW> Timer </NEW> </PATCH> <PATCH> E02 L048 <OLD> time out timer </OLD> <NEW> Timer </NEW> </PATCH> <PATCH> E03 L025 <OLD> 17 minute baad </OLD> <NEW> 6 minutes </NEW> </PATCH>
PPL_55840A6E0A06,<PATCH> E01 L052 <OLD> agle Tuesday 5 PM ko Viera </OLD> <NEW> Is weekend Boston </NEW> </PATCH>
PPL_B8B8FDB625A3,<PATCH> E01 L032 <OLD> I got home safe and sound </OLD> <NEW> hamari date </NEW> </PATCH> <PATCH> E02 L002 <OLD> SGT Lane </OLD> <NEW> Brandi </NEW> </PATCH> <PATCH> E03 L032 <OLD> he forgot his lunch </OLD> <NEW> hamari date </NEW> </PATCH> <PATCH> E04 L002 <OLD> Tati </OLD> <NEW> Brandi </NEW> </PATCH>
PPL_AC4E8C8FC0B3,<PATCH> E02 L025 <OLD> August ke mt lemmon </OLD> <NEW> Ye weekend </NEW> </PATCH> <PATCH> E04 L025 <OLD> har hafte subah 7 baje ke liye </OLD> <NEW> Ye weekend </NEW> </PATCH>
PPL_F9C3F0876AEF,<PATCH> E03 L013 <OLD> har 5 minute </OLD> <NEW> har subah </NEW> </PATCH> <PATCH> E04 L010 <OLD> Shane har subah Lauren ke wedding me RSVP karne ke liye </OLD> <NEW> Jacob har subah uski medicine lene </NEW> </PATCH>
PPL_D2A6105C0348,<PATCH> E01 L057 <OLD> third </OLD> <NEW> agla </NEW> </PATCH> <PATCH> E02 L059 <OLD> golf group </OLD> <NEW> family dinner </NEW> </PATCH>
PPL_A0C41FFB9638,"<PATCH> E01 L024 <OLD> art classes </OLD> <NEW> Barcrawls </NEW> </PATCH> <PATCH> E04 L052 <OLD> Athens , Georgia </OLD> <NEW> Chicago </NEW> </PATCH>"
PPL_75528FA0AD8C,<PATCH> E01 L025 <OLD> 8 : 15 P . M me </OLD> <NEW> 15 minutes ke liye </NEW> </PATCH> <PATCH> E02 L025 <OLD> 9th ki raat </OLD> <NEW> 15 minutes ke liye </NEW> </PATCH> <PATCH> E03 L048 <OLD> Countdown </OLD> <NEW> timer </NEW> </PATCH> <PATCH> E04 L048 <OLD> buzzer </OLD> <NEW> timer </NEW> </PATCH>
PPL_313B2CA975AE,<PATCH> E02 L025 <OLD> wednesday ko 6 . 30 </OLD> <NEW> 20 minutes me </NEW> </PATCH> <PATCH> E03 L048 <OLD> buzzer </OLD> <NEW> timer </NEW> </PATCH> <PATCH> E04 L025 <OLD> kal raat 7 : 00 baje ke baad </OLD> <NEW> 20 minutes me </NEW> </PATCH>
PPL_BD52B616A9BC,<PATCH> E01 L010 <OLD> mother ' s morning out </OLD> <NEW> mujhe Judy </NEW> </PATCH> <PATCH> E02 L010 <OLD> new Avengers movie dekhne ke liye </OLD> <NEW> mujhe Judy ke e - mails </NEW> </PATCH> <PATCH> E03 L025 <OLD> Wednesday ke din subha 8 am ke liye </OLD> <NEW> Aaj dopahar </NEW> </PATCH>
PPL_60152864039A,<PATCH> E01 L025 <OLD> Wednesday subah 9 baje </OLD> <NEW> Kal </NEW> </PATCH> <PATCH> E02 L025 <OLD> Is coming Friday raat 9 pm ke liye </OLD> <NEW> Kal </NEW> </PATCH> <PATCH> E03 L010 <OLD> mera homework </OLD> <NEW> anniversary gift kharidne ka </NEW> </PATCH>
PPL_981E8E7B9EF0,<PATCH> E01 L010 <OLD> developed karne </OLD> <NEW> mujhe meal plan ke liye </NEW> </PATCH> <PATCH> E02 L010 <OLD> agle hafte rent ke liye ek hundred dollars save karne </OLD> <NEW> mujhe meal plan ke liye </NEW> </PATCH> <PATCH> E03 L010 <OLD> mujhe meal plan ke liye </OLD> <NEW> mujhe app ko developed karne </NEW> </PATCH> <PATCH> E04 L010 <OLD> Shauna kachra baahar nikalne </OLD> <NEW> mujhe app ko developed karne </NEW> </PATCH>
PPL_7DB598F4141B,<PATCH> E01 L025 <OLD> february 14th ki midnight ke liye </OLD> <NEW> is weekend </NEW> </PATCH> <PATCH> E04 L025 <OLD> 3 pm ke </OLD> <NEW> is weekend </NEW> </PATCH>
PPL_DBCA5EC8F5E7,<PATCH> E03 L010 <OLD> Cole laundry karne </OLD> <NEW> mera appointment </NEW> </PATCH>
PPL_8BAA18C531E9,<PATCH> E01 L025 <OLD> 2 ghante me </OLD> <NEW> 2 ghante me </NEW> </PATCH> <PATCH> E02 L025 <OLD> 2 ghante me </OLD> <NEW> 2 ghante me </NEW> </PATCH> <PATCH> E03 L025 <OLD> aaj 8 pm ke baad </OLD> <NEW> 2 ghante me </NEW> </PATCH> <PATCH> E04 L025 <OLD> Aaj raat 9 PM ke liye </OLD> <NEW> 2 ghante me </NEW> </PATCH>
PPL_91D64FABBE64,<PATCH> E01 L023 <OLD> is due alert me </OLD> <NEW> at noon </NEW> </PATCH> <PATCH> E02 L023 <OLD> kal din ke pehle </OLD> <NEW> at noon </NEW> </PATCH> <PATCH> E04 L010 <OLD> jaldi aane ke liye </OLD> <NEW> Elena ko preschool se pickup karne ke liye </NEW> </PATCH>
PPL_356B97BFEA6A,<PATCH> E02 L025 <OLD> kal 8 bajhe ke liye </OLD> <NEW> 25 minutes ke liye </NEW> </PATCH>
PPL_8BF9ED04E810,<PATCH> E02 L025 <OLD> 24th ke liye </OLD> <NEW> aaj poora din </NEW> </PATCH> <PATCH> E03 L045 <OLD> SNOW BOOTS </OLD> <NEW> cloudy </NEW> </PATCH>
PPL_FB93C24E1062,<PATCH> E01 L019 <OLD> Manhattan Beach </OLD> <NEW> Sparta </NEW> </PATCH> <PATCH> E02 L019 <OLD> Santa Cruz </OLD> <NEW> Sparta </NEW> </PATCH> <PATCH> E04 L019 <OLD> versailles </OLD> <NEW> Sparta </NEW> </PATCH>
PPL_FF22CD48B998,<PATCH> E01 L010 <OLD> computer shuru hone ke baad ke liye </OLD> <NEW> dentist ke pas jane ke liye </NEW> </PATCH> <PATCH> E02 L010 <OLD> Nide </OLD> <NEW> mere </NEW> </PATCH> <PATCH> E03 L025 <OLD> 1 : 25 pm ko </OLD> <NEW> is thursday sham 4 baje </NEW> </PATCH>
PPL_8765DDE0C380,<PATCH> E01 L003 <OLD> Julie </OLD> <NEW> Muje </NEW> </PATCH> <PATCH> E02 L010 <OLD> child ko pick karne ke liye </OLD> <NEW> dentist ko visit </NEW> </PATCH>
PPL_6B6EA47CAADE,<PATCH> E01 L010 <OLD> spring </OLD> <NEW> flight </NEW> </PATCH> <PATCH> E02 L025 <OLD> 6 : 00 AM ke liye </OLD> <NEW> aaj sham 5 baje </NEW> </PATCH> <PATCH> E03 L010 <OLD> Guinea pig treats order </OLD> <NEW> flight </NEW> </PATCH> <PATCH> E04 L010 <OLD> work team </OLD> <NEW> mujhe </NEW> </PATCH>
PPL_F1603F82B34B,<PATCH> E03 L025 <OLD> May 21st 2 pm ke liye </OLD> <NEW> Monday par </NEW> </PATCH>
PPL_060F69EB25D8,<PATCH> E02 L025 <OLD> on Valentines Day </OLD> <NEW> Is evening </NEW> </PATCH> <PATCH> E03 L052 <OLD> Ocean Park boulevard </OLD> <NEW> Payson </NEW> </PATCH>
PPL_CB7DC3DAE94E,<PATCH> E01 L045 <OLD> barf </OLD> <NEW> cold </NEW> </PATCH> <PATCH> E02 L045 <OLD> shine </OLD> <NEW> cold </NEW> </PATCH> <PATCH> E03 L025 <OLD> paanch minutes me </OLD> <NEW> Aaj </NEW> </PATCH> <PATCH> E04 L025 <OLD> aj shaam 8 bajhe </OLD> <NEW> Aaj </NEW> </PATCH>
PPL_72A3F83270B5,<PATCH> E02 L025 <OLD> Friday 3 00 pm ko </OLD> <NEW> kal </NEW> </PATCH>
PPL_611C0DD653B6,<PATCH> E01 L013 <OLD> Channel 2 </OLD> <NEW> recyclables </NEW> </PATCH> <PATCH> E02 L003 <OLD> Michelle </OLD> <NEW> mujhe </NEW> </PATCH> <PATCH> E03 L025 <OLD> Tuesday sham 5 bajhe ke liye </OLD> <NEW> 9 baje </NEW> </PATCH> <PATCH> E04 L013 <OLD> Har 12 ghante ko 9 baje </OLD> <NEW> har thursday ki shaam ko 9 baje </NEW> </PATCH>
PPL_7B947529EFEE,<PATCH> E01 L003 <OLD> team </OLD> <NEW> mujhe </NEW> </PATCH> <PATCH> E02 L010 <OLD> mere agle </OLD> <NEW> dentist appointment schedule karne </NEW> </PATCH> <PATCH> E03 L025 <OLD> St . Patty ' s Day </OLD> <NEW> aaj se do hafte baad </NEW> </PATCH>
PPL_7B3BC1968175,<PATCH> E01 L025 <OLD> at 2100 hrs </OLD> <NEW> minute </NEW> </PATCH> <PATCH> E02 L025 <OLD> Wednesday sham 4 baje </OLD> <NEW> minute </NEW> </PATCH> <PATCH> E03 L025 <OLD> June 6th ko </OLD> <NEW> minute </NEW> </PATCH>
PPL_CA5A642825F9,<PATCH> E01 L010 <OLD> Timu ' s birthday </OLD> <NEW> dinner </NEW> </PATCH> <PATCH> E03 L010 <OLD> homework assignment </OLD> <NEW> dinner </NEW> </PATCH> <PATCH> E04 L025 <OLD> monday subah 12 baje ke liye </OLD> <NEW> last week </NEW> </PATCH>
PPL_75B50B3B82A4,<PATCH> E02 L052 <OLD> Glasglow </OLD> <NEW> Dallas </NEW> </PATCH> <PATCH> E04 L025 <OLD> subah 7 baje </OLD> <NEW> is spring </NEW> </PATCH>
PPL_2F715419A1BE,<PATCH> E03 L044 <OLD> ukulele </OLD> <NEW> country </NEW> </PATCH> <PATCH> E04 L044 <OLD> mellow </OLD> <NEW> country </NEW> </PATCH>
PPL_642E5AE26FB3,<PATCH> E02 L044 <OLD> showtunes </OLD> <NEW> classical </NEW> </PATCH> <PATCH> E04 L004 <OLD> Albums </OLD> <NEW> music </NEW> </PATCH>
PPL_A089AE0E358E,<PATCH> E03 L019 <OLD> Brisbane Australia </OLD> <NEW> cleaveland </NEW> </PATCH> <PATCH> E04 L049 <OLD> Lake City </OLD> <NEW> kansas city </NEW> </PATCH>
PPL_692C7CF77602,"<PATCH> E01 L018 <OLD> rattle off </OLD> <NEW> dikhaye </NEW> </PATCH> <PATCH> E03 L035 <OLD> myy </OLD> <NEW> dikhaye </NEW> </PATCH> <PATCH> E04 L025 <OLD> agley haftey ko Monday </OLD> <NEW> March 1st , 2019 </NEW> </PATCH>"
PPL_4A3F921D01C3,<PATCH> E01 L025 <OLD> Friday subah 9 bajhe ke liye </OLD> <NEW> 20 minutes </NEW> </PATCH>
PPL_9AB5713F08D2,<PATCH> E01 L025 <OLD> July ke pehle </OLD> <NEW> subah jaldi </NEW> </PATCH> <PATCH> E03 L019 <OLD> Rochester NY </OLD> <NEW> Milwaukee </NEW> </PATCH> <PATCH> E04 L049 <OLD> Grove </OLD> <NEW> Chicago </NEW> </PATCH>
PPL_DE5D992E3B65,<PATCH> E01 L025 <OLD> agle thursday ko 1 : 20 pm ko </OLD> <NEW> aj </NEW> </PATCH>
PPL_A0D7A7F3C704,<PATCH> E01 L052 <OLD> James River </OLD> <NEW> Laurel </NEW> </PATCH> <PATCH> E02 L024 <OLD> Political Events </OLD> <NEW> Christmas tree lighting </NEW> </PATCH> <PATCH> E03 L046 <OLD> Bathurst </OLD> <NEW> Laurel </NEW> </PATCH> <PATCH> E04 L024 <OLD> fireworks cruises </OLD> <NEW> Christmas tree lighting </NEW> </PATCH>
PPL_6B9A269F9C9C,<PATCH> E01 L003 <OLD> Keto </OLD> <NEW> meri </NEW> </PATCH> <PATCH> E02 L010 <OLD> mere work group </OLD> <NEW> meri class </NEW> </PATCH> <PATCH> E03 L025 <OLD> Monday afternoon ke liye 4 : 00 pm ka </OLD> <NEW> next week ke liye </NEW> </PATCH>
PPL_278BDF48FCA9,<PATCH> E02 L045 <OLD> bhar windchill </OLD> <NEW> sardi </NEW> </PATCH> <PATCH> E03 L025 <OLD> weekend ke baaki dinon ke liye </OLD> <NEW> aaj raat </NEW> </PATCH>
PPL_0F6F3B4F3BF9,<PATCH> E02 L025 <OLD> 3 months ke liye </OLD> <NEW> 25 seconds ke liye </NEW> </PATCH> <PATCH> E03 L048 <OLD> counter </OLD> <NEW> countdown </NEW> </PATCH> <PATCH> E04 L025 <OLD> Christmas day se Boxing day tak </OLD> <NEW> 25 seconds ke liye </NEW> </PATCH>
PPL_2FABE999D8F2,<PATCH> E02 L025 <OLD> subha 9 : 00 baje me </OLD> <NEW> 2 minutes ka </NEW> </PATCH> <PATCH> E04 L048 <OLD> Count down </OLD> <NEW> time </NEW> </PATCH>
PPL_E4A71BD860FA,<PATCH> E01 L003 <OLD> Dave </OLD> <NEW> Muje </NEW> </PATCH> <PATCH> E03 L010 <OLD> meri resume update </OLD> <NEW> dentist ki appointment </NEW> </PATCH>
PPL_B3B8883322ED,<PATCH> E01 L010 <OLD> shahar se nikalne se pehle spare key ko chodhne </OLD> <NEW> eggs lene </NEW> </PATCH> <PATCH> E02 L003 <OLD> Belamy </OLD> <NEW> Muje </NEW> </PATCH> <PATCH> E03 L010 <OLD> sub </OLD> <NEW> eggs lene </NEW> </PATCH> <PATCH> E04 L010 <OLD> is monday reminder send kare ki eggs lene ke liye </OLD> <NEW> aaj raat eggs lene </NEW> </PATCH>
PPL_89445A197531,<PATCH> E01 L057 <OLD> agale </OLD> <NEW> agla </NEW> </PATCH> <PATCH> E03 L052 <OLD> big island </OLD> <NEW> Riverside </NEW> </PATCH>
PPL_D4EBF89DC849,<PATCH> E01 L002 <OLD> Liam Howlett </OLD> <NEW> Lourdes Cruz </NEW> </PATCH> <PATCH> E02 L032 <OLD> that would be fine </OLD> <NEW> kal aap hamare saath aarahe ho. </NEW> </PATCH> <PATCH> E04 L002 <OLD> natasha </OLD> <NEW> Lourdes Cruz </NEW> </PATCH>
PPL_57469A8ED73D,<PATCH> E02 L025 <OLD> abhi se fifteen minutes ke liye </OLD> <NEW> is hafte </NEW> </PATCH>
PPL_8B09F23F3C94,<PATCH> E02 L025 <OLD> Tuesdays ko </OLD> <NEW> aj </NEW> </PATCH> <PATCH> E03 L045 <OLD> socks </OLD> <NEW> shorts </NEW> </PATCH> <PATCH> E04 L045 <OLD> hurricane </OLD> <NEW> shorts </NEW> </PATCH>
PPL_D1180861AB9D,<PATCH> E01 L025 <OLD> sunday 3 ko </OLD> <NEW> Sunday Mornings </NEW> </PATCH> <PATCH> E04 L052 <OLD> highway 12 </OLD> <NEW> Boerne </NEW> </PATCH>
PPL_7DAF2F0361C9,"<PATCH> E01 L025 <OLD> sunday is week </OLD> <NEW> das minute ke liye </NEW> </PATCH> <PATCH> E02 L048 <OLD> stopwatch timer </OLD> <NEW> timer </NEW> </PATCH> <PATCH> E03 L025 <OLD> December 21 through January 1 , 2018 ke liye </OLD> <NEW> das minute ke liye </NEW> </PATCH> <PATCH> E04 L048 <OLD> timer suspend </OLD> <NEW> timer </NEW> </PATCH>"
PPL_49324ABC981B,<PATCH> E02 L025 <OLD> Saturday ko 10th dopahar ko </OLD> <NEW> Tuesday ke </NEW> </PATCH> <PATCH> E03 L010 <OLD> physiotherapy session </OLD> <NEW> meri dentist appointment </NEW> </PATCH>
PPL_01E599D83453,"<PATCH> E02 L025 <OLD> mere friends aur mai , 6 : 30 AM ko </OLD> <NEW> 6 : 30 AM ko </NEW> </PATCH> <PATCH> E04 L010 <OLD> november 22 through 27 ke liye paper lene jane </OLD> <NEW> meri medicines lene </NEW> </PATCH>"
PPL_45A390B2CEEB,<PATCH> E01 L010 <OLD> Laura </OLD> <NEW> to online dog food order karne </NEW> </PATCH> <PATCH> E02 L010 <OLD> unke grandmother ko visit karne </OLD> <NEW> online dog food order karne </NEW> </PATCH> <PATCH> E04 L010 <OLD> timer shuru karne </OLD> <NEW> online dog food order karne </NEW> </PATCH>
PPL_779C5EB53405,<PATCH> E03 L025 <OLD> Monday aur Tuesday ke liye </OLD> <NEW> February Aruba </NEW> </PATCH> <PATCH> E04 L052 <OLD> February Down town </OLD> <NEW> February Aruba </NEW> </PATCH>
PPL_2F4373E84CEF,"<PATCH> E01 L007 <OLD> aaj poore latin jazz </OLD> <NEW> number one </NEW> </PATCH> <PATCH> E03 L004 <OLD> song, </OLD> <NEW> gaana </NEW> </PATCH>"
PPL_6C62E4C7DF39,<PATCH> E03 L025 <OLD> is din </OLD> <NEW> kal </NEW> </PATCH> <PATCH> E04 L045 <OLD> 25 </OLD> <NEW> rain jackets </NEW> </PATCH>
PPL_8270302D2732,<PATCH> E04 L025 <OLD> 2028 ke liye </OLD> <NEW> is weekend </NEW> </PATCH>
PPL_2D6270E6A779,<PATCH> E02 L010 <OLD> mera hair appointment schedule karne </OLD> <NEW> ghar se nikalne ke liye </NEW> </PATCH> <PATCH> E04 L025 <OLD> monday 6 pm ko </OLD> <NEW> kal subah 6 bajhe </NEW> </PATCH>
PPL_97D6B6320725,<PATCH> E01 L025 <OLD> Fridays ko 9 pm ko </OLD> <NEW> 13 MINUTES KE LIYE </NEW> </PATCH> <PATCH> E04 L048 <OLD> Stopwatch </OLD> <NEW> TIMER </NEW> </PATCH>
PPL_82CB852BDD02,<PATCH> E02 L045 <OLD> Party cloudy </OLD> <NEW> garmi </NEW> </PATCH> <PATCH> E03 L025 <OLD> May ki 15th ke liye </OLD> <NEW> aaj </NEW> </PATCH>
PPL_CE750CFEBE26,<PATCH> E02 L025 <OLD> at 6 : 00 </OLD> <NEW> September 15 ke liye </NEW> </PATCH> <PATCH> E03 L025 <OLD> Monday subah </OLD> <NEW> September 15 ke liye </NEW> </PATCH>
PPL_6A5B22F63EFF,<PATCH> E01 L023 <OLD> to wednesday </OLD> <NEW> agle friday ke liye </NEW> </PATCH> <PATCH> E02 L025 <OLD> 8 am and 8 pm ke </OLD> <NEW> Aaj raat </NEW> </PATCH> <PATCH> E03 L010 <OLD> kitchen sink ko thik karane </OLD> <NEW> dinner </NEW> </PATCH> <PATCH> E04 L023 <OLD> subah 9 bajhe ke liye </OLD> <NEW> agle friday ke liye </NEW> </PATCH>
PPL_0706619D6DF1,<PATCH> E01 L049 <OLD> Lodi California </OLD> <NEW> Charlotte </NEW> </PATCH> <PATCH> E02 L019 <OLD> jeddah </OLD> <NEW> Orlando </NEW> </PATCH>
PPL_DD720E7C338F,<PATCH> E01 L045 <OLD> frost </OLD> <NEW> umbrella </NEW> </PATCH> <PATCH> E02 L052 <OLD> I 75 north bound </OLD> <NEW> chicago </NEW> </PATCH> <PATCH> E04 L025 <OLD> march 20 at 4 baje ke liye </OLD> <NEW> kal </NEW> </PATCH>
PPL_B43DE8271B79,<PATCH> E01 L019 <OLD> Missoula </OLD> <NEW> Seattle </NEW> </PATCH> <PATCH> E02 L049 <OLD> Addison </OLD> <NEW> Portland </NEW> </PATCH> <PATCH> E03 L049 <OLD> Charlotte </OLD> <NEW> Portland </NEW> </PATCH> <PATCH> E04 L019 <OLD> Atlanta Georgia </OLD> <NEW> Portland </NEW> </PATCH>
PPL_4AA448161E3F,<PATCH> E02 L025 <OLD> aane waale weekend ke liye </OLD> <NEW> 20 seconds me </NEW> </PATCH> <PATCH> E04 L048 <OLD> Countdown </OLD> <NEW> timer </NEW> </PATCH>
PPL_FB5A34D66C19,<PATCH> E02 L048 <OLD> Countdown </OLD> <NEW> Timer </NEW> </PATCH> <PATCH> E04 L025 <OLD> kal dopaher 3 bajhe ke liye </OLD> <NEW> for 60 seconds </NEW> </PATCH>
PPL_8C881A671FF3,<PATCH> E02 L052 <OLD> loop </OLD> <NEW> Houston </NEW> </PATCH> <PATCH> E04 L025 <OLD> abhi se 8 minutes ke liye </OLD> <NEW> hour </NEW> </PATCH>
PPL_4302DC29E8A2,<PATCH> E02 L002 <OLD> Shawn </OLD> <NEW> Joshua </NEW> </PATCH>
PPL_B195335677D0,<PATCH> E02 L052 <OLD> southeast coast </OLD> <NEW> Dallas </NEW> </PATCH> <PATCH> E03 L025 <OLD> kal subha 8 baje eastern time par </OLD> <NEW> summer </NEW> </PATCH> <PATCH> E04 L033 <OLD> Bachho ke anukul </OLD> <NEW> Outdoor </NEW> </PATCH>
PPL_A8E2F524D188,<PATCH> E02 L019 <OLD> Washington state </OLD> <NEW> Atlantic City </NEW> </PATCH> <PATCH> E03 L019 <OLD> Astoria </OLD> <NEW> New Hope </NEW> </PATCH>
PPL_CCEFEA57D348,<PATCH> E01 L010 <OLD> luggage pack karne </OLD> <NEW> buy guinea pig food </NEW> </PATCH> <PATCH> E02 L010 <OLD> the Bible Study ek package lene </OLD> <NEW> buy guinea pig food </NEW> </PATCH> <PATCH> E04 L010 <OLD> chips aur dip khareedne </OLD> <NEW> buy guinea pig food </NEW> </PATCH>
PPL_D484ADA68609,<PATCH> E01 L025 <OLD> 17th June ko 5 pm ko </OLD> <NEW> 15 minute me </NEW> </PATCH> <PATCH> E02 L048 <OLD> timeout timer </OLD> <NEW> timer </NEW> </PATCH> <PATCH> E04 L048 <OLD> timers </OLD> <NEW> timer </NEW> </PATCH>
PPL_8B7946223596,<PATCH> E01 L025 <OLD> 3 : 47 pm ke liye </OLD> <NEW> ek ghante ka </NEW> </PATCH> <PATCH> E02 L025 <OLD> September 3rd ke midnight ke liye </OLD> <NEW> ek ghante ka </NEW> </PATCH> <PATCH> E04 L048 <OLD> thirty minute </OLD> <NEW> timer </NEW> </PATCH>
PPL_5F385AAB23BA,<PATCH> E02 L025 <OLD> Tues ke liye </OLD> <NEW> 12 minutes ke liye </NEW> </PATCH> <PATCH> E04 L048 <OLD> time out timer </OLD> <NEW> timer </NEW> </PATCH>
PPL_F62ED2DB9502,<PATCH> E01 L019 <OLD> sylvania drive </OLD> <NEW> altoona </NEW> </PATCH> <PATCH> E02 L019 <OLD> Clarksville aur Bastrop </OLD> <NEW> altoona </NEW> </PATCH> <PATCH> E03 L019 <OLD> OC </OLD> <NEW> hollidaysburg </NEW> </PATCH>
PPL_612B3942D2D9,<PATCH> E01 L004 <OLD> MIX </OLD> <NEW> classical piano music </NEW> </PATCH> <PATCH> E02 L044 <OLD> indie pop </OLD> <NEW> classical piano </NEW> </PATCH> <PATCH> E03 L044 <OLD> old timey </OLD> <NEW> classical piano </NEW> </PATCH>
PPL_2AF072200660,<PATCH> E01 L024 <OLD> Ice skating event </OLD> <NEW> sports </NEW> </PATCH> <PATCH> E03 L046 <OLD> 0530 ke liye </OLD> <NEW> kal </NEW> </PATCH> <PATCH> E04 L024 <OLD> pics </OLD> <NEW> sports </NEW> </PATCH>
PPL_B8C14E42EF12,<PATCH> E01 L025 <OLD> May 23rd ke weekend </OLD> <NEW> kal subah 7 baje ko </NEW> </PATCH> <PATCH> E02 L025 <OLD> Lila </OLD> <NEW> kal subah 7 baje ko </NEW> </PATCH> <PATCH> E03 L010 <OLD> housing authority ko contact karne ke liye </OLD> <NEW> stop and get gas </NEW> </PATCH> <PATCH> E04 L025 <OLD> from 5 pm ko </OLD> <NEW> kal subah 7 baje ko </NEW> </PATCH>
PPL_F29844038F89,<PATCH> E01 L025 <OLD> Is weekend ke din ke liye 46202 </OLD> <NEW> Saturday </NEW> </PATCH>
PPL_00B7DC63D32F,<PATCH> E02 L025 <OLD> Saturday 9 p . m se pehle </OLD> <NEW> subha 8 baje </NEW> </PATCH>
PPL_B0373DF6001B,<PATCH> E01 L032 <OLD> WRBN will host our next fundraiser </OLD> <NEW> library Friday ko ek ghanta pehle band ho rahi hai </NEW> </PATCH> <PATCH> E03 L032 <OLD> where we are supposed to line </OLD> <NEW> library Friday ko ek ghanta pehle band ho rahi hai </NEW> </PATCH>
PPL_72058242C4D5,<PATCH> E01 L025 <OLD> January mei first weekend par raat ko </OLD> <NEW> last week </NEW> </PATCH> <PATCH> E02 L045 <OLD> fine </OLD> <NEW> coldest </NEW> </PATCH>
PPL_8C03D605B642,<PATCH> E02 L045 <OLD> chhaata </OLD> <NEW> humidity </NEW> </PATCH> <PATCH> E03 L025 <OLD> Monday subha 6 am ke liye </OLD> <NEW> Kal </NEW> </PATCH>
PPL_F2E0D5EB6F8A,<PATCH> E01 L046 <OLD> carnival </OLD> <NEW> basketball </NEW> </PATCH> <PATCH> E03 L025 <OLD> June 2nd ko subah 7 baje </OLD> <NEW> Dec 23 rd </NEW> </PATCH>
PPL_2CD0AEC85102,<PATCH> E01 L032 <OLD> Hi honey can you get kids from school </OLD> <NEW> thank you for the help that you did today </NEW> </PATCH> <PATCH> E04 L002 <OLD> pauline </OLD> <NEW> Vicky </NEW> </PATCH>
PPL_6D3DC2E0F03C,<PATCH> E03 L010 <OLD> milk pick up </OLD> <NEW> family </NEW> </PATCH> <PATCH> E04 L003 <OLD> Mike </OLD> <NEW> mere </NEW> </PATCH>
PPL_57EB288B7AEC,"<PATCH> E01 L025 <OLD> 20 : 15 ko </OLD> <NEW> sham 5 baje </NEW> </PATCH> <PATCH> E02 L052 <OLD> Boerne </OLD> <NEW> New Orleans </NEW> </PATCH> <PATCH> E03 L052 <OLD> Newark , DE </OLD> <NEW> New Orleans </NEW> </PATCH>"
PPL_7848B8020B61,<PATCH> E01 L045 <OLD> 40 minute me RAINCOAT </OLD> <NEW> is hafte sunny </NEW> </PATCH> <PATCH> E04 L045 <OLD> colder </OLD> <NEW> sunny </NEW> </PATCH>
PPL_C9E1F478CED2,<PATCH> E01 L025 <OLD> November 10th ko </OLD> <NEW> abhi </NEW> </PATCH> <PATCH> E04 L052 <OLD> 167 </OLD> <NEW> Boston </NEW> </PATCH>
PPL_D082CB2A1763,<PATCH> E01 L019 <OLD> Winston Salem </OLD> <NEW> New York </NEW> </PATCH> <PATCH> E02 L049 <OLD> Columbus </OLD> <NEW> Miami </NEW> </PATCH>
PPL_48B277231870,<PATCH> E01 L006 <OLD> Megan </OLD> <NEW> mere </NEW> </PATCH> <PATCH> E02 L010 <OLD> sprinkler band karne </OLD> <NEW> lawn mow ke liye </NEW> </PATCH> <PATCH> E03 L056 <OLD> Sister </OLD> <NEW> husband </NEW> </PATCH> <PATCH> E04 L025 <OLD> 10 hour </OLD> <NEW> aaj raat 7 baje se pehle </NEW> </PATCH>
PPL_07ADB3CBEE97,"<PATCH> E01 L019 <OLD> downtown Covington </OLD> <NEW> Dallas </NEW> </PATCH> <PATCH> E02 L055 <OLD> Train </OLD> <NEW> Flying </NEW> </PATCH> <PATCH> E03 L049 <OLD> Paris , France </OLD> <NEW> Oklahoma City </NEW> </PATCH>"
PPL_24815D67F398,<PATCH> E01 L002 <OLD> John the cleaner </OLD> <NEW> janet </NEW> </PATCH> <PATCH> E02 L002 <OLD> Yori </OLD> <NEW> janet </NEW> </PATCH> <PATCH> E03 L032 <OLD> on June 30th lets go to dinner at 6 PM </OLD> <NEW> she knows where my sunglasses are </NEW> </PATCH>
PPL_DEA3FD932125,<PATCH> E01 L054 <OLD> western Queensland </OLD> <NEW> mcdonough </NEW> </PATCH> <PATCH> E02 L001 <OLD> the Play </OLD> <NEW> geranium drop </NEW> </PATCH> <PATCH> E04 L024 <OLD> food truck festival </OLD> <NEW> geranium drop </NEW> </PATCH>
PPL_16F1FEFD2554,<PATCH> E01 L025 <OLD> January ke third week ke liye </OLD> <NEW> Craft Fairs </NEW> </PATCH> <PATCH> E02 L024 <OLD> Holiday concerts </OLD> <NEW> Craft Fairs </NEW> </PATCH> <PATCH> E03 L046 <OLD> visiting parents ke liye </OLD> <NEW> Craft Fairs </NEW> </PATCH> <PATCH> E04 L025 <OLD> kal dopahar 5 aur 6 baje ko </OLD> <NEW> Craft Fairs </NEW> </PATCH>
PPL_AB723B919203,<PATCH> E01 L002 <OLD> Yvette </OLD> <NEW> jane </NEW> </PATCH> <PATCH> E02 L002 <OLD> Devon </OLD> <NEW> jane </NEW> </PATCH> <PATCH> E03 L032 <OLD> I ' ll be there at three </OLD> <NEW> jane </NEW> </PATCH> <PATCH> E04 L032 <OLD> grace needs a ride from the program friday </OLD> <NEW> jane </NEW> </PATCH>
PPL_09618CC83D49,"<PATCH> E01 L052 <OLD> Northbridge , Sydney </OLD> <NEW> phoenix </NEW> </PATCH> <PATCH> E02 L045 <OLD> PRECIPITATION </OLD> <NEW> baarish </NEW> </PATCH> <PATCH> E03 L045 <OLD> flooded </OLD> <NEW> baarish </NEW> </PATCH>"
PPL_7F8196188982,<PATCH> E01 L032 <OLD> mujhe Mike ko ek message bhejna hai </OLD> <NEW> Hey Mike ! Can we meet later? </NEW> </PATCH> <PATCH> E02 L032 <OLD> mr chesner </OLD> <NEW> Hey Mike ! Can we meet later? </NEW> </PATCH> <PATCH> E03 L002 <OLD> Ahlauyu </OLD> <NEW> Hey </NEW> </PATCH> <PATCH> E04 L032 <OLD> mai jaldi unke sath pahuch jaunga </OLD> <NEW> Hey Mike ! Can we meet later? </NEW> </PATCH>
PPL_CA3CBFA2C7D5,<PATCH> E03 L025 <OLD> Saturday raat 8 baje ko Westside </OLD> <NEW> agley haftey sao paulo mein </NEW> </PATCH>
PPL_C81F8446ECA4,<PATCH> E01 L032 <OLD> buy baked beans with bacon </OLD> <NEW> me aa raha hu please taiyar ho jao </NEW> </PATCH> <PATCH> E03 L032 <OLD> I ’ m quitting </OLD> <NEW> me aa raha hu please taiyar ho jao </NEW> </PATCH> <PATCH> E04 L002 <OLD> agency </OLD> <NEW> John </NEW> </PATCH>
PPL_0A92E668EB0B,<PATCH> E01 L044 <OLD> country ablum </OLD> <NEW> jazz </NEW> </PATCH> <PATCH> E03 L004 <OLD> songlist </OLD> <NEW> music </NEW> </PATCH> <PATCH> E04 L044 <OLD> rock </OLD> <NEW> jazz </NEW> </PATCH>
PPL_4212CA7B2B65,<PATCH> E01 L025 <OLD> Sunday ko 9 am aur fir 10 am ke liye </OLD> <NEW> aaj raat </NEW> </PATCH> <PATCH> E02 L052 <OLD> Somme </OLD> <NEW> downtown South Bend </NEW> </PATCH> <PATCH> E04 L052 <OLD> H town </OLD> <NEW> downtown South Bend </NEW> </PATCH>
PPL_1C9B89F4FFE3,<PATCH> E02 L024 <OLD> Food </OLD> <NEW> Concerts </NEW> </PATCH> <PATCH> E03 L046 <OLD> big sean ke liye </OLD> <NEW> Concerts </NEW> </PATCH> <PATCH> E04 L025 <OLD> October 14th ko </OLD> <NEW> Is hafte </NEW> </PATCH>
PPL_A05A5758AC64,<PATCH> E01 L025 <OLD> sham 4 bajhe ke liye </OLD> <NEW> Austin </NEW> </PATCH> <PATCH> E02 L052 <OLD> Seneca </OLD> <NEW> Austin </NEW> </PATCH>
PPL_711B4A33F334,<PATCH> E03 L052 <OLD> 10 freeway </OLD> <NEW> Chicago </NEW> </PATCH>
PPL_25768BB2A456,<PATCH> E01 L049 <OLD> Green </OLD> <NEW> Yonkers </NEW> </PATCH> <PATCH> E02 L008 <OLD> Skiatook </OLD> <NEW> White Plains </NEW> </PATCH> <PATCH> E03 L049 <OLD> dallas </OLD> <NEW> Yonkers </NEW> </PATCH>
PPL_97ED35AF415D,<PATCH> E03 L002 <OLD> unhe </OLD> <NEW> Denise </NEW> </PATCH> <PATCH> E04 L032 <OLD> the upcoming meeting </OLD> <NEW> car chali gai he. </NEW> </PATCH>
PPL_392BA471268C,<PATCH> E01 L048 <OLD> time out </OLD> <NEW> timer </NEW> </PATCH> <PATCH> E02 L025 <OLD> April 9th ke liye </OLD> <NEW> 30 minute </NEW> </PATCH> <PATCH> E03 L025 <OLD> June 7th 3 pm ke liye </OLD> <NEW> 30 minute </NEW> </PATCH> <PATCH> E04 L025 <OLD> 28 minutes ke liye </OLD> <NEW> 30 minute </NEW> </PATCH>
PPL_0FA57A798F45,<PATCH> E01 L052 <OLD> HIGHWAY 75 area </OLD> <NEW> Delware </NEW> </PATCH> <PATCH> E03 L025 <OLD> 1 : 20 par </OLD> <NEW> is mahiney </NEW> </PATCH>
PPL_6600DF753871,<PATCH> E02 L025 <OLD> Aaj dopahar 3 baje </OLD> <NEW> is dopahar </NEW> </PATCH> <PATCH> E03 L052 <OLD> south </OLD> <NEW> hawaii </NEW> </PATCH> <PATCH> E04 L025 <OLD> Monday 6 : 30 pm ko </OLD> <NEW> is dopahar </NEW> </PATCH>
PPL_1323127DAC70,<PATCH> E03 L052 <OLD> ICELAND </OLD> <NEW> Tampa </NEW> </PATCH> <PATCH> E04 L025 <OLD> 7 : 45 ke liye </OLD> <NEW> kal </NEW> </PATCH>
PPL_2A7249662CE1,<PATCH> E03 L025 <OLD> 1 AM ke liye </OLD> <NEW> bees minute ke liye </NEW> </PATCH> <PATCH> E04 L025 <OLD> Friday 17th at 8 am </OLD> <NEW> bees minute ke liye </NEW> </PATCH>
PPL_5D7096B501DB,"<PATCH> E01 L010 <OLD> girls trip </OLD> <NEW> is weekend </NEW> </PATCH> <PATCH> E02 L010 <OLD> Q team is weekend ke liye </OLD> <NEW> is weekend </NEW> </PATCH> <PATCH> E03 L025 <OLD> Saturday , April 5th ke liye </OLD> <NEW> is weekend ke liye </NEW> </PATCH> <PATCH> E04 L025 <OLD> Friday ko 9 baje baad </OLD> <NEW> is weekend ke liye </NEW> </PATCH>"
PPL_112FAF1BBF4E,<PATCH> E01 L003 <OLD> dart team </OLD> <NEW> mere </NEW> </PATCH> <PATCH> E03 L025 <OLD> agle monday ke liye </OLD> <NEW> kal ke liye </NEW> </PATCH>
PPL_EE0456E00BD1,<PATCH> E02 L010 <OLD> quick pay Ashley </OLD> <NEW> dad se milne ka </NEW> </PATCH> <PATCH> E03 L025 <OLD> dopaher ke baad 10 minutes </OLD> <NEW> kal dopahar </NEW> </PATCH>
PPL_74E9817B496F,<PATCH> E02 L045 <OLD> muggy </OLD> <NEW> garmi </NEW> </PATCH> <PATCH> E03 L052 <OLD> Sapulpa </OLD> <NEW> Ocean City </NEW> </PATCH> <PATCH> E04 L038 <OLD> brolly </OLD> <NEW> garmi </NEW> </PATCH>
PPL_8B56D41729C2,<PATCH> E01 L003 <OLD> jacks </OLD> <NEW> mujhe </NEW> </PATCH> <PATCH> E02 L025 <OLD> agle Tuesday subah 9 bajhe ke liye </OLD> <NEW> agle saat dino tak </NEW> </PATCH> <PATCH> E04 L010 <OLD> blood pressure check karne ke liye ke liye </OLD> <NEW> apne neighbors ke plants ko paani dene </NEW> </PATCH>
PPL_5D6AE4A3D5C5,<PATCH> E01 L045 <OLD> suraj nikalta hai ho jayega </OLD> <NEW> baarish </NEW> </PATCH> <PATCH> E02 L045 <OLD> electrical storm </OLD> <NEW> baarish </NEW> </PATCH> <PATCH> E03 L025 <OLD> 12th June ko subah 12 baje </OLD> <NEW> is hafte </NEW> </PATCH> <PATCH> E04 L045 <OLD> seven day </OLD> <NEW> baarish </NEW> </PATCH>
PPL_4B4755E942BE,<PATCH> E02 L052 <OLD> downtown Youngstown </OLD> <NEW> houston </NEW> </PATCH> <PATCH> E04 L025 <OLD> 7 : 20 </OLD> <NEW> is haftey </NEW> </PATCH>
PPL_8697DD5BAA00,<PATCH> E01 L049 <OLD> valley City </OLD> <NEW> Main St </NEW> </PATCH> <PATCH> E03 L019 <OLD> Crofton </OLD> <NEW> Portland </NEW> </PATCH> <PATCH> E04 L019 <OLD> topeka </OLD> <NEW> Portland </NEW> </PATCH>
PPL_68E4BD45E4DF,<PATCH> E01 L010 <OLD> bills pay karne ka </OLD> <NEW> oven se food ko bahar nikalne se kal subha 5 a . m ke liye </NEW> </PATCH> <PATCH> E02 L010 <OLD> dinner shuru karne ke liye </OLD> <NEW> oven se food ko bahar nikalne se kal subha 5 a . m ke liye </NEW> </PATCH> <PATCH> E03 L023 <OLD> for 11 : 59 </OLD> <NEW> ek ghante me </NEW> </PATCH> <PATCH> E04 L023 <OLD> kal subha 5 a . m ke liye </OLD> <NEW> ek ghante me </NEW> </PATCH>
PPL_7F639C2D9CF8,<PATCH> E01 L025 <OLD> 1st January subah 7 baje ke liye </OLD> <NEW> is week </NEW> </PATCH> <PATCH> E02 L018 <OLD> lists </OLD> <NEW> dikhao </NEW> </PATCH> <PATCH> E03 L003 <OLD> Cathy </OLD> <NEW> mere </NEW> </PATCH> <PATCH> E04 L010 <OLD> alarm ko set up karne </OLD> <NEW> sales </NEW> </PATCH>
PPL_2D46FEF0F404,<PATCH> E01 L010 <OLD> Craig aur Paul ko dinner ke liye milne </OLD> <NEW> medication </NEW> </PATCH> <PATCH> E02 L047 <OLD> mera job chhod dijiye se 3 </OLD> <NEW> saare </NEW> </PATCH> <PATCH> E03 L059 <OLD> hataado </OLD> <NEW> medication </NEW> </PATCH> <PATCH> E04 L047 <OLD> Both </OLD> <NEW> saare </NEW> </PATCH>
PPL_BA71624B5C9B,<PATCH> E01 L045 <OLD> kals sandals day </OLD> <NEW> sunny </NEW> </PATCH> <PATCH> E03 L045 <OLD> peak </OLD> <NEW> sunny </NEW> </PATCH>
PPL_28A4F5EBFA60,<PATCH> E01 L046 <OLD> winds gusts degree </OLD> <NEW> 93 </NEW> </PATCH> <PATCH> E02 L060 <OLD> kelvin </OLD> <NEW> C </NEW> </PATCH> <PATCH> E03 L025 <OLD> 7 : 45 ke liye </OLD> <NEW> is weekend </NEW> </PATCH> <PATCH> E04 L052 <OLD> Iraq </OLD> <NEW> andar </NEW> </PATCH>
PPL_437C3FD221AA,<PATCH> E01 L010 <OLD> pizza pickup karne </OLD> <NEW> Chad and Carrie milne ke liye aarahe hai ke liye </NEW> </PATCH> <PATCH> E02 L025 <OLD> Sept 3rd se 9th tak ke week </OLD> <NEW> 24th ko </NEW> </PATCH> <PATCH> E03 L025 <OLD> is thursday ke liye </OLD> <NEW> 24th ko </NEW> </PATCH> <PATCH> E04 L025 <OLD> for July 2nd </OLD> <NEW> 24th ko </NEW> </PATCH>
PPL_AD2F6B9FF6D2,<PATCH> E02 L010 <OLD> Tisha ' s Dance recital </OLD> <NEW> video tennis team meeting </NEW> </PATCH> <PATCH> E04 L025 <OLD> wednesday evening ke liye </OLD> <NEW> kal shaam 5 baje ke liye </NEW> </PATCH>
PPL_D85E6A77B89B,<PATCH> E01 L032 <OLD> mujhe ek naya wala mil gaya hai </OLD> <NEW> mai Rotary presentation kal dunga. </NEW> </PATCH> <PATCH> E02 L002 <OLD> Henrietta </OLD> <NEW> Gerry </NEW> </PATCH> <PATCH> E03 L002 <OLD> Professor Smith </OLD> <NEW> Gerry </NEW> </PATCH> <PATCH> E04 L032 <OLD> mai usey visit karne ke liye intazar nahi kar sakta </OLD> <NEW> mai Rotary presentation kal dunga. </NEW> </PATCH>
PPL_097D7B3C3743,"<PATCH> E02 L052 <OLD> Lincoln Tunnel </OLD> <NEW> LA </NEW> </PATCH> <PATCH> E04 L052 <OLD> Petal , MS </OLD> <NEW> LA </NEW> </PATCH>"
PPL_EE8C8AC40FB3,<PATCH> E03 L010 <OLD> mere neurology appointment </OLD> <NEW> Muje kitten ke food </NEW> </PATCH> <PATCH> E04 L003 <OLD> class </OLD> <NEW> mere </NEW> </PATCH>
PPL_3E0731672C5B,<PATCH> E01 L010 <OLD> mera medicine prescription refilled karne </OLD> <NEW> kal raat kuch lene ke liye </NEW> </PATCH> <PATCH> E02 L025 <OLD> 3 a . m ke liye </OLD> <NEW> kal raat </NEW> </PATCH> <PATCH> E04 L010 <OLD> food </OLD> <NEW> mere </NEW> </PATCH>
PPL_7D757846E412,<PATCH> E01 L025 <OLD> Tuesday subha 7 am ke liye </OLD> <NEW> tonite </NEW> </PATCH> <PATCH> E03 L033 <OLD> Bill Anderson </OLD> <NEW> tonite beyonce </NEW> </PATCH>
PPL_C8CAD2C0D4ED,<PATCH> E01 L025 <OLD> kal sham 4 : 30 bajhe </OLD> <NEW> Agle monday </NEW> </PATCH> <PATCH> E02 L010 <OLD> all of my bills </OLD> <NEW> the parent teacher conference </NEW> </PATCH> <PATCH> E04 L025 <OLD> kal subah 10 baje se </OLD> <NEW> Agle monday </NEW> </PATCH>
PPL_8BC61D691D42,<PATCH> E01 L025 <OLD> downtown Saratoga ke liye </OLD> <NEW> July ke liye </NEW> </PATCH> <PATCH> E02 L025 <OLD> Kal evening 4 o ' clock ko </OLD> <NEW> July ke liye </NEW> </PATCH> <PATCH> E04 L025 <OLD> route 17 ka </OLD> <NEW> July ke liye </NEW> </PATCH>
PPL_5DA9DD315D73,<PATCH> E04 L010 <OLD> Cooks apko doctor appointments </OLD> <NEW> mere lunch </NEW> </PATCH>
PPL_A592B55464AE,<PATCH> E01 L010 <OLD> mera post office box check karne </OLD> <NEW> mujhe monday subah 9 bajhe team meeting attend karne ke liye </NEW> </PATCH> <PATCH> E02 L010 <OLD> book study </OLD> <NEW> mujhe </NEW> </PATCH> <PATCH> E03 L010 <OLD> team meeting attend karne ke liye </OLD> <NEW> mujhe aap monday subah 9 bajhe mera post office box check karne </NEW> </PATCH> <PATCH> E04 L010 <OLD> kal sham 5 bajhe ke liye </OLD> <NEW> monday subah 9 bajhe team meeting attend karne ke liye </NEW> </PATCH>
PPL_1D5ADD9B903F,<PATCH> E01 L018 <OLD> ne </OLD> <NEW> dikhao </NEW> </PATCH> <PATCH> E02 L018 <OLD> Display </OLD> <NEW> dikhao </NEW> </PATCH> <PATCH> E03 L025 <OLD> Andrew Sunday raat 9 pm ko </OLD> <NEW> last week ke </NEW> </PATCH>
PPL_F2774D16B79A,<PATCH> E03 L032 <OLD> everything is fine </OLD> <NEW> me use uske ghar pe milunga </NEW> </PATCH> <PATCH> E04 L002 <OLD> accounting </OLD> <NEW> Chris </NEW> </PATCH>
PPL_09249B614880,<PATCH> E01 L047 <OLD> saarey </OLD> <NEW> sabhi </NEW> </PATCH> <PATCH> E02 L025 <OLD> har saal Gil </OLD> <NEW> yesterday ke liye </NEW> </PATCH>
PPL_C42A0EC28D13,<PATCH> E02 L025 <OLD> 6 : 30 am tak </OLD> <NEW> Agle hafte </NEW> </PATCH> <PATCH> E04 L025 <OLD> Eastern me </OLD> <NEW> Agle hafte </NEW> </PATCH>
PPL_9192C8C5DF7D,<PATCH> E02 L048 <OLD> resume </OLD> <NEW> timer </NEW> </PATCH> <PATCH> E03 L048 <OLD> 27 minutes ke liye timer </OLD> <NEW> timer </NEW> </PATCH>
PPL_D40A11A32B16,<PATCH> E01 L025 <OLD> saturday 8 pm ko </OLD> <NEW> is weekend </NEW> </PATCH> <PATCH> E02 L024 <OLD> strawberry picking </OLD> <NEW> comedy shows </NEW> </PATCH> <PATCH> E04 L052 <OLD> NC </OLD> <NEW> arlington </NEW> </PATCH>
PPL_A9DA8FD9821A,<PATCH> E02 L025 <OLD> Aaj raat 9 PM ke liye </OLD> <NEW> abhi </NEW> </PATCH> <PATCH> E03 L003 <OLD> Asia </OLD> <NEW> mujhe </NEW> </PATCH>
PPL_B85EC66E5F31,<PATCH> E01 L010 <OLD> dogs ko groomed karne ke liye ke liye </OLD> <NEW> pills lete rahe ke liye </NEW> </PATCH> <PATCH> E02 L010 <OLD> dilaen vo har raat Friday ke lunchtime </OLD> <NEW> har raat sham 6 baje dogs ko groomed karne ke liye ke liye </NEW> </PATCH> <PATCH> E03 L013 <OLD> har hafte </OLD> <NEW> har raat </NEW> </PATCH>
PPL_50FF012BBC7B,<PATCH> E02 L023 <OLD> Monday 5 : 00 PM ko Antonio jello karne </OLD> <NEW> kal </NEW> </PATCH> <PATCH> E04 L010 <OLD> Briana ki driving class </OLD> <NEW> meri car ko oil badalne ki zaroorat hai. ke liye </NEW> </PATCH>
PPL_E95BD6DC3C80,<PATCH> E01 L048 <OLD> timer suspend </OLD> <NEW> timer </NEW> </PATCH> <PATCH> E02 L048 <OLD> timers </OLD> <NEW> timer </NEW> </PATCH> <PATCH> E03 L025 <OLD> Wednesday subah 7 : 30 bajhe ke liye </OLD> <NEW> 30 minutes ke liye </NEW> </PATCH>
PPL_EC62D33612BE,<PATCH> E01 L032 <OLD> Alice Jacobs </OLD> <NEW> shakes order karne </NEW> </PATCH> <PATCH> E02 L032 <OLD> would you like to come over later </OLD> <NEW> Aur protien shakes order karne karne ke liye </NEW> </PATCH> <PATCH> E03 L032 <OLD> tequila shots </OLD> <NEW> Aur protien shakes order karne karne ke liye </NEW> </PATCH>
PPL_E37B3933C6FC,<PATCH> E02 L010 <OLD> Joey ko work se pickup karne </OLD> <NEW> mujhe directions lene </NEW> </PATCH> <PATCH> E03 L010 <OLD> mary directions lene </OLD> <NEW> mujhe directions lene </NEW> </PATCH>
PPL_4F6CE2AD2DC0,<PATCH> E01 L049 <OLD> Elizabeth City </OLD> <NEW> Miami </NEW> </PATCH> <PATCH> E02 L055 <OLD> drove </OLD> <NEW> drive </NEW> </PATCH> <PATCH> E03 L019 <OLD> Perth Amboy </OLD> <NEW> Fort Lauderdale </NEW> </PATCH>
PPL_2A9B245C03A2,<PATCH> E02 L025 <OLD> 5 pm aur 10 pm ko </OLD> <NEW> kal </NEW> </PATCH> <PATCH> E04 L045 <OLD> KATU </OLD> <NEW> storm </NEW> </PATCH>
PPL_6616573DD866,<PATCH> E02 L048 <OLD> counter </OLD> <NEW> timer </NEW> </PATCH> <PATCH> E04 L048 <OLD> am ko countdown timer </OLD> <NEW> 2 hours ke liye </NEW> </PATCH>
PPL_FE90D3931E6E,<PATCH> E02 L010 <OLD> beach house par deposit pay karna </OLD> <NEW> kaam pura karne </NEW> </PATCH> <PATCH> E04 L003 <OLD> Pinky </OLD> <NEW> mujhe </NEW> </PATCH>
PPL_BD6786FA02FB,<PATCH> E01 L010 <OLD> Tara </OLD> <NEW> study </NEW> </PATCH> <PATCH> E03 L025 <OLD> Is friday raat ko </OLD> <NEW> is week </NEW> </PATCH>
PPL_C80C86D93BD3,<PATCH> E01 L024 <OLD> t kaunse cornmazes </OLD> <NEW> parties </NEW> </PATCH> <PATCH> E02 L025 <OLD> 6 aur 7 bajhe ko </OLD> <NEW> New Years Eve ke liye </NEW> </PATCH>
PPL_8488C886096B,<PATCH> E01 L045 <OLD> 81 </OLD> <NEW> barf </NEW> </PATCH> <PATCH> E02 L045 <OLD> 14 </OLD> <NEW> barf </NEW> </PATCH> <PATCH> E04 L025 <OLD> Tuesday 2 pm me </OLD> <NEW> Aaj </NEW> </PATCH>
PPL_5C8C55A6A1EB,<PATCH> E01 L023 <OLD> sunday 5 PM se pehle </OLD> <NEW> Friday 2 pm ko </NEW> </PATCH> <PATCH> E02 L010 <OLD> Chinese menu </OLD> <NEW> vet appointment </NEW> </PATCH> <PATCH> E04 L003 <OLD> Wesley </OLD> <NEW> Mujhe </NEW> </PATCH>
PPL_A0F91988F8C1,<PATCH> E02 L010 <OLD> Friday meeting staff me Adam ko add karne ke liye </OLD> <NEW> mera homework due hone se pehle canvas par upload karne </NEW> </PATCH> <PATCH> E03 L002 <OLD> Mason </OLD> <NEW> Mujhe </NEW> </PATCH>
PPL_AA4D3299D09D,<PATCH> E01 L002 <OLD> Caryn </OLD> <NEW> Ryan </NEW> </PATCH> <PATCH> E02 L032 <OLD> work updates </OLD> <NEW> aaj raat ke dinner ke liye groceries laane </NEW> </PATCH>
PPL_18671AE6CC66,<PATCH> E01 L010 <OLD> fantasy football </OLD> <NEW> 11th ko team </NEW> </PATCH> <PATCH> E02 L025 <OLD> ek ghante ka </OLD> <NEW> 11th ko </NEW> </PATCH> <PATCH> E04 L010 <OLD> alarm band karne se pehle nikalne </OLD> <NEW> team group meeting </NEW> </PATCH>
PPL_81546B0B1B40,<PATCH> E02 L002 <OLD> Makoto </OLD> <NEW> Jim </NEW> </PATCH> <PATCH> E03 L032 <OLD> nayi car bahut zyada mehengi </OLD> <NEW> wo ek ghante me park me milna chahta hai </NEW> </PATCH> <PATCH> E04 L032 <OLD> Mai usse game </OLD> <NEW> wo ek ghante me park me milna chahta hai </NEW> </PATCH>
PPL_1BD43A51CB49,<PATCH> E01 L002 <OLD> Hello assistant </OLD> <NEW> John </NEW> </PATCH> <PATCH> E03 L002 <OLD> Johnathan </OLD> <NEW> John </NEW> </PATCH> <PATCH> E04 L002 <OLD> Wesley </OLD> <NEW> John </NEW> </PATCH>
PPL_1CD2AEAB079B,<PATCH> E01 L045 <OLD> HUMID </OLD> <NEW> baarish </NEW> </PATCH> <PATCH> E02 L045 <OLD> Kyrgyzstan baarish la </OLD> <NEW> Flagstaff </NEW> </PATCH> <PATCH> E03 L045 <OLD> 57 </OLD> <NEW> baarish </NEW> </PATCH> <PATCH> E04 L052 <OLD> Ottawa Ontario </OLD> <NEW> Flagstaff </NEW> </PATCH>
PPL_E4EAC599BF2C,<PATCH> E02 L019 <OLD> Forest Hill </OLD> <NEW> Atlanta </NEW> </PATCH> <PATCH> E03 L019 <OLD> St . Louis </OLD> <NEW> Atlanta </NEW> </PATCH>
PPL_79323913EC76,<PATCH> E02 L049 <OLD> pawtucket </OLD> <NEW> Raleigh </NEW> </PATCH> <PATCH> E04 L019 <OLD> ocean city </OLD> <NEW> Durham </NEW> </PATCH>
PPL_8AC314E28D01,<PATCH> E01 L025 <OLD> Wednesday subah 8 baje ke liye </OLD> <NEW> Agle hafte </NEW> </PATCH> <PATCH> E03 L052 <OLD> South - East Queensland </OLD> <NEW> jersey shore </NEW> </PATCH>
PPL_00B22CFA9A91,<PATCH> E01 L019 <OLD> Northern Ireland </OLD> <NEW> Sarasota </NEW> </PATCH> <PATCH> E02 L049 <OLD> kansas city </OLD> <NEW> Tallahassee </NEW> </PATCH> <PATCH> E03 L049 <OLD> Oviedo </OLD> <NEW> Tallahassee </NEW> </PATCH> <PATCH> E04 L049 <OLD> harmony </OLD> <NEW> Tallahassee </NEW> </PATCH>
PPL_85668853621E,<PATCH> E02 L025 <OLD> ek ghanta lambe </OLD> <NEW> last month </NEW> </PATCH> <PATCH> E03 L052 <OLD> Oceanside </OLD> <NEW> Atlanta </NEW> </PATCH>
PPL_7402410CEA71,"<PATCH> E02 L025 <OLD> subha 9 baje </OLD> <NEW> aaj </NEW> </PATCH> <PATCH> E03 L052 <OLD> Northeast Extension </OLD> <NEW> Danbury , Connecticut </NEW> </PATCH> <PATCH> E04 L025 <OLD> 9 baje se </OLD> <NEW> aaj </NEW> </PATCH>"
PPL_7EBB4F61AE6C,<PATCH> E01 L025 <OLD> 10 may ke liye midday ko </OLD> <NEW> Kal </NEW> </PATCH> <PATCH> E02 L025 <OLD> 3rd ko 1230 pm ko </OLD> <NEW> Kal </NEW> </PATCH> <PATCH> E04 L025 <OLD> Sunday subha 11 baje se pehle </OLD> <NEW> Kal </NEW> </PATCH>
PPL_4788CA1D2502,<PATCH> E01 L010 <OLD> school ke liye lesson plans finished karne </OLD> <NEW> meri doctor ki appointment ko reschedule </NEW> </PATCH> <PATCH> E02 L025 <OLD> Thursday ko subha 8 baje ke liye </OLD> <NEW> Aaj shaam 5 baje </NEW> </PATCH> <PATCH> E03 L010 <OLD> mere wedding party gifts kharidne ke liye </OLD> <NEW> meri doctor ki appointment ko reschedule </NEW> </PATCH> <PATCH> E04 L025 <OLD> Saturday midnight ke baad </OLD> <NEW> Aaj shaam 5 baje </NEW> </PATCH>
PPL_E1ED05729842,<PATCH> E01 L025 <OLD> Friday ko 9 baje baad </OLD> <NEW> next week </NEW> </PATCH> <PATCH> E04 L024 <OLD> Sleigh Rides </OLD> <NEW> music concerts </NEW> </PATCH>
PPL_5ECA0BBF97BD,<PATCH> E01 L010 <OLD> school se </OLD> <NEW> dinner start muje liye </NEW> </PATCH> <PATCH> E04 L025 <OLD> Is thursday sham ko </OLD> <NEW> Aaj raat 5:30 pm ko </NEW> </PATCH>
PPL_42930DEEA07F,<PATCH> E01 L010 <OLD> litter box ko saaph karne ke liye </OLD> <NEW> dinner </NEW> </PATCH> <PATCH> E02 L010 <OLD> mere co - workers </OLD> <NEW> dinner </NEW> </PATCH> <PATCH> E03 L023 <OLD> agle hafte monday tak </OLD> <NEW> kal </NEW> </PATCH> <PATCH> E04 L023 <OLD> EST </OLD> <NEW> kal </NEW> </PATCH>
PPL_0343784B6478,<PATCH> E01 L025 <OLD> May 7th to 10th </OLD> <NEW> is weekend </NEW> </PATCH> <PATCH> E02 L020 <OLD> us 19 area </OLD> <NEW> St Augustine </NEW> </PATCH> <PATCH> E03 L024 <OLD> prom parties </OLD> <NEW> Sports events </NEW> </PATCH> <PATCH> E04 L024 <OLD> cooking demonstrations </OLD> <NEW> Sports events </NEW> </PATCH>
PPL_516A15231EF5,<PATCH> E01 L010 <OLD> meri dentist appointment </OLD> <NEW> make my bed </NEW> </PATCH> <PATCH> E02 L025 <OLD> agle 12 hrs me </OLD> <NEW> kal subah 7 bajhe </NEW> </PATCH> <PATCH> E03 L003 <OLD> Jivan </OLD> <NEW> Mujhe </NEW> </PATCH>
PPL_D7875DCBB772,<PATCH> E02 L003 <OLD> andy </OLD> <NEW> Mujhe </NEW> </PATCH> <PATCH> E04 L010 <OLD> uski Yoga session </OLD> <NEW> kaam ke baad thoda lettuce khareedne </NEW> </PATCH>
PPL_9DB13B51C689,<PATCH> E01 L002 <OLD> Fran </OLD> <NEW> Katie </NEW> </PATCH> <PATCH> E03 L002 <OLD> Christopher </OLD> <NEW> Katie </NEW> </PATCH> <PATCH> E04 L032 <OLD> aaj raat ke dinner ke liye groceries laane ke liye </OLD> <NEW> I am confirming my haircut appointment </NEW> </PATCH>
PPL_935FCDC067A0,<PATCH> E01 L045 <OLD> air quality </OLD> <NEW> barf </NEW> </PATCH> <PATCH> E02 L025 <OLD> next 3 monthske liye </OLD> <NEW> aaj </NEW> </PATCH> <PATCH> E03 L025 <OLD> 25th March ko </OLD> <NEW> aaj </NEW> </PATCH>
PPL_5397F96E008B,<PATCH> E01 L010 <OLD> appraisal khatam karna hai </OLD> <NEW> mujhe mera phone bill pay karne ke liye </NEW> </PATCH> <PATCH> E02 L025 <OLD> tuesday subah 5 baje ke liye </OLD> <NEW> 8 / 1 ko </NEW> </PATCH> <PATCH> E03 L010 <OLD> ladies night </OLD> <NEW> mujhe mera phone bill pay karne </NEW> </PATCH>
PPL_8F2C3A0A4ABA,<PATCH> E01 L010 <OLD> luncheon guests 30 min ke liye </OLD> <NEW> maine paas 15th April </NEW> </PATCH>
PPL_2C4D571A04D1,<PATCH> E01 L032 <OLD> he has the rental house keys </OLD> <NEW> I ' m in charge of the appetizers </NEW> </PATCH> <PATCH> E02 L002 <OLD> adam </OLD> <NEW> Marisha </NEW> </PATCH> <PATCH> E03 L002 <OLD> groomer </OLD> <NEW> Marisha </NEW> </PATCH>
PPL_0C5F597D9A84,"<PATCH> E02 L004 <OLD> song, </OLD> <NEW> mix </NEW> </PATCH> <PATCH> E04 L004 <OLD> starred list </OLD> <NEW> country </NEW> </PATCH>"
PPL_7C3A1838305F,<PATCH> E01 L019 <OLD> Europe </OLD> <NEW> Williamsburg </NEW> </PATCH> <PATCH> E02 L019 <OLD> Kentucky </OLD> <NEW> Virginia Beach </NEW> </PATCH> <PATCH> E03 L019 <OLD> north branch </OLD> <NEW> Virginia Beach </NEW> </PATCH> <PATCH> E04 L019 <OLD> Poway </OLD> <NEW> Williamsburg </NEW> </PATCH>
PPL_E7146EF98860,<PATCH> E01 L010 <OLD> child ko pick karne ke liye </OLD> <NEW> mujhe 7th ko VPK </NEW> </PATCH> <PATCH> E04 L025 <OLD> Tommy agley haftey ko Monday </OLD> <NEW> kal </NEW> </PATCH>
PPL_66132B3D2A6E,<PATCH> E01 L025 <OLD> September 27th ko </OLD> <NEW> is week </NEW> </PATCH>
PPL_DA909F08565A,<PATCH> E01 L003 <OLD> History </OLD> <NEW> mere </NEW> </PATCH> <PATCH> E03 L025 <OLD> September 14th ko </OLD> <NEW> kal ke liye </NEW> </PATCH> <PATCH> E04 L003 <OLD> mujhe </OLD> <NEW> mere </NEW> </PATCH>
PPL_45805D33CEF1,<PATCH> E01 L004 <OLD> sounds </OLD> <NEW> music </NEW> </PATCH> <PATCH> E02 L004 <OLD> stations </OLD> <NEW> music </NEW> </PATCH> <PATCH> E04 L044 <OLD> peppy </OLD> <NEW> country </NEW> </PATCH>
PPL_DE5503694AA3,<PATCH> E02 L003 <OLD> Dance </OLD> <NEW> mere </NEW> </PATCH> <PATCH> E04 L010 <OLD> rheumatologist ka appointment </OLD> <NEW> sorority </NEW> </PATCH>
PPL_82BA22E6EA3B,<PATCH> E01 L003 <OLD> ryan </OLD> <NEW> mere </NEW> </PATCH> <PATCH> E03 L003 <OLD> Jen saare </OLD> <NEW> mere </NEW> </PATCH> <PATCH> E04 L025 <OLD> 14th january ko </OLD> <NEW> Monday ke liye </NEW> </PATCH>
PPL_98E08F77439C,<PATCH> E01 L025 <OLD> Weekend ke liye </OLD> <NEW> October ke month me </NEW> </PATCH> <PATCH> E03 L010 <OLD> Taylor Swift concert </OLD> <NEW> aane wale holidays </NEW> </PATCH> <PATCH> E04 L025 <OLD> subah 6 : 00 baje </OLD> <NEW> October ke month me </NEW> </PATCH>
PPL_ECD6E61B965A,<PATCH> E01 L013 <OLD> Fridays ko floss </OLD> <NEW> har raat </NEW> </PATCH> <PATCH> E03 L003 <OLD> Katherine </OLD> <NEW> Mujhe </NEW> </PATCH> <PATCH> E04 L010 <OLD> Julian ka present lene </OLD> <NEW> floss </NEW> </PATCH>
PPL_9CAB8DBB89B5,<PATCH> E01 L010 <OLD> turtle ko feed </OLD> <NEW> Package ko mail </NEW> </PATCH> <PATCH> E03 L010 <OLD> granddaughter ki birthday party </OLD> <NEW> Package ko mail </NEW> </PATCH> <PATCH> E04 L010 <OLD> collin ko happy birthday wish karne ke liye </OLD> <NEW> Package ko mail </NEW> </PATCH>
PPL_6D82E70179BB,<PATCH> E02 L003 <OLD> card club </OLD> <NEW> Tom </NEW> </PATCH> <PATCH> E03 L013 <OLD> every 3 weeks </OLD> <NEW> Har subha </NEW> </PATCH> <PATCH> E04 L013 <OLD> har 3 ghante mei </OLD> <NEW> Har subha </NEW> </PATCH>
PPL_02C40471D688,<PATCH> E02 L002 <OLD> Aurelien ko I can ' t make it </OLD> <NEW> courtney </NEW> </PATCH> <PATCH> E03 L002 <OLD> Mary Reyes </OLD> <NEW> courtney </NEW> </PATCH>
PPL_75AF03012CEE,<PATCH> E01 L010 <OLD> June 20th ko bete ke football games </OLD> <NEW> ek ghante baad amitriptyline lene ke liye </NEW> </PATCH>
PPL_418662C1E7CC,<PATCH> E01 L025 <OLD> tonite </OLD> <NEW> Monday subha 11 baje </NEW> </PATCH> <PATCH> E03 L003 <OLD> Fred </OLD> <NEW> mujhe </NEW> </PATCH>
PPL_6D149273C54E,"<PATCH> E01 L025 <OLD> last nights </OLD> <NEW> 45 minutes ke liye </NEW> </PATCH> <PATCH> E02 L048 <OLD> timers </OLD> <NEW> timer </NEW> </PATCH> <PATCH> E03 L048 <OLD> timer, </OLD> <NEW> timer </NEW> </PATCH>"
PPL_EF3994830613,<PATCH> E01 L025 <OLD> aj 8 bajhe </OLD> <NEW> 678 seconds </NEW> </PATCH> <PATCH> E04 L048 <OLD> stopwatch timer </OLD> <NEW> timer </NEW> </PATCH>
PPL_08162203DD81,<PATCH> E02 L025 <OLD> aj shaam 4 bajhe </OLD> <NEW> Is weekend </NEW> </PATCH> <PATCH> E03 L008 <OLD> Santa Catarina Hospital </OLD> <NEW> Verizon Theater </NEW> </PATCH> <PATCH> E04 L024 <OLD> movies </OLD> <NEW> Verizon Theater me kya concerts </NEW> </PATCH>
PPL_49A1FD698331,<PATCH> E01 L002 <OLD> Erin Gleeson </OLD> <NEW> Ben </NEW> </PATCH> <PATCH> E02 L032 <OLD> tum kal Jack ke birthday ke liye aarahe </OLD> <NEW> Ben ko message bhejo aur unhe bolo ki party kitne baje start </NEW> </PATCH> <PATCH> E04 L002 <OLD> William </OLD> <NEW> Ben </NEW> </PATCH>
PPL_522C2837AE3D,"<PATCH> E01 L010 <OLD> 2 aur ek - half hours </OLD> <NEW> subah me ko office ke liye doughnuts and coffee pickup karne ke liye ke liye </NEW> </PATCH> <PATCH> E02 L010 <OLD> milk pick up </OLD> <NEW> office ke liye doughnuts and coffee pickup karne ke liye ke liye </NEW> </PATCH> <PATCH> E04 L010 <OLD> Timu ' s mother passed away , mujhe </OLD> <NEW> subah me milk pick up karne </NEW> </PATCH>"
PPL_3683D86343A2,<PATCH> E01 L032 <OLD> hows it going </OLD> <NEW> aaj usko final report email karunga </NEW> </PATCH> <PATCH> E02 L002 <OLD> Hilda </OLD> <NEW> Nanette </NEW> </PATCH> <PATCH> E04 L032 <OLD> aaj raat ke dinner ke liye groceries laane </OLD> <NEW> aaj usko final report email karunga </NEW> </PATCH>
PPL_05033296C5CD,<PATCH> E01 L025 <OLD> Tuesday ko 9th ko 4 baje ke liye </OLD> <NEW> Friday </NEW> </PATCH> <PATCH> E02 L010 <OLD> Timu ' s birthday </OLD> <NEW> project due </NEW> </PATCH> <PATCH> E04 L025 <OLD> at 7 am tomorrow </OLD> <NEW> Friday </NEW> </PATCH>
PPL_BF73DF7E71B6,<PATCH> E01 L055 <OLD> bike ride </OLD> <NEW> drive </NEW> </PATCH> <PATCH> E02 L049 <OLD> Brookhaven </OLD> <NEW> Miami </NEW> </PATCH> <PATCH> E03 L019 <OLD> mexico </OLD> <NEW> key west </NEW> </PATCH>
PPL_F3D01D366780,"<PATCH> E01 L025 <OLD> 7 , 8 aur 9 am ko </OLD> <NEW> Monday ke din subah 11 baje </NEW> </PATCH> <PATCH> E02 L010 <OLD> mere prayers bolo ke liye </OLD> <NEW> work </NEW> </PATCH> <PATCH> E03 L023 <OLD> taylors bridal party </OLD> <NEW> meeting time set karne ke ke baare me </NEW> </PATCH> <PATCH> E04 L010 <OLD> Council Trainers </OLD> <NEW> meeting </NEW> </PATCH>"
PPL_B0345A75DB04,<PATCH> E01 L045 <OLD> humidity index </OLD> <NEW> garmi </NEW> </PATCH> <PATCH> E03 L045 <OLD> 10 </OLD> <NEW> garmi </NEW> </PATCH>
PPL_FABF3119B776,<PATCH> E01 L010 <OLD> bachelorette party </OLD> <NEW> mera clinical work due hai </NEW> </PATCH> <PATCH> E02 L025 <OLD> Wednesday ko 3 pm ko </OLD> <NEW> monday dopaher 12 baje </NEW> </PATCH> <PATCH> E03 L025 <OLD> students monday dopaher 12 baje </OLD> <NEW> monday dopaher 12 baje </NEW> </PATCH>
PPL_D99933B00668,<PATCH> E01 L025 <OLD> new years ke doraan </OLD> <NEW> aaj subah </NEW> </PATCH> <PATCH> E02 L025 <OLD> har hafte subah 7 baje ke liye </OLD> <NEW> aaj subah </NEW> </PATCH>
PPL_F3E2C416C6F2,"<PATCH> E01 L052 <OLD> thirty seconds ke liye Northeast IA </OLD> <NEW> Barcelona , Spain </NEW> </PATCH> <PATCH> E02 L052 <OLD> Bryan , Texas </OLD> <NEW> Barcelona , Spain </NEW> </PATCH>"
PPL_642A1419BF1F,<PATCH> E03 L010 <OLD> recycling ko curb tak lejaane </OLD> <NEW> system me sabhi payments enter karne </NEW> </PATCH> <PATCH> E04 L025 <OLD> 3 pm ke liye </OLD> <NEW> 15 minutes pehle </NEW> </PATCH>
PPL_378A54751B96,<PATCH> E01 L002 <OLD> jereremy </OLD> <NEW> Mike </NEW> </PATCH> <PATCH> E02 L032 <OLD> mujhe ye nae lagta hai </OLD> <NEW> he will be home by 9. </NEW> </PATCH> <PATCH> E03 L032 <OLD> have you made it </OLD> <NEW> he will be home by 9. </NEW> </PATCH> <PATCH> E04 L002 <OLD> Joanie </OLD> <NEW> Mike </NEW> </PATCH>
PPL_0187F67624D2,<PATCH> E01 L018 <OLD> show </OLD> <NEW> dikhao </NEW> </PATCH> <PATCH> E02 L003 <OLD> Georgie </OLD> <NEW> mujhe </NEW> </PATCH> <PATCH> E03 L047 <OLD> bhi </OLD> <NEW> dikhao </NEW> </PATCH> <PATCH> E04 L025 <OLD> agley Thursday </OLD> <NEW> agle hafte ke liye </NEW> </PATCH>
PPL_3BE2C944D6EC,<PATCH> E01 L010 <OLD> package delivery 3 pm ka ek </OLD> <NEW> baseball game dekhne ke liye </NEW> </PATCH> <PATCH> E02 L023 <OLD> friday morning </OLD> <NEW> 3 pm ka </NEW> </PATCH> <PATCH> E04 L010 <OLD> send my mom a birthday card 3 pm ka </OLD> <NEW> baseball game dekhne ke liye </NEW> </PATCH>
PPL_3EC8473335E2,<PATCH> E02 L010 <OLD> Guinea pig treats order karne ke liye fantasy football </OLD> <NEW> grocery shop </NEW> </PATCH> <PATCH> E03 L010 <OLD> mere pop ke lawn mower ko off karden </OLD> <NEW> grocery shop </NEW> </PATCH>
PPL_7CA169A474B4,<PATCH> E03 L010 <OLD> meri bookclub </OLD> <NEW> gym buddy </NEW> </PATCH> <PATCH> E04 L025 <OLD> aaj raat 5 : 30 pm ke liye </OLD> <NEW> aaj </NEW> </PATCH>
PPL_EBCB7852A773,<PATCH> E01 L045 <OLD> FLASH FLOOD </OLD> <NEW> Chicago </NEW> </PATCH> <PATCH> E02 L045 <OLD> 77 </OLD> <NEW> Chicago </NEW> </PATCH> <PATCH> E03 L052 <OLD> pewaukee </OLD> <NEW> Chicago </NEW> </PATCH> <PATCH> E04 L045 <OLD> Rainfall </OLD> <NEW> Chicago </NEW> </PATCH>
PPL_5810C61C257D,<PATCH> E01 L052 <OLD> i - 77 </OLD> <NEW> Philadelphia </NEW> </PATCH> <PATCH> E02 L024 <OLD> board game meet ups </OLD> <NEW> Beatles tribute band </NEW> </PATCH>
PPL_10556240DC99,<PATCH> E01 L007 <OLD> easy rock </OLD> <NEW> new age </NEW> </PATCH> <PATCH> E03 L012 <OLD> radio </OLD> <NEW> Spotify </NEW> </PATCH> <PATCH> E04 L004 <OLD> Radio </OLD> <NEW> songs </NEW> </PATCH>
PPL_7C4C40242ED3,<PATCH> E02 L004 <OLD> album </OLD> <NEW> music </NEW> </PATCH> <PATCH> E03 L004 <OLD> MIX </OLD> <NEW> music </NEW> </PATCH> <PATCH> E04 L004 <OLD> HIT </OLD> <NEW> music </NEW> </PATCH>
PPL_771B8EFE5D83,<PATCH> E01 L025 <OLD> 5 am </OLD> <NEW> agle monday 10 baje </NEW> </PATCH> <PATCH> E02 L010 <OLD> playdates </OLD> <NEW> appointment </NEW> </PATCH> <PATCH> E04 L025 <OLD> parso ke liye </OLD> <NEW> agle monday 10 baje </NEW> </PATCH>
PPL_2657A02D6675,<PATCH> E02 L048 <OLD> times </OLD> <NEW> timer </NEW> </PATCH> <PATCH> E03 L025 <OLD> August 25th ko 12 : 30 PM ko </OLD> <NEW> Do ghante ke liye </NEW> </PATCH>
PPL_BAC0346BF7BD,<PATCH> E01 L004 <OLD> sangeet </OLD> <NEW> music </NEW> </PATCH> <PATCH> E02 L007 <OLD> kids </OLD> <NEW> holiday </NEW> </PATCH> <PATCH> E03 L007 <OLD> top 10 </OLD> <NEW> holiday </NEW> </PATCH> <PATCH> E04 L007 <OLD> Mera favorite </OLD> <NEW> holiday </NEW> </PATCH>
PPL_683AB3E7A6FA,<PATCH> E02 L003 <OLD> jessica </OLD> <NEW> mere </NEW> </PATCH> <PATCH> E03 L025 <OLD> abhi se 4 hours tak </OLD> <NEW> is hafte ke liye </NEW> </PATCH> <PATCH> E04 L003 <OLD> Arabella </OLD> <NEW> mere </NEW> </PATCH>
PPL_AD63F8FBC708,<PATCH> E02 L019 <OLD> Mackinac Island </OLD> <NEW> taft </NEW> </PATCH> <PATCH> E04 L049 <OLD> Scranton </OLD> <NEW> rolla </NEW> </PATCH>
PPL_1782E727812C,<PATCH> E02 L025 <OLD> kal subah 8 : 30 ke liye </OLD> <NEW> is weekend </NEW> </PATCH> <PATCH> E03 L025 <OLD> 9 am se 5 pm tak </OLD> <NEW> is weekend </NEW> </PATCH>
PPL_70E0BEE2CBB6,<PATCH> E02 L045 <OLD> zero </OLD> <NEW> baarish </NEW> </PATCH> <PATCH> E03 L052 <OLD> Johnstion street </OLD> <NEW> Seattle </NEW> </PATCH>
PPL_A047EDDBEC25,<PATCH> E02 L025 <OLD> 120 seconds tak </OLD> <NEW> 6:30 pm ko </NEW> </PATCH> <PATCH> E03 L025 <OLD> 6:30 pm ko </OLD> <NEW> 6:30 pm </NEW> </PATCH>
PPL_C4983776D92E,<PATCH> E01 L053 <OLD> agale 3 dino ke liye </OLD> <NEW> 5 pm ko </NEW> </PATCH> <PATCH> E02 L024 <OLD> Art show </OLD> <NEW> meeting </NEW> </PATCH> <PATCH> E03 L025 <OLD> Friday ko dopahar 3 baje ke liye </OLD> <NEW> 5 pm ko </NEW> </PATCH> <PATCH> E04 L024 <OLD> Marathons me jane ke liye </OLD> <NEW> meeting </NEW> </PATCH>
PPL_DAD9F66A5AF2,<PATCH> E02 L010 <OLD> Kroger jana hai . mujhe agle hafte ke liye </OLD> <NEW> dry cleaning pick up karne </NEW> </PATCH> <PATCH> E03 L010 <OLD> mere friends </OLD> <NEW> dry cleaning pick up karne </NEW> </PATCH> <PATCH> E04 L025 <OLD> 3 Am </OLD> <NEW> agle hafte ke liye </NEW> </PATCH>
PPL_E05D3EA1D452,<PATCH> E01 L010 <OLD> shpoing </OLD> <NEW> mere prescriptions lene </NEW> </PATCH> <PATCH> E02 L025 <OLD> friday subah ke liye </OLD> <NEW> kal </NEW> </PATCH>
PPL_3DADDD92403A,<PATCH> E03 L024 <OLD> cornmazes </OLD> <NEW> anime conventions </NEW> </PATCH> <PATCH> E04 L052 <OLD> Granada Hills </OLD> <NEW> Spokane </NEW> </PATCH>
PPL_0B413A7291F7,"<PATCH> E02 L052 <OLD> 94 </OLD> <NEW> miami </NEW> </PATCH> <PATCH> E03 L025 <OLD> Friday August 3 , 2018 at 11 : 00an </OLD> <NEW> Is week </NEW> </PATCH> <PATCH> E04 L052 <OLD> Cocoa Beach , FL </OLD> <NEW> miami </NEW> </PATCH>"
PPL_2662C043DE9E,<PATCH> E01 L010 <OLD> Friday 13th ke liye </OLD> <NEW> office saaf karne ke liye </NEW> </PATCH> <PATCH> E03 L010 <OLD> car par state inspection karane </OLD> <NEW> office saaf karne </NEW> </PATCH> <PATCH> E04 L013 <OLD> har 8 ghante mei </OLD> <NEW> Har Thursday </NEW> </PATCH>
PPL_9EAF001CCD3F,<PATCH> E02 L052 <OLD> route 1 </OLD> <NEW> Bay ridge </NEW> </PATCH> <PATCH> E04 L025 <OLD> 60 minute me </OLD> <NEW> aaj raat </NEW> </PATCH>
PPL_4D953FD195E5,<PATCH> E01 L025 <OLD> Friday ko 13th par </OLD> <NEW> agle saal ke dauran </NEW> </PATCH>
PPL_7037B0E72E33,<PATCH> E01 L003 <OLD> Koz </OLD> <NEW> mere </NEW> </PATCH> <PATCH> E02 L047 <OLD> teen </OLD> <NEW> sarey </NEW> </PATCH> <PATCH> E04 L025 <OLD> agle Friday 6 pm ko </OLD> <NEW> saturday ke liye </NEW> </PATCH>
PPL_69DC40139A5C,<PATCH> E04 L025 <OLD> is agle couple of weeks </OLD> <NEW> agle week </NEW> </PATCH>
PPL_A158A3DE4A9B,<PATCH> E01 L052 <OLD> North Yorkshire </OLD> <NEW> HEMET CALIFORNIA </NEW> </PATCH> <PATCH> E03 L025 <OLD> 18th August 4 PM ko EST </OLD> <NEW> is weekend </NEW> </PATCH>
PPL_6712CD5F4C48,<PATCH> E01 L003 <OLD> David </OLD> <NEW> mere agle Monday ke liye </NEW> </PATCH> <PATCH> E02 L025 <OLD> Pehle </OLD> <NEW> agle Monday ke liye </NEW> </PATCH> <PATCH> E03 L025 <OLD> jason from AM </OLD> <NEW> agle Monday ke liye </NEW> </PATCH>
PPL_C5738052DAC4,<PATCH> E02 L052 <OLD> Central florida </OLD> <NEW> wilmington </NEW> </PATCH> <PATCH> E04 L025 <OLD> pichle summer </OLD> <NEW> new year ki eve par </NEW> </PATCH>
PPL_5A0D56E8BE67,<PATCH> E01 L025 <OLD> abhi se fifteen minutes ke liye </OLD> <NEW> aaj </NEW> </PATCH> <PATCH> E02 L045 <OLD> tsunami </OLD> <NEW> winter jacket </NEW> </PATCH> <PATCH> E04 L045 <OLD> thermal underwear </OLD> <NEW> winter jacket </NEW> </PATCH>
PPL_33E81451A76D,<PATCH> E01 L010 <OLD> mere smoke alarm par batteries badalne karne </OLD> <NEW> mom ke liye tickets kharidne wala </NEW> </PATCH> <PATCH> E04 L010 <OLD> for February 8th Benny ke music lessons </OLD> <NEW> kal 4 baje mom ke liye tickets kharidne wala </NEW> </PATCH>
PPL_8E3E8BC792EA,<PATCH> E03 L052 <OLD> El paso </OLD> <NEW> Syracuse </NEW> </PATCH> <PATCH> E04 L025 <OLD> Thursday aur Friday ko 6 : 00 pm ke liye </OLD> <NEW> aaj raat </NEW> </PATCH>
PPL_9BB7C6DEEB9C,<PATCH> E02 L025 <OLD> 1 am </OLD> <NEW> aaj dopahar </NEW> </PATCH> <PATCH> E03 L025 <OLD> 9 : 30 PM ko </OLD> <NEW> aaj dopahar </NEW> </PATCH> <PATCH> E04 L045 <OLD> 87 </OLD> <NEW> rain </NEW> </PATCH>
PPL_A4825BA1E296,<PATCH> E01 L010 <OLD> apne danthon ko floss karne ke liye </OLD> <NEW> danthon ko floss karne </NEW> </PATCH> <PATCH> E02 L010 <OLD> meri Tupperware party ke liye </OLD> <NEW> danthon ko floss karne </NEW> </PATCH> <PATCH> E03 L003 <OLD> Darcy </OLD> <NEW> Mujhe </NEW> </PATCH> <PATCH> E04 L013 <OLD> har Friday night </OLD> <NEW> har din </NEW> </PATCH>
PPL_65CB43D88467,<PATCH> E01 L032 <OLD> wo running late hai </OLD> <NEW> Mujhe konsi game laani chahiye </NEW> </PATCH> <PATCH> E02 L002 <OLD> Crystal </OLD> <NEW> Chris </NEW> </PATCH> <PATCH> E04 L042 <OLD> inbox </OLD> <NEW> Messenger </NEW> </PATCH>
PPL_A4A146D94011,<PATCH> E01 L025 <OLD> is coming weekend </OLD> <NEW> New Year ke aas pas </NEW> </PATCH> <PATCH> E02 L025 <OLD> agley 5 minutes ke liye 30 seconds </OLD> <NEW> Fort Worth </NEW> </PATCH> <PATCH> E03 L052 <OLD> Jacksonville </OLD> <NEW> Fort Worth </NEW> </PATCH> <PATCH> E04 L025 <OLD> Boxing Day ke liye </OLD> <NEW> New Year ke aas pas </NEW> </PATCH>
PPL_BD36CE2A573A,<PATCH> E02 L003 <OLD> glee club </OLD> <NEW> muje </NEW> </PATCH> <PATCH> E04 L023 <OLD> Sunday afternoon </OLD> <NEW> kal </NEW> </PATCH>
PPL_90B2D235CAF6,<PATCH> E01 L032 <OLD> the address is 123 Main St . in downtown Clarkston </OLD> <NEW> the concert was cancelled </NEW> </PATCH> <PATCH> E04 L002 <OLD> Jemima </OLD> <NEW> lisa </NEW> </PATCH>
PPL_AEA7BBF79D6C,<PATCH> E01 L010 <OLD> softball game ke liye snacks lene </OLD> <NEW> mere dinner reservations </NEW> </PATCH> <PATCH> E04 L025 <OLD> agle 48 ghante me </OLD> <NEW> aaj raat </NEW> </PATCH>
PPL_CA543C9DD780,<PATCH> E01 L010 <OLD> Madison ke pehle football game attend karne ke liye </OLD> <NEW> field trip </NEW> </PATCH> <PATCH> E03 L025 <OLD> August 26th ko subah 6 baje </OLD> <NEW> Monday ko subah 10 baje </NEW> </PATCH> <PATCH> E04 L013 <OLD> har 3 minutes ke liye 15 minutes </OLD> <NEW> Monday ko subah 10 baje </NEW> </PATCH>
PPL_6DD2CB29D544,<PATCH> E01 L025 <OLD> agley mahine </OLD> <NEW> Saturday par </NEW> </PATCH> <PATCH> E03 L038 <OLD> extra layer </OLD> <NEW> snow </NEW> </PATCH>
PPL_5D533BF6C297,<PATCH> E01 L047 <OLD> Next </OLD> <NEW> last </NEW> </PATCH> <PATCH> E02 L003 <OLD> Zs </OLD> <NEW> mera </NEW> </PATCH> <PATCH> E04 L010 <OLD> leave for dinner </OLD> <NEW> Meri medical exam </NEW> </PATCH>
PPL_9846D4947F2D,<PATCH> E01 L048 <OLD> Time Out timer </OLD> <NEW> timer </NEW> </PATCH> <PATCH> E02 L048 <OLD> Countdown </OLD> <NEW> timer </NEW> </PATCH>
PPL_26EB1238D874,<PATCH> E03 L025 <OLD> 530 AM ke liye </OLD> <NEW> is weekend </NEW> </PATCH> <PATCH> E04 L008 <OLD> Salah salem street </OLD> <NEW> Madera </NEW> </PATCH>
PPL_4AC54A40A66A,<PATCH> E01 L025 <OLD> kal 4 PST ke liye </OLD> <NEW> abhi </NEW> </PATCH> <PATCH> E02 L003 <OLD> todd </OLD> <NEW> mujhe </NEW> </PATCH> <PATCH> E04 L010 <OLD> tooth crack kar diya hoon . mujhe subah me Dan </OLD> <NEW> lawn ko fertilize </NEW> </PATCH>
PPL_5953458A7F1E,<PATCH> E01 L025 <OLD> August 13th </OLD> <NEW> aaj </NEW> </PATCH> <PATCH> E03 L052 <OLD> Madison Heights </OLD> <NEW> thand </NEW> </PATCH> <PATCH> E04 L045 <OLD> winter boots </OLD> <NEW> thand </NEW> </PATCH>
PPL_E49C2DF9E85F,"<PATCH> E01 L052 <OLD> Kal Russias </OLD> <NEW> Kal columbus </NEW> </PATCH> <PATCH> E02 L025 <OLD> 31st August ke liye </OLD> <NEW> Kal </NEW> </PATCH> <PATCH> E04 L052 <OLD> Belmont , Maryland </OLD> <NEW> columbus </NEW> </PATCH>"
PPL_91D365D40465,<PATCH> E01 L004 <OLD> Song </OLD> <NEW> music </NEW> </PATCH> <PATCH> E02 L044 <OLD> metal </OLD> <NEW> classical </NEW> </PATCH>
PPL_A592FEA7B3D3,<PATCH> E01 L004 <OLD> indie rock catalog </OLD> <NEW> house music </NEW> </PATCH>
PPL_5F7508D4D150,"<PATCH> E01 L049 <OLD> Arkansas </OLD> <NEW> LA </NEW> </PATCH> <PATCH> E02 L019 <OLD> Newark New Jersey </OLD> <NEW> Las Vegas </NEW> </PATCH> <PATCH> E03 L019 <OLD> York , Pennsylvania </OLD> <NEW> Las Vegas </NEW> </PATCH> <PATCH> E04 L019 <OLD> Washington , DC </OLD> <NEW> Las Vegas </NEW> </PATCH>"
PPL_3EE5ED5CA49A,<PATCH> E01 L025 <OLD> August 28th ko 5 pm ko </OLD> <NEW> 2 pm ko </NEW> </PATCH> <PATCH> E02 L003 <OLD> Crystal </OLD> <NEW> mujhe </NEW> </PATCH> <PATCH> E03 L010 <OLD> Kendall 2 pm ko mere maa se milne ke liye </OLD> <NEW> mere maa se milne ke liye </NEW> </PATCH> <PATCH> E04 L010 <OLD> Dad ke brithday </OLD> <NEW> mere maa se milne ke liye </NEW> </PATCH>
PPL_B18314549DCE,<PATCH> E03 L048 <OLD> samai </OLD> <NEW> timer </NEW> </PATCH> <PATCH> E04 L048 <OLD> count down </OLD> <NEW> timer </NEW> </PATCH>
PPL_C95362127B88,<PATCH> E01 L032 <OLD> call Aunty Rose by two pm </OLD> <NEW> Sharika ko text karne ke liye ek baar ye message dekhne ke baad </NEW> </PATCH> <PATCH> E04 L002 <OLD> stacy </OLD> <NEW> Sharika </NEW> </PATCH>
PPL_746003D63CFB,"<PATCH> E02 L052 <OLD> Batavia , NY </OLD> <NEW> Esperance </NEW> </PATCH> <PATCH> E03 L025 <OLD> November 22nd ko </OLD> <NEW> next week </NEW> </PATCH> <PATCH> E04 L052 <OLD> SB county </OLD> <NEW> Esperance </NEW> </PATCH>"
PPL_10B3D6C129F1,<PATCH> E01 L010 <OLD> contacts kharidne ke liye </OLD> <NEW> union dues pay karne karne ke liye har mahine shuruaat ke liye </NEW> </PATCH> <PATCH> E03 L013 <OLD> har mahine shuruaat ke liye </OLD> <NEW> har mahine shuruaat ke liye </NEW> </PATCH> <PATCH> E04 L010 <OLD> recurring </OLD> <NEW> union dues pay karne karne ke liye har mahine shuruaat ke liye </NEW> </PATCH>
PPL_80080A168EE4,<PATCH> E01 L025 <OLD> kal sham 7 : 00 bajhe </OLD> <NEW> kal subha </NEW> </PATCH> <PATCH> E04 L052 <OLD> Route 100 </OLD> <NEW> Amsterdam </NEW> </PATCH>
PPL_0001A1A33D5F,<PATCH> E02 L025 <OLD> kal 8 baje </OLD> <NEW> aj </NEW> </PATCH>
PPL_C358086500E5,<PATCH> E01 L048 <OLD> time out timer </OLD> <NEW> timer </NEW> </PATCH> <PATCH> E03 L025 <OLD> Wednesday dopahar 215 pm </OLD> <NEW> 30 mins ke liye </NEW> </PATCH>
PPL_5B0A8FE1C1B8,<PATCH> E01 L052 <OLD> Mongolia </OLD> <NEW> Denver </NEW> </PATCH> <PATCH> E02 L052 <OLD> Colorado springs </OLD> <NEW> Denver </NEW> </PATCH> <PATCH> E03 L025 <OLD> is thursday 5 . 55 aur 6 am ke liye </OLD> <NEW> Next weekend </NEW> </PATCH>
PPL_4D705A2D7247,<PATCH> E01 L045 <OLD> rainfall </OLD> <NEW> baarish </NEW> </PATCH> <PATCH> E02 L025 <OLD> 7 PM </OLD> <NEW> aaj </NEW> </PATCH> <PATCH> E03 L045 <OLD> RAINCOAT </OLD> <NEW> baarish </NEW> </PATCH>
PPL_5170874D5059,"<PATCH> E01 L048 <OLD> timer suspend </OLD> <NEW> timer </NEW> </PATCH> <PATCH> E04 L025 <OLD> for Thursday , 7 : 00 pm timer, </OLD> <NEW> three hours par </NEW> </PATCH>"
PPL_D186C053472E,<PATCH> E01 L045 <OLD> 45 </OLD> <NEW> dhoop </NEW> </PATCH> <PATCH> E03 L025 <OLD> Mondays subah 7 : 30 ke liye </OLD> <NEW> aj </NEW> </PATCH> <PATCH> E04 L025 <OLD> 7 minutes ka </OLD> <NEW> aj </NEW> </PATCH>
PPL_1D84BB59F0A9,<PATCH> E02 L048 <OLD> thirty minute </OLD> <NEW> timer </NEW> </PATCH> <PATCH> E03 L048 <OLD> buzzer </OLD> <NEW> timer </NEW> </PATCH>
PPL_F7CA6F844976,<PATCH> E01 L025 <OLD> work week </OLD> <NEW> aaj </NEW> </PATCH> <PATCH> E02 L045 <OLD> 12 </OLD> <NEW> raincoat </NEW> </PATCH> <PATCH> E03 L025 <OLD> fifteen minutes tak </OLD> <NEW> aaj </NEW> </PATCH> <PATCH> E04 L045 <OLD> clouds </OLD> <NEW> raincoat </NEW> </PATCH>
PPL_1038578ED43B,<PATCH> E04 L052 <OLD> Dopahar ke liye Granada Hills </OLD> <NEW> Aaj raat Manila </NEW> </PATCH>
PPL_FCBCE06574B9,<PATCH> E01 L052 <OLD> Iraq </OLD> <NEW> Dallas </NEW> </PATCH> <PATCH> E03 L045 <OLD> Montgomery </OLD> <NEW> Dallas </NEW> </PATCH> <PATCH> E04 L045 <OLD> bathing suit </OLD> <NEW> rainfall </NEW> </PATCH>
PPL_AB42B3CF4DCE,<PATCH> E03 L032 <OLD> agle hafte camp me girls will be at camp </OLD> <NEW> wo abhi bhi Garth Brooks concert jaana chahti hai </NEW> </PATCH> <PATCH> E04 L002 <OLD> jerry </OLD> <NEW> Jen </NEW> </PATCH>
PPL_E91C45ABC11E,<PATCH> E02 L025 <OLD> abhi se 40 minutes ke liye </OLD> <NEW> is haftey </NEW> </PATCH> <PATCH> E03 L025 <OLD> Friday ko 3 PM ko </OLD> <NEW> is haftey </NEW> </PATCH>
PPL_8E2378C92E95,<PATCH> E01 L024 <OLD> broadway plays </OLD> <NEW> food tasting events </NEW> </PATCH> <PATCH> E02 L052 <OLD> Pleasant Hill </OLD> <NEW> Provo </NEW> </PATCH> <PATCH> E03 L024 <OLD> dinner meeting </OLD> <NEW> food tasting events </NEW> </PATCH> <PATCH> E04 L052 <OLD> great southern </OLD> <NEW> Provo </NEW> </PATCH>
PPL_D60B84B7A271,<PATCH> E02 L052 <OLD> pleasant hill </OLD> <NEW> NYC </NEW> </PATCH>
PPL_2BA1FE0ED4E5,<PATCH> E01 L048 <OLD> Stopwatch </OLD> <NEW> count </NEW> </PATCH> <PATCH> E03 L025 <OLD> Friday 2 PM ko </OLD> <NEW> 10 second </NEW> </PATCH>
PPL_0482BC0E7BBB,<PATCH> E02 L048 <OLD> stopwatch timer </OLD> <NEW> countdown </NEW> </PATCH> <PATCH> E04 L025 <OLD> last month ke liye </OLD> <NEW> May 30th </NEW> </PATCH>
PPL_9F11C99430FB,<PATCH> E01 L052 <OLD> Gresham </OLD> <NEW> Biloxi </NEW> </PATCH> <PATCH> E02 L025 <OLD> kal sham 5 baje tak </OLD> <NEW> aaj raat </NEW> </PATCH> <PATCH> E03 L052 <OLD> Play del carmen </OLD> <NEW> Biloxi </NEW> </PATCH> <PATCH> E04 L052 <OLD> Hilton head </OLD> <NEW> Biloxi </NEW> </PATCH>
PPL_7C80D655F992,<PATCH> E01 L048 <OLD> in two weeks </OLD> <NEW> 15 minutes </NEW> </PATCH> <PATCH> E02 L048 <OLD> timeout </OLD> <NEW> timer </NEW> </PATCH>
PPL_10CBFD7CA0D9,<PATCH> E02 L025 <OLD> Friday ko 3 PM ko </OLD> <NEW> is week </NEW> </PATCH> <PATCH> E03 L022 <OLD> walking distance me </OLD> <NEW> aas pas </NEW> </PATCH> <PATCH> E04 L046 <OLD> Openings of new </OLD> <NEW> fishing </NEW> </PATCH>
PPL_65870D2D26CE,<PATCH> E01 L025 <OLD> september se </OLD> <NEW> kal </NEW> </PATCH> <PATCH> E02 L045 <OLD> rain shield </OLD> <NEW> baarish </NEW> </PATCH>
PPL_3EF230832EFE,<PATCH> E02 L025 <OLD> 8 . 30 am aur 4 pm ke liye </OLD> <NEW> 10 minute </NEW> </PATCH> <PATCH> E03 L048 <OLD> time out </OLD> <NEW> timer </NEW> </PATCH> <PATCH> E04 L025 <OLD> Subha 5 baje ke liye </OLD> <NEW> 10 minute </NEW> </PATCH>
PPL_CAEFA248140C,<PATCH> E02 L045 <OLD> sham 4 : 30 bajhe 60 </OLD> <NEW> umbrella </NEW> </PATCH> <PATCH> E03 L045 <OLD> wind gusts </OLD> <NEW> umbrella </NEW> </PATCH> <PATCH> E04 L045 <OLD> San Diego </OLD> <NEW> umbrella </NEW> </PATCH>
PPL_07465B08DA12,<PATCH> E03 L010 <OLD> start baking the cake </OLD> <NEW> bacchon ko daycare par nahi bhoolne ke liye har panch din shaam 6 baje ka </NEW> </PATCH> <PATCH> E04 L013 <OLD> har panch din shaam 6 baje </OLD> <NEW> har saturday ke liye Saturday par </NEW> </PATCH>
PPL_3D8687A503AF,<PATCH> E02 L045 <OLD> tsunami </OLD> <NEW> garmi </NEW> </PATCH> <PATCH> E03 L025 <OLD> agley haftey ko Monday Wednesday aur Friday ko </OLD> <NEW> Kal </NEW> </PATCH> <PATCH> E04 L045 <OLD> freezing se neeche </OLD> <NEW> garmi </NEW> </PATCH>
PPL_0C1D8C9790B7,<PATCH> E01 L010 <OLD> staff members ki taraf se </OLD> <NEW> mere </NEW> </PATCH> <PATCH> E04 L025 <OLD> 5 pm ko </OLD> <NEW> Is hafte ke liye </NEW> </PATCH>
PPL_720C43BB9652,<PATCH> E01 L025 <OLD> on August 6th </OLD> <NEW> 5 minute ke liye </NEW> </PATCH> <PATCH> E03 L048 <OLD> timeout den jo 5 minute ke liye </OLD> <NEW> timer </NEW> </PATCH>
PPL_3DB268C35D17,<PATCH> E01 L019 <OLD> Sacramento </OLD> <NEW> Traverse City </NEW> </PATCH> <PATCH> E02 L019 <OLD> Beverly Hills </OLD> <NEW> Traverse City </NEW> </PATCH> <PATCH> E03 L019 <OLD> hudson wi </OLD> <NEW> Louisville </NEW> </PATCH> <PATCH> E04 L019 <OLD> westbrook </OLD> <NEW> Traverse City </NEW> </PATCH>
PPL_16130DCDAA16,<PATCH> E01 L025 <OLD> 9 am tak </OLD> <NEW> 10 min </NEW> </PATCH> <PATCH> E03 L048 <OLD> buzzer </OLD> <NEW> timer </NEW> </PATCH> <PATCH> E04 L048 <OLD> timeout timer </OLD> <NEW> timer </NEW> </PATCH>
PPL_D45565FFBB82,<PATCH> E01 L010 <OLD> Elena ke sleepover ke liye </OLD> <NEW> meri mom aane wali hai </NEW> </PATCH> <PATCH> E02 L023 <OLD> Friday ko 10 pm aur 1 am ke liye </OLD> <NEW> kal subah 8:00 bajhe </NEW> </PATCH> <PATCH> E03 L010 <OLD> meri mom aane wali hai </OLD> <NEW> oil change appointment kal subah 8:00 bajhe </NEW> </PATCH>
PPL_A0B46DF80230,"<PATCH> E01 L025 <OLD> Kevin September 1 , 2018 </OLD> <NEW> tuesday ko dopahar 2 baje </NEW> </PATCH> <PATCH> E03 L010 <OLD> brownies nikaal den ke liye </OLD> <NEW> kids dentist appointment visit karne ke liye </NEW> </PATCH> <PATCH> E04 L010 <OLD> shopping times </OLD> <NEW> kids dentist appointment visit karne ke liye </NEW> </PATCH>"
PPL_C263767C803A,"<PATCH> E01 L045 <OLD> zero </OLD> <NEW> barf </NEW> </PATCH> <PATCH> E02 L052 <OLD> Ferndale MI </OLD> <NEW> Juneau </NEW> </PATCH> <PATCH> E03 L052 <OLD> Aberdeen , Scotland </OLD> <NEW> Juneau </NEW> </PATCH> <PATCH> E04 L045 <OLD> UV level high </OLD> <NEW> barf </NEW> </PATCH>"
PPL_2DF07AB8BC85,<PATCH> E02 L025 <OLD> for 12 pm today </OLD> <NEW> Is haftey </NEW> </PATCH> <PATCH> E03 L025 <OLD> Saturday tak </OLD> <NEW> Is haftey </NEW> </PATCH> <PATCH> E04 L045 <OLD> garam </OLD> <NEW> barish </NEW> </PATCH>
PPL_FE2110158EB0,<PATCH> E01 L032 <OLD> have you left </OLD> <NEW> I ' m running a bit late </NEW> </PATCH> <PATCH> E02 L032 <OLD> mai lagbhag 15 min der se pahuchunga </OLD> <NEW> I ' m running a bit late </NEW> </PATCH> <PATCH> E04 L002 <OLD> Manda </OLD> <NEW> Erica </NEW> </PATCH>
PPL_2C5EF683CD17,<PATCH> E01 L055 <OLD> walk </OLD> <NEW> driving </NEW> </PATCH> <PATCH> E02 L049 <OLD> Londrina </OLD> <NEW> LA </NEW> </PATCH> <PATCH> E04 L019 <OLD> Raleigh </OLD> <NEW> san diego </NEW> </PATCH>
PPL_693EA7EA3FD2,<PATCH> E02 L025 <OLD> thursday subha ke liye </OLD> <NEW> friday ke liye </NEW> </PATCH> <PATCH> E03 L010 <OLD> church attend karne </OLD> <NEW> dentist </NEW> </PATCH> <PATCH> E04 L010 <OLD> Sean ke brithday </OLD> <NEW> dentist </NEW> </PATCH>
PPL_B565D0C3BC1A,<PATCH> E03 L025 <OLD> december ke mahine me ko 2 </OLD> <NEW> kal </NEW> </PATCH>
PPL_965C2D5AA59D,<PATCH> E01 L025 <OLD> 9 : 30 PM ko </OLD> <NEW> aaj </NEW> </PATCH> <PATCH> E02 L045 <OLD> wet </OLD> <NEW> baarish </NEW> </PATCH>
PPL_4821A9BD2D80,<PATCH> E01 L025 <OLD> Wednesday subah 7 : 30 bajhe ke liye </OLD> <NEW> 15 seconds ke liye </NEW> </PATCH> <PATCH> E04 L048 <OLD> resume </OLD> <NEW> time </NEW> </PATCH>
PPL_D58F007CF90F,<PATCH> E01 L002 <OLD> Kevin </OLD> <NEW> Catherine </NEW> </PATCH> <PATCH> E02 L032 <OLD> provide me his new telephone number </OLD> <NEW> birthday party ka time kya hai </NEW> </PATCH> <PATCH> E04 L032 <OLD> I ’ m on my way to the game </OLD> <NEW> Catherine ko message bhejkar use bolo ki uski birthday party ka time kya hai </NEW> </PATCH>
PPL_F5A0ED11469A,<PATCH> E01 L010 <OLD> the Thursday morning at 10 ' s </OLD> <NEW> accounting department mei meeting </NEW> </PATCH> <PATCH> E02 L010 <OLD> fitness class </OLD> <NEW> accounting department mei meeting </NEW> </PATCH> <PATCH> E03 L010 <OLD> check karne ke liye </OLD> <NEW> accounting department mei meeting </NEW> </PATCH>
PPL_65F65AD34085,<PATCH> E01 L025 <OLD> har saal </OLD> <NEW> Kal subah 9 baje </NEW> </PATCH> <PATCH> E02 L010 <OLD> mai gorgeous hoon </OLD> <NEW> doctor ki appointment ke baare me muje </NEW> </PATCH> <PATCH> E04 L010 <OLD> family </OLD> <NEW> doctor ki appointment </NEW> </PATCH>
PPL_ABEF87E817F9,<PATCH> E02 L004 <OLD> artist </OLD> <NEW> music </NEW> </PATCH> <PATCH> E03 L004 <OLD> duets </OLD> <NEW> music </NEW> </PATCH>
PPL_054FE1F26775,<PATCH> E03 L052 <OLD> Kathmandu </OLD> <NEW> Chicago </NEW> </PATCH> <PATCH> E04 L024 <OLD> Monster truck shows </OLD> <NEW> live music </NEW> </PATCH>
PPL_DD7EB9A3DD73,<PATCH> E02 L024 <OLD> Rap concerts </OLD> <NEW> San Francisco ki Mystery dinner </NEW> </PATCH> <PATCH> E03 L025 <OLD> kal subha 7 : 30 baje </OLD> <NEW> December </NEW> </PATCH> <PATCH> E04 L033 <OLD> galveston </OLD> <NEW> San Francisco </NEW> </PATCH>
PPL_C0A6CCD5B677,"<PATCH> E03 L025 <OLD> december , 2019 ke liye </OLD> <NEW> Is sunday </NEW> </PATCH> <PATCH> E04 L052 <OLD> Long Island New York </OLD> <NEW> Pittsburgh </NEW> </PATCH>"
PPL_0FDD66F79D0A,<PATCH> E01 L048 <OLD> counter </OLD> <NEW> timer </NEW> </PATCH> <PATCH> E02 L025 <OLD> Monday subha 9 : 00 baje ke liye </OLD> <NEW> 6 minutes </NEW> </PATCH> <PATCH> E03 L025 <OLD> kal sham 5 bajhe ke liye </OLD> <NEW> 6 minutes </NEW> </PATCH>
PPL_8FAB0F1DCFF9,<PATCH> E01 L025 <OLD> 25 minutes ke baad </OLD> <NEW> 5 minutes ke baad </NEW> </PATCH> <PATCH> E03 L025 <OLD> to 8 in the evening </OLD> <NEW> 5 minutes </NEW> </PATCH> <PATCH> E04 L048 <OLD> count down </OLD> <NEW> timer </NEW> </PATCH>
PPL_5E65C06CC916,<PATCH> E01 L052 <OLD> South Australia </OLD> <NEW> US </NEW> </PATCH> <PATCH> E02 L045 <OLD> Tide </OLD> <NEW> garm </NEW> </PATCH> <PATCH> E03 L025 <OLD> six P . M </OLD> <NEW> aaj </NEW> </PATCH>
PPL_E1AFC6E71DE5,<PATCH> E02 L008 <OLD> texas motor speedway </OLD> <NEW> New York City </NEW> </PATCH> <PATCH> E03 L046 <OLD> support groups </OLD> <NEW> theatre </NEW> </PATCH>
PPL_C8B9D9511243,<PATCH> E03 L048 <OLD> stopwatch mei </OLD> <NEW> timer </NEW> </PATCH> <PATCH> E04 L025 <OLD> kal Friday subah 9 bajhe ke liye </OLD> <NEW> 30 minutes </NEW> </PATCH>
PPL_CFC770F44DCD,<PATCH> E02 L019 <OLD> Crystal Bridges </OLD> <NEW> LA </NEW> </PATCH> <PATCH> E03 L049 <OLD> El Paso </OLD> <NEW> NY </NEW> </PATCH>
PPL_BC855EE0F854,"<PATCH> E01 L025 <OLD> 7 a . m tak </OLD> <NEW> 5 minute ke liye </NEW> </PATCH> <PATCH> E02 L048 <OLD> timer, </OLD> <NEW> timer </NEW> </PATCH> <PATCH> E03 L048 <OLD> resume </OLD> <NEW> timer </NEW> </PATCH> <PATCH> E04 L048 <OLD> countdown timer </OLD> <NEW> timer </NEW> </PATCH>"
PPL_4E31A2F1BAFA,<PATCH> E01 L025 <OLD> Thursday aur Friday ko 6 : 00 pm ke liye </OLD> <NEW> Is dopahar </NEW> </PATCH> <PATCH> E02 L025 <OLD> 3 pm aur 4 pm ke liye </OLD> <NEW> Is dopahar </NEW> </PATCH> <PATCH> E03 L045 <OLD> rain </OLD> <NEW> baarish </NEW> </PATCH> <PATCH> E04 L045 <OLD> swimming costume </OLD> <NEW> baarish </NEW> </PATCH>
PPL_4CAC21EE497E,<PATCH> E02 L004 <OLD> EP </OLD> <NEW> music </NEW> </PATCH> <PATCH> E03 L044 <OLD> countries </OLD> <NEW> 80 </NEW> </PATCH> <PATCH> E04 L004 <OLD> classics </OLD> <NEW> music </NEW> </PATCH>
PPL_F0B2056B98B6,<PATCH> E04 L048 <OLD> samay </OLD> <NEW> timer </NEW> </PATCH>
PPL_E888F5BBC404,<PATCH> E01 L010 <OLD> shoes pick karne </OLD> <NEW> kachara bahar nikalne </NEW> </PATCH> <PATCH> E03 L010 <OLD> Lindsay </OLD> <NEW> Muje </NEW> </PATCH> <PATCH> E04 L025 <OLD> ek din pehle </OLD> <NEW> aaj raat </NEW> </PATCH>
PPL_B9B70FADFFF4,<PATCH> E01 L025 <OLD> kal sham 4 : 45 ke liye </OLD> <NEW> is weekend </NEW> </PATCH> <PATCH> E03 L052 <OLD> Holly wood Fl </OLD> <NEW> Boulder </NEW> </PATCH>
PPL_D6997E544A0B,<PATCH> E02 L002 <OLD> mel </OLD> <NEW> mujhe </NEW> </PATCH>
PPL_26C0C648B2CD,<PATCH> E01 L045 <OLD> Precipitation </OLD> <NEW> barish </NEW> </PATCH> <PATCH> E04 L025 <OLD> kal 8 bajhe ke liye kitni 98 </OLD> <NEW> sunday </NEW> </PATCH>
PPL_15A473EA05CB,<PATCH> E03 L003 <OLD> Patty </OLD> <NEW> mujhe </NEW> </PATCH> <PATCH> E04 L010 <OLD> store meeting </OLD> <NEW> mujhe appointment </NEW> </PATCH>
PPL_8F51D25802E5,<PATCH> E01 L025 <OLD> agley teen din 7 p . m ke liye </OLD> <NEW> agley mahine </NEW> </PATCH> <PATCH> E03 L008 <OLD> South Shore </OLD> <NEW> Harvard Square </NEW> </PATCH> <PATCH> E04 L052 <OLD> Domenigoni pkwy </OLD> <NEW> Harvard Square </NEW> </PATCH>
PPL_3B7A240E0A30,<PATCH> E01 L032 <OLD> Cunningham park mei oor the summer </OLD> <NEW> mai 10 minutes late hu </NEW> </PATCH> <PATCH> E02 L002 <OLD> DERRICK </OLD> <NEW> laurie </NEW> </PATCH>
PPL_C9BE23180423,<PATCH> E02 L025 <OLD> Sundays ko subah 9 bajhe me </OLD> <NEW> next weekend </NEW> </PATCH> <PATCH> E04 L008 <OLD> san Mateo </OLD> <NEW> Atlanta </NEW> </PATCH>
PPL_85860D3F605A,<PATCH> E01 L025 <OLD> for 11 : 59 pm on the 12th of May </OLD> <NEW> 10 minutes me </NEW> </PATCH> <PATCH> E02 L003 <OLD> art club </OLD> <NEW> Mujhe </NEW> </PATCH> <PATCH> E03 L010 <OLD> trampoline par jaane ke liye </OLD> <NEW> Mujhe 10 minutes me dinner oven me rakhne </NEW> </PATCH> <PATCH> E04 L010 <OLD> dinner oven me rakhne </OLD> <NEW> Mujhe 10 minutes me trampoline par jaane ke liye </NEW> </PATCH>
PPL_2B11B36F5CCF,<PATCH> E02 L024 <OLD> trivia nights </OLD> <NEW> sports </NEW> </PATCH> <PATCH> E03 L024 <OLD> bingo games </OLD> <NEW> sports </NEW> </PATCH> <PATCH> E04 L025 <OLD> is evening 10 pm ke liye </OLD> <NEW> Is weekend </NEW> </PATCH>
PPL_7DB7C4E6BD40,<PATCH> E01 L010 <OLD> Karla ki dental appointment </OLD> <NEW> mujhe Stu ke shirt par se daag nikaalne ke liye </NEW> </PATCH> <PATCH> E02 L025 <OLD> August 21st ke liye </OLD> <NEW> Next Tuesday se pehle </NEW> </PATCH> <PATCH> E04 L010 <OLD> cheerleading </OLD> <NEW> mujhe Stu ke shirt </NEW> </PATCH>
PPL_C5EF048E4D52,<PATCH> E01 L025 <OLD> 1 aur half hours </OLD> <NEW> next weekend ke liye </NEW> </PATCH> <PATCH> E02 L025 <OLD> winter </OLD> <NEW> next weekend ke liye </NEW> </PATCH> <PATCH> E03 L052 <OLD> juneau </OLD> <NEW> Savannah Georgia </NEW> </PATCH> <PATCH> E04 L008 <OLD> Popp ' s Ferry Bridge </OLD> <NEW> Savannah Georgia </NEW> </PATCH>
PPL_128CA99F5F0E,<PATCH> E01 L025 <OLD> 3 . 00pm me </OLD> <NEW> 6 : 00 pm </NEW> </PATCH>
PPL_C8B17567C721,<PATCH> E01 L025 <OLD> abhi se 40 minutes ke liye </OLD> <NEW> shaam 6 baje </NEW> </PATCH> <PATCH> E02 L010 <OLD> blood sugar ko check karne ke liye </OLD> <NEW> baby shower dene ke liye </NEW> </PATCH> <PATCH> E04 L025 <OLD> 5 minutes ke bad </OLD> <NEW> shaam 6 baje </NEW> </PATCH>
PPL_F80C05A4C175,<PATCH> E01 L003 <OLD> mere co - workers </OLD> <NEW> mere </NEW> </PATCH> <PATCH> E03 L025 <OLD> 21st June ko subha 7 baje ke liye </OLD> <NEW> kal ke </NEW> </PATCH>
PPL_FEC599449ECD,<PATCH> E01 L025 <OLD> is tuesday ke liye </OLD> <NEW> aaj raat 10 baje </NEW> </PATCH> <PATCH> E02 L003 <OLD> gold volleyball </OLD> <NEW> mujhe </NEW> </PATCH> <PATCH> E03 L010 <OLD> dr ke paas jane ke liye </OLD> <NEW> kachra baahar nikalne </NEW> </PATCH>
PPL_205B07136EA4,<PATCH> E02 L025 <OLD> 3 hours ke liye </OLD> <NEW> 9 pm ko </NEW> </PATCH> <PATCH> E04 L010 <OLD> flag football team </OLD> <NEW> mujhe </NEW> </PATCH>
PPL_A2E818760C52,<PATCH> E03 L010 <OLD> kaam ke baad milk laane ke liye </OLD> <NEW> car mein oil check karne ke liye </NEW> </PATCH> <PATCH> E04 L013 <OLD> har SUNDAY pm </OLD> <NEW> har tuesday </NEW> </PATCH>
PPL_8F3F70CC70E3,<PATCH> E01 L003 <OLD> Brad </OLD> <NEW> Dunkin </NEW> </PATCH> <PATCH> E03 L010 <OLD> dog ko uska medicine dene ke liye </OLD> <NEW> Dry cleaning ko pick karne ke liye ke liye </NEW> </PATCH> <PATCH> E04 L025 <OLD> kal subha 4 : 45 ke liye </OLD> <NEW> aj sham 7 bajhe se pehle </NEW> </PATCH>
PPL_C9FAB1B98FD8,<PATCH> E03 L045 <OLD> gloomy </OLD> <NEW> icy ye evening </NEW> </PATCH> <PATCH> E04 L025 <OLD> subah 7 : 00 bajhe ko </OLD> <NEW> icy ye evening </NEW> </PATCH>
PPL_559BE047F3CF,<PATCH> E01 L045 <OLD> 50 % chance </OLD> <NEW> barf </NEW> </PATCH> <PATCH> E02 L025 <OLD> 8 . 30 am aur 4 pm ke liye </OLD> <NEW> is weekend </NEW> </PATCH>
PPL_E4FF5ABBEEF0,<PATCH> E02 L025 <OLD> agle Tuesday subah 9 bajhe ke liye </OLD> <NEW> 15 minute </NEW> </PATCH> <PATCH> E04 L025 <OLD> 11th June ko </OLD> <NEW> 15 minute </NEW> </PATCH>
PPL_01E150868AB2,<PATCH> E02 L003 <OLD> Mike </OLD> <NEW> mujhe </NEW> </PATCH> <PATCH> E03 L010 <OLD> baby shower </OLD> <NEW> mujhe costco coupons expire hone wale hai </NEW> </PATCH>
PPL_20FA11A3D61E,<PATCH> E01 L052 <OLD> east England </OLD> <NEW> Sacramento </NEW> </PATCH> <PATCH> E02 L024 <OLD> Pizza festival </OLD> <NEW> Culture events </NEW> </PATCH> <PATCH> E04 L025 <OLD> Subha 6 : 00 baje ke liye </OLD> <NEW> Aj </NEW> </PATCH>
PPL_904A438BE40B,<PATCH> E01 L025 <OLD> February dopahar ko </OLD> <NEW> is weekend </NEW> </PATCH> <PATCH> E04 L045 <OLD> snowies </OLD> <NEW> barf </NEW> </PATCH>
PPL_0874D9B0F559,<PATCH> E01 L042 <OLD> FaceTime </OLD> <NEW> Messenger </NEW> </PATCH> <PATCH> E02 L002 <OLD> Amory </OLD> <NEW> Shruthi K Vijayan </NEW> </PATCH>
PPL_0E062521EAEB,<PATCH> E01 L003 <OLD> Asia </OLD> <NEW> Mujhe </NEW> </PATCH> <PATCH> E02 L023 <OLD> 30 mins ke liye </OLD> <NEW> tomorrow morning </NEW> </PATCH>
PPL_DFB07510ADE2,<PATCH> E01 L025 <OLD> May 7th to 10th </OLD> <NEW> Aaj </NEW> </PATCH> <PATCH> E02 L045 <OLD> windows </OLD> <NEW> baarish </NEW> </PATCH> <PATCH> E04 L025 <OLD> Monday aur Tuesday ke liye </OLD> <NEW> Aaj </NEW> </PATCH>
PPL_0963F4CB423A,<PATCH> E03 L025 <OLD> 5th May subah 7 baje ke liye </OLD> <NEW> Aaj raat </NEW> </PATCH>
PPL_EF8BB14E7C18,<PATCH> E02 L010 <OLD> meri mom ko gift bhejne ke liye </OLD> <NEW> birthday </NEW> </PATCH> <PATCH> E03 L057 <OLD> fifth </OLD> <NEW> next </NEW> </PATCH> <PATCH> E04 L003 <OLD> the Bible Study </OLD> <NEW> Mera </NEW> </PATCH>
PPL_09B5B815A5E8,<PATCH> E01 L025 <OLD> Saturday 6th at noon </OLD> <NEW> 8 am </NEW> </PATCH> <PATCH> E02 L025 <OLD> Saturday ko 10th dopahar ko </OLD> <NEW> 8 am </NEW> </PATCH> <PATCH> E03 L003 <OLD> JOE </OLD> <NEW> mere </NEW> </PATCH>
PPL_333FF893FD19,<PATCH> E01 L033 <OLD> Nutcracker Ballet </OLD> <NEW> Free admission </NEW> </PATCH> <PATCH> E03 L026 <OLD> Wyoming </OLD> <NEW> New York </NEW> </PATCH> <PATCH> E04 L024 <OLD> teenagers </OLD> <NEW> Free admission </NEW> </PATCH>
PPL_4ED3182268B7,<PATCH> E03 L025 <OLD> kal dopahar 5 aur 6 baje </OLD> <NEW> New Years par </NEW> </PATCH>
PPL_3C6BCE8DFB6E,<PATCH> E01 L045 <OLD> RAINBOOTS </OLD> <NEW> barish </NEW> </PATCH> <PATCH> E02 L052 <OLD> Clemson </OLD> <NEW> New Albany </NEW> </PATCH> <PATCH> E03 L052 <OLD> Salah salem street </OLD> <NEW> New Albany </NEW> </PATCH>
PPL_B78E2A3396E9,<PATCH> E03 L025 <OLD> daylight savings time se pehle </OLD> <NEW> wednesday nights </NEW> </PATCH> <PATCH> E04 L025 <OLD> kal subha 7 : 30 baje </OLD> <NEW> wednesday nights </NEW> </PATCH>
PPL_4794B2EBF55F,<PATCH> E04 L025 <OLD> evenings me </OLD> <NEW> kal </NEW> </PATCH>
PPL_C0854364FC0E,<PATCH> E01 L025 <OLD> for Monday at noon </OLD> <NEW> aaj raat aane ke liye </NEW> </PATCH> <PATCH> E02 L003 <OLD> pal </OLD> <NEW> Linda </NEW> </PATCH> <PATCH> E03 L023 <OLD> September birthday cards se shaam 6 baje </OLD> <NEW> shaam 6 baje </NEW> </PATCH>
PPL_006FDFC2616E,<PATCH> E01 L045 <OLD> umbrellas </OLD> <NEW> baarish </NEW> </PATCH> <PATCH> E03 L025 <OLD> Wednesday 16th dopahar 2 baje ke liye </OLD> <NEW> aaj </NEW> </PATCH> <PATCH> E04 L045 <OLD> rainjacket </OLD> <NEW> baarish </NEW> </PATCH>
PPL_84E14E71B15F,<PATCH> E02 L045 <OLD> boots </OLD> <NEW> baarish </NEW> </PATCH> <PATCH> E03 L052 <OLD> gulf </OLD> <NEW> Seattle </NEW> </PATCH> <PATCH> E04 L052 <OLD> Uriah </OLD> <NEW> Seattle </NEW> </PATCH>
PPL_448073A4CAFA,<PATCH> E01 L024 <OLD> the Play </OLD> <NEW> tree trimming parties </NEW> </PATCH> <PATCH> E04 L052 <OLD> H - 2 </OLD> <NEW> Atlanta </NEW> </PATCH>
PPL_8F3A8F9EFA21,<PATCH> E02 L045 <OLD> UV index </OLD> <NEW> thand </NEW> </PATCH> <PATCH> E04 L045 <OLD> aandhi aur lightening </OLD> <NEW> thand </NEW> </PATCH>
PPL_090E363DB9A6,<PATCH> E01 L018 <OLD> khatam karne </OLD> <NEW> before noon on Friday? ke liye </NEW> </PATCH> <PATCH> E02 L023 <OLD> christmas break ke doraan </OLD> <NEW> before noon on Friday? ke liye </NEW> </PATCH> <PATCH> E04 L010 <OLD> Class Reunion planning paas dopahar 2 baje se ke liye </OLD> <NEW> mere paas before noon on Friday? </NEW> </PATCH>
PPL_1B657C1C761E,<PATCH> E01 L002 <OLD> Ginny </OLD> <NEW> anita </NEW> </PATCH> <PATCH> E02 L032 <OLD> are you free tonight </OLD> <NEW> mai carnival ke liye jaldi pahunch jaonga </NEW> </PATCH> <PATCH> E03 L032 <OLD> Mark Lundberg </OLD> <NEW> mai carnival ke liye jaldi pahunch jaonga </NEW> </PATCH> <PATCH> E04 L032 <OLD> hamne page twenty three complete kar diya. </OLD> <NEW> mai carnival ke liye jaldi pahunch jaonga </NEW> </PATCH>
PPL_1A7D8AA6DAF9,<PATCH> E01 L044 <OLD> psychedelic rock </OLD> <NEW> rap </NEW> </PATCH> <PATCH> E02 L044 <OLD> spooky </OLD> <NEW> rap </NEW> </PATCH> <PATCH> E03 L004 <OLD> EP </OLD> <NEW> songs </NEW> </PATCH> <PATCH> E04 L044 <OLD> hit rock </OLD> <NEW> rap </NEW> </PATCH>
PPL_59CA3C4757B8,<PATCH> E03 L045 <OLD> snow shoes </OLD> <NEW> 79 </NEW> </PATCH> <PATCH> E04 L052 <OLD> Merritt Island </OLD> <NEW> Menlo park </NEW> </PATCH>
PPL_559962CE1EDE,<PATCH> E02 L038 <OLD> highs </OLD> <NEW> coat </NEW> </PATCH> <PATCH> E03 L052 <OLD> El Dorado </OLD> <NEW> kaam </NEW> </PATCH> <PATCH> E04 L025 <OLD> May 20th ko </OLD> <NEW> aaj </NEW> </PATCH>
PPL_E44913148A26,<PATCH> E01 L024 <OLD> Train festival </OLD> <NEW> Arts and Crafts shows </NEW> </PATCH> <PATCH> E02 L025 <OLD> August 25 se pehle </OLD> <NEW> january </NEW> </PATCH> <PATCH> E03 L052 <OLD> 23N </OLD> <NEW> OKC </NEW> </PATCH>
PPL_03328ACC0E85,"<PATCH> E02 L049 <OLD> Apex se Nashville , TN </OLD> <NEW> Eugene, Oregon aur Redding California </NEW> </PATCH>"
PPL_ABA140FB5AEA,<PATCH> E02 L025 <OLD> har 3 minutes ke liye 15 minutes </OLD> <NEW> next weekend </NEW> </PATCH> <PATCH> E03 L052 <OLD> Sunnyvale </OLD> <NEW> Manchester </NEW> </PATCH> <PATCH> E04 L025 <OLD> upcoming week </OLD> <NEW> next weekend </NEW> </PATCH>
PPL_D85C0FE3DCBA,<PATCH> E01 L048 <OLD> stopwatch </OLD> <NEW> timer </NEW> </PATCH> <PATCH> E04 L025 <OLD> 20th august ko </OLD> <NEW> ek ghante ke liye </NEW> </PATCH>
PPL_467BE60355A7,<PATCH> E02 L010 <OLD> babysitter ko bolo ki mujhe agley haftey off hai </OLD> <NEW> Muje bottled water ko pick up </NEW> </PATCH> <PATCH> E03 L010 <OLD> Leigha </OLD> <NEW> Muje </NEW> </PATCH> <PATCH> E04 L003 <OLD> PTO </OLD> <NEW> Muje </NEW> </PATCH>
PPL_67D90A1309C0,<PATCH> E01 L045 <OLD> windchill </OLD> <NEW> thunderstorm </NEW> </PATCH> <PATCH> E03 L025 <OLD> last month ke liye </OLD> <NEW> kal </NEW> </PATCH> <PATCH> E04 L025 <OLD> 9 am aur 3 pm ko </OLD> <NEW> kal </NEW> </PATCH>
PPL_4EB639294342,<PATCH> E02 L025 <OLD> aaj subha 6 baje ke liye </OLD> <NEW> friday ke </NEW> </PATCH> <PATCH> E03 L003 <OLD> Frank </OLD> <NEW> mere </NEW> </PATCH>
PPL_128298AE91E4,<PATCH> E01 L049 <OLD> Newark </OLD> <NEW> Chicago </NEW> </PATCH> <PATCH> E03 L019 <OLD> McCall </OLD> <NEW> Peoria Illinois </NEW> </PATCH> <PATCH> E04 L019 <OLD> downtown houston </OLD> <NEW> Peoria Illinois </NEW> </PATCH>
PPL_7D3E21FE6B4C,<PATCH> E02 L004 <OLD> lists </OLD> <NEW> electronic music </NEW> </PATCH> <PATCH> E03 L012 <OLD> Sound Cloud </OLD> <NEW> Pandora </NEW> </PATCH> <PATCH> E04 L004 <OLD> tracks </OLD> <NEW> electronic music </NEW> </PATCH>
PPL_1133D1E6A159,<PATCH> E02 L049 <OLD> Harrisburg PA </OLD> <NEW> Columbus </NEW> </PATCH> <PATCH> E04 L019 <OLD> Livermore </OLD> <NEW> Detroit </NEW> </PATCH>
PPL_4C99C88141B3,<PATCH> E01 L025 <OLD> Saturday aur Sunday ko 2 pm </OLD> <NEW> is weekend </NEW> </PATCH> <PATCH> E02 L025 <OLD> kal Friday subah 9 bajhe ke liye </OLD> <NEW> is weekend </NEW> </PATCH> <PATCH> E03 L045 <OLD> lightning striking </OLD> <NEW> baarish </NEW> </PATCH> <PATCH> E04 L045 <OLD> air conditioning </OLD> <NEW> baarish </NEW> </PATCH>
PPL_89EB4C3F718C,<PATCH> E01 L002 <OLD> Mart í n </OLD> <NEW> jaclyn </NEW> </PATCH> <PATCH> E03 L032 <OLD> what time the soccer game starts on Sunday </OLD> <NEW> happy birthday </NEW> </PATCH> <PATCH> E04 L032 <OLD> how his hand is </OLD> <NEW> happy birthday </NEW> </PATCH>
PPL_D565E1A05EEF,<PATCH> E01 L002 <OLD> Debrah </OLD> <NEW> Alice </NEW> </PATCH> <PATCH> E02 L002 <OLD> Clara </OLD> <NEW> Alice </NEW> </PATCH> <PATCH> E03 L002 <OLD> Daniella </OLD> <NEW> Alice </NEW> </PATCH> <PATCH> E04 L032 <OLD> I am hungry </OLD> <NEW> retirement party </NEW> </PATCH>
PPL_9D8817250F21,<PATCH> E01 L007 <OLD> mediation ' s </OLD> <NEW> 90s grunge </NEW> </PATCH> <PATCH> E02 L007 <OLD> 1990 ke top 10 </OLD> <NEW> 90s grunge </NEW> </PATCH> <PATCH> E03 L004 <OLD> TRACKS </OLD> <NEW> playlist </NEW> </PATCH> <PATCH> E04 L004 <OLD> jam </OLD> <NEW> playlist </NEW> </PATCH>
PPL_F4AB5208C115,<PATCH> E01 L025 <OLD> first week in February </OLD> <NEW> Aaj </NEW> </PATCH> <PATCH> E03 L024 <OLD> beautiful harsh winter day </OLD> <NEW> pollen </NEW> </PATCH>
PPL_3A9FF3724B17,<PATCH> E01 L004 <OLD> SONGS </OLD> <NEW> music </NEW> </PATCH> <PATCH> E02 L011 <OLD> romance era </OLD> <NEW> country </NEW> </PATCH> <PATCH> E03 L004 <OLD> Station </OLD> <NEW> music </NEW> </PATCH> <PATCH> E04 L044 <OLD> old hip hop </OLD> <NEW> country </NEW> </PATCH>
PPL_2D114A1B7FB5,"<PATCH> E02 L052 <OLD> Deland </OLD> <NEW> Gatlinburg , Tennessee </NEW> </PATCH> <PATCH> E03 L025 <OLD> 11 am ke liye </OLD> <NEW> aas paas </NEW> </PATCH> <PATCH> E04 L052 <OLD> Westside </OLD> <NEW> Gatlinburg , Tennessee </NEW> </PATCH>"
PPL_3857D75E8413,<PATCH> E01 L044 <OLD> old rock classics </OLD> <NEW> classical music </NEW> </PATCH>
PPL_696D265BC605,<PATCH> E01 L019 <OLD> NY City </OLD> <NEW> Smithtown </NEW> </PATCH> <PATCH> E02 L019 <OLD> new jersey </OLD> <NEW> manhattan </NEW> </PATCH> <PATCH> E04 L049 <OLD> Tampa Bay </OLD> <NEW> Smithtown </NEW> </PATCH>
PPL_DDFABE58A82B,<PATCH> E01 L048 <OLD> timer countdown </OLD> <NEW> time </NEW> </PATCH> <PATCH> E02 L036 <OLD> evenings </OLD> <NEW> ten minutes </NEW> </PATCH> <PATCH> E03 L048 <OLD> clock </OLD> <NEW> time </NEW> </PATCH> <PATCH> E04 L048 <OLD> timer suspend </OLD> <NEW> time </NEW> </PATCH>
PPL_7F72E740335F,<PATCH> E01 L045 <OLD> summer hat </OLD> <NEW> coat </NEW> </PATCH> <PATCH> E02 L045 <OLD> high / low day </OLD> <NEW> coat </NEW> </PATCH> <PATCH> E03 L025 <OLD> Kal dopahar 3 00 bajhe ke liye </OLD> <NEW> kal </NEW> </PATCH>
PPL_77BA67049572,<PATCH> E02 L010 <OLD> monthly numbers </OLD> <NEW> car oil change appointment on sunday august 5th 2018 at 8 am </NEW> </PATCH> <PATCH> E04 L010 <OLD> sarah ko feed 3 : 30 aur 4 : 15 </OLD> <NEW> car oil change appointment on sunday august 5th 2018 at 8 am </NEW> </PATCH>
PPL_9ADB66A67107,<PATCH> E03 L025 <OLD> 20 min pehle </OLD> <NEW> 2 minute se </NEW> </PATCH> <PATCH> E04 L048 <OLD> mere </OLD> <NEW> countdown </NEW> </PATCH>
PPL_BB7868250A03,<PATCH> E04 L048 <OLD> timers </OLD> <NEW> timer </NEW> </PATCH>
PPL_9540AC937201,<PATCH> E03 L052 <OLD> Southern VA </OLD> <NEW> Chicago </NEW> </PATCH>
PPL_33ED5D6C2F0A,<PATCH> E01 L032 <OLD> mere ghar me uske naye jewelry hai </OLD> <NEW> lunch ke liye vo kitne baje milna chahta he. </NEW> </PATCH> <PATCH> E02 L002 <OLD> Kristina </OLD> <NEW> Bob </NEW> </PATCH> <PATCH> E03 L032 <OLD> the movie starts at 7 pm </OLD> <NEW> lunch ke liye vo kitne baje milna chahta he. </NEW> </PATCH> <PATCH> E04 L002 <OLD> Joyce </OLD> <NEW> Bob </NEW> </PATCH>
PPL_B0ACB7833D69,<PATCH> E02 L010 <OLD> Special needs mom </OLD> <NEW> mujhe </NEW> </PATCH> <PATCH> E03 L010 <OLD> cereal khareedne </OLD> <NEW> buy more chips karne ke liye </NEW> </PATCH> <PATCH> E04 L010 <OLD> PTA meeting attend karne ke liye </OLD> <NEW> buy more chips karne </NEW> </PATCH>
PPL_DB54DDDE8232,<PATCH> E01 L025 <OLD> Tuesday 22nd at 7 pm ke liye </OLD> <NEW> do minute </NEW> </PATCH> <PATCH> E02 L025 <OLD> Friday ko 17th may ko </OLD> <NEW> do minute </NEW> </PATCH> <PATCH> E03 L048 <OLD> Count down </OLD> <NEW> timer </NEW> </PATCH> <PATCH> E04 L025 <OLD> monday subah 12 baje ke liye </OLD> <NEW> do minute </NEW> </PATCH>
PPL_D1DE45C918A4,<PATCH> E01 L045 <OLD> wind speed </OLD> <NEW> baarish </NEW> </PATCH> <PATCH> E02 L025 <OLD> 4 AM ke liye </OLD> <NEW> is weekend </NEW> </PATCH>
PPL_3918F577D5F6,<PATCH> E01 L045 <OLD> hat </OLD> <NEW> precipitation </NEW> </PATCH> <PATCH> E02 L025 <OLD> Wednesday ke din 3 pm ke liye </OLD> <NEW> is weekend </NEW> </PATCH> <PATCH> E03 L025 <OLD> 6 June ko midday ko </OLD> <NEW> is weekend </NEW> </PATCH> <PATCH> E04 L025 <OLD> 1 </OLD> <NEW> is weekend </NEW> </PATCH>
PPL_66CF6080BF2F,<PATCH> E03 L048 <OLD> count </OLD> <NEW> timer </NEW> </PATCH> <PATCH> E04 L025 <OLD> Tuesday sham 5 bajhe ke liye </OLD> <NEW> 30 seconds </NEW> </PATCH>
PPL_EBCF8950C4C4,<PATCH> E03 L025 <OLD> Sunnyvale me abhi five minutes ke liye </OLD> <NEW> Selma me 3 pm ko </NEW> </PATCH>
PPL_AA04AEC3A9E7,<PATCH> E02 L024 <OLD> Joshua tree festival </OLD> <NEW> parades </NEW> </PATCH> <PATCH> E03 L025 <OLD> is friday at 11 am ko </OLD> <NEW> Is weekend </NEW> </PATCH> <PATCH> E04 L025 <OLD> January first ko 12 : 01 am ko </OLD> <NEW> Is weekend </NEW> </PATCH>
PPL_49B6B977260C,<PATCH> E03 L025 <OLD> thursday sham 4 : 30 bajhe </OLD> <NEW> aaj dopahar </NEW> </PATCH> <PATCH> E04 L045 <OLD> hurricane </OLD> <NEW> shorts </NEW> </PATCH>
PPL_8373739C7264,<PATCH> E01 L045 <OLD> earthquake </OLD> <NEW> gloomy </NEW> </PATCH> <PATCH> E02 L052 <OLD> strong st </OLD> <NEW> bahar </NEW> </PATCH>
PPL_02AE66F0D9D3,<PATCH> E04 L025 <OLD> January mei first weekend par raat ko Columbus </OLD> <NEW> abhi </NEW> </PATCH>
PPL_F35E9B623F06,<PATCH> E04 L026 <OLD> Hennepin County </OLD> <NEW> mere area </NEW> </PATCH>
PPL_468AF29B1311,"<PATCH> E01 L048 <OLD> snooze </OLD> <NEW> timer </NEW> </PATCH> <PATCH> E04 L048 <OLD> timer, </OLD> <NEW> timer </NEW> </PATCH>"
PPL_BA70FD2D6BF0,<PATCH> E01 L025 <OLD> Charlotte ke liye </OLD> <NEW> issweekend town mei </NEW> </PATCH> <PATCH> E02 L008 <OLD> issweekend new theater </OLD> <NEW> issweekend town </NEW> </PATCH> <PATCH> E03 L024 <OLD> apple picking </OLD> <NEW> Country concerts </NEW> </PATCH> <PATCH> E04 L025 <OLD> Tuesday 11th June ke liye </OLD> <NEW> issweekend town mei </NEW> </PATCH>
PPL_3F3452F8A9D1,<PATCH> E02 L010 <OLD> shuffled songs </OLD> <NEW> freezer se meat baahar nikaalne </NEW> </PATCH> <PATCH> E04 L003 <OLD> Jean </OLD> <NEW> Mujhe </NEW> </PATCH>
PPL_C0E3985F5660,"<PATCH> E01 L049 <OLD> Hattisburg </OLD> <NEW> Dallas </NEW> </PATCH> <PATCH> E04 L019 <OLD> Pittsburgh , PA </OLD> <NEW> Atlanta </NEW> </PATCH>"
PPL_3C571A974782,<PATCH> E01 L048 <OLD> mere timer </OLD> <NEW> timer </NEW> </PATCH> <PATCH> E02 L048 <OLD> Coutndown </OLD> <NEW> timer </NEW> </PATCH> <PATCH> E03 L025 <OLD> 15 seconds </OLD> <NEW> 60 minutes ke liye </NEW> </PATCH> <PATCH> E04 L025 <OLD> kal dopahar 12 baje ke liye </OLD> <NEW> 60 minutes ke liye </NEW> </PATCH>
PPL_BB1C4FDF5DF5,<PATCH> E01 L025 <OLD> subah 6 : 00 baje </OLD> <NEW> kal subah 9 bajhe </NEW> </PATCH> <PATCH> E04 L010 <OLD> mere Sunday school lesson ko plan karne ke liye </OLD> <NEW> rental house mei plumber se milne ka </NEW> </PATCH>
PPL_5EA841AB2C9D,<PATCH> E01 L032 <OLD> what time the party starts </OLD> <NEW> she has to reach on time </NEW> </PATCH> <PATCH> E02 L032 <OLD> she has to reach </OLD> <NEW> what time the party </NEW> </PATCH> <PATCH> E03 L002 <OLD> keri </OLD> <NEW> Chandra </NEW> </PATCH> <PATCH> E04 L032 <OLD> the weather looks great </OLD> <NEW> what time the party </NEW> </PATCH>
PPL_5DAAB175F6E0,<PATCH> E01 L025 <OLD> is coming Saturday </OLD> <NEW> is weekend </NEW> </PATCH> <PATCH> E02 L045 <OLD> 77 </OLD> <NEW> umbrella </NEW> </PATCH> <PATCH> E03 L025 <OLD> party ke doraan </OLD> <NEW> umbrella </NEW> </PATCH> <PATCH> E04 L025 <OLD> 27th July ke liye </OLD> <NEW> is weekend </NEW> </PATCH>
PPL_1023D7C52E04,<PATCH> E02 L045 <OLD> precipitation </OLD> <NEW> Sunglasses </NEW> </PATCH> <PATCH> E03 L025 <OLD> Next weekend </OLD> <NEW> aj </NEW> </PATCH> <PATCH> E04 L025 <OLD> Monday 6:00 am </OLD> <NEW> aj </NEW> </PATCH>
PPL_EA0CDEFFEA7C,<PATCH> E01 L025 <OLD> monday subah 6 bajhe ke liye </OLD> <NEW> aur 15 mins ke liye </NEW> </PATCH> <PATCH> E02 L048 <OLD> counter </OLD> <NEW> time </NEW> </PATCH> <PATCH> E03 L025 <OLD> 10th June ko </OLD> <NEW> aur 15 mins ke liye </NEW> </PATCH>
PPL_C94F0FF1EC57,<PATCH> E01 L025 <OLD> September 5th ko subah 9 bajhe ke liye </OLD> <NEW> next month me </NEW> </PATCH> <PATCH> E02 L033 <OLD> Jlo </OLD> <NEW> Neil Diamond </NEW> </PATCH> <PATCH> E03 L024 <OLD> mass schedule </OLD> <NEW> Neil Diamond ke concerts </NEW> </PATCH> <PATCH> E04 L024 <OLD> Disney on Ice performances </OLD> <NEW> Neil Diamond ke concerts </NEW> </PATCH>
PPL_F388B8B68756,<PATCH> E02 L032 <OLD> where the party is this weekend </OLD> <NEW> Chinese restaurant kitni dur hai. </NEW> </PATCH>
PPL_69F4A407AC1F,<PATCH> E01 L025 <OLD> Saturday 1st june at 7 pm ke liye </OLD> <NEW> March 22nd ko dopahar 3 baje </NEW> </PATCH> <PATCH> E03 L052 <OLD> downtown Truckee </OLD> <NEW> Dublin </NEW> </PATCH>
PPL_DD6F51201E47,<PATCH> E01 L025 <OLD> aaj raat 5 aur 5 . 15 ke liye </OLD> <NEW> August 21st ko </NEW> </PATCH>
PPL_5D2E2FCD78EF,<PATCH> E01 L025 <OLD> Saturday ko 9 am se </OLD> <NEW> kal </NEW> </PATCH> <PATCH> E03 L052 <OLD> the 405 north </OLD> <NEW> route 413 </NEW> </PATCH>
PPL_3540D1330480,<PATCH> E01 L032 <OLD> I ' m in charge of the appetizers </OLD> <NEW> uski party kab hone wali hai </NEW> </PATCH> <PATCH> E02 L032 <OLD> I had a good night last night </OLD> <NEW> uski party kab hone wali hai </NEW> </PATCH>
PPL_A2D9087B4AA4,<PATCH> E01 L045 <OLD> short sleeve shirt </OLD> <NEW> 48 </NEW> </PATCH> <PATCH> E02 L060 <OLD> centigrade </OLD> <NEW> fahrenheit </NEW> </PATCH> <PATCH> E04 L025 <OLD> saturday raat 6 baje </OLD> <NEW> is weekend </NEW> </PATCH>
PPL_5C86DCE00EFD,<PATCH> E02 L010 <OLD> todd Kayla ke brithday </OLD> <NEW> Mujhe mujhe aur waqt chahiye karne </NEW> </PATCH>
PPL_C3BE8653D27B,<PATCH> E01 L002 <OLD> Duncan </OLD> <NEW> Rebecca </NEW> </PATCH> <PATCH> E02 L032 <OLD> my birthday is in 7 days </OLD> <NEW> I miss her </NEW> </PATCH>
PPL_5BE48131ABC2,<PATCH> E03 L002 <OLD> joshy </OLD> <NEW> Brooke </NEW> </PATCH> <PATCH> E04 L032 <OLD> andey pickup karne </OLD> <NEW> I ' ll email her the log - in instructions </NEW> </PATCH>
PPL_7E5DC9096AFE,"<PATCH> E02 L019 <OLD> Madera , Ca </OLD> <NEW> Orlando </NEW> </PATCH> <PATCH> E04 L019 <OLD> Tehachapi Ca </OLD> <NEW> Louisville </NEW> </PATCH>"
PPL_C9C1E288A89B,<PATCH> E01 L048 <OLD> stopwatch timer </OLD> <NEW> count down </NEW> </PATCH> <PATCH> E02 L048 <OLD> count down </OLD> <NEW> count down </NEW> </PATCH> <PATCH> E03 L048 <OLD> countdown timer </OLD> <NEW> count down </NEW> </PATCH> <PATCH> E04 L048 <OLD> 12 minutes ka count down </OLD> <NEW> 30 seconds </NEW> </PATCH>
PPL_B916B10BAB92,<PATCH> E02 L048 <OLD> 2 hours </OLD> <NEW> timer </NEW> </PATCH> <PATCH> E03 L025 <OLD> agle weekend se pehle </OLD> <NEW> 30 seconds </NEW> </PATCH> <PATCH> E04 L025 <OLD> 2028 ke liye </OLD> <NEW> 30 seconds </NEW> </PATCH>
PPL_89AC2D66E7DA,"<PATCH> E01 L045 <OLD> heater </OLD> <NEW> baarish </NEW> </PATCH> <PATCH> E04 L052 <OLD> hydrabad , India </OLD> <NEW> Atlanta Hartsfield Aiport </NEW> </PATCH>"
PPL_225F5039A3D4,<PATCH> E01 L023 <OLD> 4 00 p . m ko </OLD> <NEW> tuesday </NEW> </PATCH> <PATCH> E02 L003 <OLD> Edward </OLD> <NEW> meri </NEW> </PATCH> <PATCH> E04 L010 <OLD> adelynn ke gymnastics </OLD> <NEW> meri appointentment </NEW> </PATCH>
PPL_6BE9A75BFE0D,<PATCH> E01 L025 <OLD> 5 : 45 ko </OLD> <NEW> aaj </NEW> </PATCH>
PPL_43E75C106655,<PATCH> E03 L025 <OLD> Thursday raat 9 baje </OLD> <NEW> for 2 minutes </NEW> </PATCH>
PPL_4204E2901936,<PATCH> E02 L032 <OLD> mujhe thursday ke din perm lene aur pucho </OLD> <NEW> not to worry about my food allergies I will bring my own </NEW> </PATCH> <PATCH> E04 L002 <OLD> andrea </OLD> <NEW> Pattie </NEW> </PATCH>
PPL_1F8475622A30,<PATCH> E02 L025 <OLD> 60 mins ke liye </OLD> <NEW> agley haftey </NEW> </PATCH> <PATCH> E04 L045 <OLD> degrees driest </OLD> <NEW> thand </NEW> </PATCH>
PPL_530B850972AB,<PATCH> E01 L025 <OLD> thursday ki midnight ke liye </OLD> <NEW> dopaher 2 baje </NEW> </PATCH> <PATCH> E02 L052 <OLD> Savannah Georgia </OLD> <NEW> Houston </NEW> </PATCH> <PATCH> E04 L052 <OLD> New Rochelle </OLD> <NEW> Houston </NEW> </PATCH>
PPL_D863DED697A8,<PATCH> E02 L010 <OLD> sales meeting </OLD> <NEW> dekhne ke liye </NEW> </PATCH> <PATCH> E04 L025 <OLD> february 2018 mei </OLD> <NEW> next weeks ko </NEW> </PATCH>
PPL_330A23297330,<PATCH> E02 L032 <OLD> aaj great night hai </OLD> <NEW> mujse walmart me milne </NEW> </PATCH> <PATCH> E04 L002 <OLD> Professor Smith </OLD> <NEW> Johnny </NEW> </PATCH>
PPL_7D4DEDDE3CD2,<PATCH> E01 L025 <OLD> aaj raat 5 aur 5 . 15 ke liye </OLD> <NEW> aane waale Saturday ke liye </NEW> </PATCH> <PATCH> E02 L035 <OLD> Jackson </OLD> <NEW> mere </NEW> </PATCH> <PATCH> E03 L025 <OLD> 10mins </OLD> <NEW> aane waale Saturday ke liye </NEW> </PATCH>
PPL_1163D46CF023,<PATCH> E02 L046 <OLD> Spanish </OLD> <NEW> kal </NEW> </PATCH> <PATCH> E04 L025 <OLD> monthly </OLD> <NEW> kal </NEW> </PATCH>
PPL_5464CA1B139E,<PATCH> E02 L025 <OLD> kal subha 4 : 45 AM ke liye </OLD> <NEW> Aaj shaam 6 baje se </NEW> </PATCH> <PATCH> E03 L023 <OLD> 10 me </OLD> <NEW> aaj shaam 9 baje tak </NEW> </PATCH> <PATCH> E04 L010 <OLD> kachra nikalne ke liye </OLD> <NEW> groceries lene jane ke liye </NEW> </PATCH>
